# Noesis .obj export.
#
mtllib unused.mtl
g
v  -18.039772 27.833118 -5.035459
v  -17.003632 18.726473 -4.931551
v  -14.292725 27.209272 -2.451480
v  -13.776056 27.123762 -11.322314
v  -14.199604 18.742033 -9.932463
v  -16.814878 18.720842 -8.820503
v  -17.587450 27.641785 -10.219178
v  -14.292725 27.209272 -2.451480
v  -14.022125 18.720835 -2.681723
v  -10.850866 18.758362 -4.238176
v  -9.451047 26.249456 -4.008857
v  -9.451047 26.249456 -4.008857
v  -10.850866 18.758362 -4.238176
v  -10.964012 18.807011 -7.720105
v  -9.267655 26.295479 -8.832583
v  -9.267655 26.295479 -8.832583
v  -10.964012 18.807011 -7.720105
v  -14.199604 18.742033 -9.932463
v  -13.776056 27.123762 -11.322314
v  -17.587450 27.641785 -10.219178
v  -18.039772 27.833118 -5.035459
v  -17.963615 38.145752 -3.433587
v  -17.412622 36.880936 -9.736188
v  -18.039772 27.833118 -5.035459
v  -14.292725 27.209272 -2.451480
v  -14.070406 37.672604 0.201697
v  -17.963615 38.145752 -3.433587
v  -13.776056 27.123762 -11.322314
v  -17.587450 27.641785 -10.219178
v  -17.412622 36.880936 -9.736188
v  -12.815220 36.856663 -10.953378
v  -14.292725 27.209272 -2.451480
v  -9.451047 26.249456 -4.008857
v  -7.988711 35.461205 -2.355159
v  -14.070406 37.672604 0.201697
v  -9.451047 26.249456 -4.008857
v  -9.267655 26.295479 -8.832583
v  -7.623213 35.799683 -7.593982
v  -7.988711 35.461205 -2.355159
v  -9.267655 26.295479 -8.832583
v  -13.776056 27.123762 -11.322314
v  -12.815220 36.856663 -10.953378
v  -7.623213 35.799683 -7.593982
v  -17.412622 36.880936 -9.736188
v  -17.963615 38.145752 -3.433587
v  -17.011150 43.459000 -1.249029
v  -17.963615 38.145752 -3.433587
v  -14.070406 37.672604 0.201697
v  -13.587766 43.405304 1.256412
v  -12.815220 36.856663 -10.953378
v  -17.412622 36.880936 -9.736188
v  -16.699923 44.856396 -5.049690
v  -14.070406 37.672604 0.201697
v  -7.988711 35.461205 -2.355159
v  -8.418014 42.774357 -0.407797
v  -7.988711 35.461205 -2.355159
v  -7.623213 35.799683 -7.593982
v  -8.124599 43.321022 -4.497616
v  -7.623213 35.799683 -7.593982
v  -12.815220 36.856663 -10.953378
v  -12.622686 45.127953 -6.415051
v  -15.751520 60.823078 -5.288525
v  -15.896706 53.555565 -4.152369
v  -16.752546 60.357685 0.139644
v  -16.752546 60.357685 0.139644
v  -16.257191 52.954468 0.244281
v  -11.583297 60.964710 4.563923
v  -10.822405 61.734829 -8.175749
v  -11.631399 53.635868 -5.741369
v  -15.751520 60.823078 -5.288525
v  -11.583297 60.964710 4.563923
v  -12.392406 52.544434 3.211110
v  -4.549857 61.330910 2.160061
v  -4.549857 61.330910 2.160061
v  -6.589682 52.984009 1.369046
v  -3.946924 61.030991 -5.330077
v  -3.946924 61.030991 -5.330077
v  -6.232483 53.555080 -3.464591
v  -10.822405 61.734829 -8.175749
v  -15.751520 60.823078 -5.288525
v  -16.752546 60.357685 0.139644
v  -17.247702 65.230759 0.385899
v  -16.255402 65.858574 -6.390034
v  -11.583297 60.964710 4.563923
v  -11.575177 65.181038 4.720183
v  -17.247702 65.230759 0.385899
v  -16.752546 60.357685 0.139644
v  -10.822405 61.734829 -8.175749
v  -15.751520 60.823078 -5.288525
v  -16.255402 65.858574 -6.390034
v  -10.195457 66.365593 -9.184709
v  -24.303808 130.718002 -9.135774
v  -20.031263 130.438858 -9.147409
v  -23.810305 130.894516 -5.718153
v  -24.233515 133.364731 -10.849800
v  -19.832966 132.753616 -11.148906
v  -24.303808 130.718002 -9.135774
v  -24.875441 135.385880 -10.245757
v  -19.021200 135.894287 -10.491499
v  -24.233515 133.364731 -10.849800
v  -25.533195 136.113647 -7.985425
v  -19.061756 136.962448 -7.628691
v  -24.875441 135.385880 -10.245757
v  -24.799288 135.635361 -6.111796
v  -19.126793 135.758209 -4.595215
v  -25.533195 136.113647 -7.985425
v  -24.305620 133.308548 -4.946620
v  -19.976269 133.248657 -3.871047
v  -24.799288 135.635361 -6.111796
v  -23.810305 130.894516 -5.718153
v  -18.946268 130.422607 -5.423193
v  -24.305620 133.308548 -4.946620
v  -24.303808 130.718002 -9.135774
v  -23.810305 130.894516 -5.718153
v  -33.653137 131.431366 -6.092306
v  -24.233515 133.364731 -10.849800
v  -24.303808 130.718002 -9.135774
v  -33.323185 130.773041 -8.707793
v  -24.875441 135.385880 -10.245757
v  -24.233515 133.364731 -10.849800
v  -32.130432 132.633545 -11.024126
v  -25.533195 136.113647 -7.985425
v  -24.875441 135.385880 -10.245757
v  -32.497509 135.276794 -10.387918
v  -24.799288 135.635361 -6.111796
v  -25.533195 136.113647 -7.985425
v  -32.814983 136.447357 -8.852853
v  -24.305620 133.308548 -4.946620
v  -24.799288 135.635361 -6.111796
v  -33.146065 136.046417 -6.771608
v  -23.810305 130.894516 -5.718153
v  -24.305620 133.308548 -4.946620
v  -33.484718 133.548874 -5.446488
v  -46.729874 131.002274 -7.655802
v  -40.639801 130.569946 -9.222352
v  -46.495411 131.283066 -5.241731
v  -46.837669 133.076920 -10.029893
v  -40.854099 133.033035 -10.985859
v  -46.729874 131.002274 -7.655802
v  -47.000488 135.481079 -9.791018
v  -41.141586 135.543381 -11.023540
v  -46.837669 133.076920 -10.029893
v  -47.046062 136.711868 -8.148932
v  -40.872799 136.824982 -9.192790
v  -47.000488 135.481079 -9.791018
v  -46.761303 136.660080 -5.410805
v  -40.457943 136.718903 -6.841690
v  -47.046062 136.711868 -8.148932
v  -46.300686 133.903534 -4.106761
v  -40.714714 134.446991 -5.659132
v  -46.761303 136.660080 -5.410805
v  -46.495411 131.283066 -5.241731
v  -39.679825 130.958939 -6.325162
v  -46.300686 133.903534 -4.106761
v  -46.495411 131.283066 -5.241731
v  -53.375328 132.564499 -4.273316
v  -53.576759 132.285934 -5.915188
v  -46.729874 131.002274 -7.655802
v  -46.729874 131.002274 -7.655802
v  -53.576759 132.285934 -5.915188
v  -53.642384 133.384140 -7.604293
v  -46.837669 133.076920 -10.029893
v  -47.000488 135.481079 -9.791018
v  -46.837669 133.076920 -10.029893
v  -53.642384 133.384140 -7.604293
v  -47.046062 136.711868 -8.148932
v  -47.000488 135.481079 -9.791018
v  -53.910736 135.065292 -7.522607
v  -46.761303 136.660080 -5.410805
v  -47.046062 136.711868 -8.148932
v  -53.982574 136.167603 -6.140402
v  -46.761303 136.660080 -5.410805
v  -53.782158 136.128555 -4.424972
v  -53.313820 133.990677 -3.404446
v  -46.300686 133.903534 -4.106761
v  -46.300686 133.903534 -4.106761
v  -53.313820 133.990677 -3.404446
v  -53.375328 132.564499 -4.273316
v  -46.495411 131.283066 -5.241731
v  -10.195457 66.365593 -9.184709
v  -2.866425 64.865341 -5.797867
v  -3.946924 61.030991 -5.330077
v  -10.822405 61.734829 -8.175749
v  -17.187889 70.032700 0.707501
v  -17.550425 75.917839 1.337690
v  -16.478090 76.690254 -7.795642
v  -16.125465 70.778259 -7.162142
v  -11.551552 69.290916 5.325442
v  -11.656011 75.138512 5.685355
v  -17.550425 75.917839 1.337690
v  -17.187889 70.032700 0.707501
v  -16.125465 70.778259 -7.162142
v  -16.478090 76.690254 -7.795642
v  -9.508246 71.252205 -10.124634
v  -11.551552 69.290916 5.325442
v  -11.575177 65.181038 4.720183
v  -3.359718 65.079361 2.212625
v  0.000078 145.004395 7.723183
v  0.000079 146.297623 6.783117
v  -0.342818 146.082443 6.665119
v  -0.684554 144.815659 7.348401
v  -0.122479 147.507538 5.917392
v  0.000081 147.539673 6.151797
v  0.000083 148.646423 6.515528
v  -1.585057 148.465500 6.360419
v  -1.585057 148.465500 6.360419
v  0.000083 148.646423 6.515528
v  0.000089 153.132324 5.996245
v  -2.013828 152.663727 5.975017
v  -0.684554 144.815659 7.348401
v  -0.342818 146.082443 6.665119
v  -1.005048 145.827011 5.979442
v  -2.626720 147.245605 4.882664
v  -0.122479 147.507538 5.917392
v  -1.585057 148.465500 6.360419
v  -3.359662 148.713211 5.495019
v  -2.626720 147.245605 4.882664
v  -3.359662 148.713211 5.495019
v  -4.369794 148.448318 4.562242
v  -4.869985 147.599777 3.949082
v  -0.122479 147.507538 5.917392
v  -2.626720 147.245605 4.882664
v  -1.759601 146.458755 5.665585
v  -2.626720 147.245605 4.882664
v  -4.869985 147.599777 3.949082
v  -4.650667 146.382492 4.491057
v  -1.759601 146.458755 5.665585
v  -3.359662 148.713211 5.495019
v  -1.585057 148.465500 6.360419
v  -2.013828 152.663727 5.975017
v  -3.658124 152.037277 5.189942
v  -4.369794 148.448318 4.562242
v  -3.359662 148.713211 5.495019
v  -3.658124 152.037277 5.189942
v  -5.120531 151.269180 3.695880
v  -4.869985 147.599777 3.949082
v  -4.369794 148.448318 4.562242
v  -5.120531 151.269180 3.695880
v  -6.041619 148.953094 1.814679
v  -4.650667 146.382492 4.491057
v  -4.869985 147.599777 3.949082
v  -6.041619 148.953094 1.814679
v  -5.755673 146.982590 2.063163
v  0.000089 153.132324 5.996245
v  0.000092 155.484253 4.757259
v  -1.870245 155.234818 4.446436
v  -2.013828 152.663727 5.975017
v  -3.658124 152.037277 5.189942
v  -2.013828 152.663727 5.975017
v  -1.870245 155.234818 4.446436
v  -3.894445 154.359344 3.456522
v  -5.120531 151.269180 3.695880
v  -3.658124 152.037277 5.189942
v  -3.894445 154.359344 3.456522
v  -5.575841 152.661453 1.773509
v  -6.041619 148.953094 1.814679
v  -5.120531 151.269180 3.695880
v  -5.575841 152.661453 1.773509
v  -6.396188 149.529892 -0.113558
v  -6.041619 148.953094 1.814679
v  -6.396188 149.529892 -0.113558
v  -6.090510 147.905319 0.186973
v  -5.755673 146.982590 2.063163
v  -6.090510 147.905319 0.186973
v  -6.530707 147.798874 -1.501688
v  -6.268580 145.731247 -1.706700
v  -5.755673 146.982590 2.063163
v  -2.043278 156.765320 2.065095
v  0.000094 157.046494 2.754225
v  0.000095 157.805435 -2.885474
v  -2.512444 157.258682 -2.869938
v  -4.074170 155.761063 0.838858
v  -2.043278 156.765320 2.065095
v  -2.512444 157.258682 -2.869938
v  -4.305021 156.047852 -3.190636
v  -5.938884 153.252197 -0.725700
v  -4.074170 155.761063 0.838858
v  -4.305021 156.047852 -3.190636
v  -6.090398 153.251999 -3.927048
v  -6.653947 150.100708 -2.216538
v  -5.938884 153.252197 -0.725700
v  -6.090398 153.251999 -3.927048
v  -6.476065 150.116364 -4.274140
v  0.000095 157.805435 -2.885474
v  0.000094 156.518661 -7.848575
v  -2.787530 155.857239 -6.951298
v  -2.512444 157.258682 -2.869938
v  -4.305021 156.047852 -3.190636
v  -2.512444 157.258682 -2.869938
v  -2.787530 155.857239 -6.951298
v  -5.251220 153.987946 -6.560294
v  -6.090398 153.251999 -3.927048
v  -4.305021 156.047852 -3.190636
v  -5.251220 153.987946 -6.560294
v  -6.130936 151.981094 -6.008902
v  -6.476065 150.116364 -4.274140
v  -6.090398 153.251999 -3.927048
v  -6.130936 151.981094 -6.008902
v  -6.476065 150.116364 -4.274140
v  -6.130936 151.981094 -6.008902
v  -5.488721 149.061478 -7.073309
v  -6.424466 148.232635 -5.047449
v  -6.424466 148.232635 -5.047449
v  -5.488721 149.061478 -7.073309
v  -3.138018 146.135406 -7.401354
v  -6.530707 147.798874 -1.501688
v  -7.124932 149.709564 -2.291288
v  -7.621417 150.255356 -4.103085
v  -7.341385 148.128799 -4.950383
v  -7.341385 148.128799 -4.950383
v  -7.621417 150.255356 -4.103085
v  -6.476065 150.116364 -4.274140
v  -6.424466 148.232635 -5.047449
v  -2.787530 155.857239 -6.951298
v  0.000094 156.518661 -7.848575
v  0.000087 151.572830 -10.134920
v  -3.131652 151.546371 -9.358582
v  -5.251220 153.987946 -6.560294
v  -2.787530 155.857239 -6.951298
v  -3.131652 151.546371 -9.358582
v  -5.173493 151.408585 -7.598425
v  -3.131652 151.546371 -9.358582
v  0.000087 151.572830 -10.134920
v  0.000079 146.281738 -8.782054
v  -3.131652 151.546371 -9.358582
v  -3.138018 146.135406 -7.401354
v  -5.173493 151.408585 -7.598425
v  -5.173493 151.408585 -7.598425
v  -5.488721 149.061478 -7.073309
v  -6.130936 151.981094 -6.008902
v  -5.251220 153.987946 -6.560294
v  -6.530707 147.798874 -1.501688
v  -6.653947 150.100708 -2.216538
v  -7.124932 149.709564 -2.291288
v  -6.653947 150.100708 -2.216538
v  -6.476065 150.116364 -4.274140
v  -7.621417 150.255356 -4.103085
v  -7.124932 149.709564 -2.291288
v  -0.122479 147.507538 5.917392
v  -1.759601 146.458755 5.665585
v  -1.005048 145.827011 5.979442
v  -0.342818 146.082443 6.665119
v  -1.005048 145.827011 5.979442
v  -1.759601 146.458755 5.665585
v  -4.650667 146.382492 4.491057
v  -2.043278 156.765320 2.065095
v  -4.074170 155.761063 0.838858
v  -3.894445 154.359344 3.456522
v  -1.870245 155.234818 4.446436
v  -4.074170 155.761063 0.838858
v  -5.938884 153.252197 -0.725700
v  -5.575841 152.661453 1.773509
v  -3.894445 154.359344 3.456522
v  -5.938884 153.252197 -0.725700
v  -6.653947 150.100708 -2.216538
v  -6.396188 149.529892 -0.113558
v  -5.575841 152.661453 1.773509
v  -6.396188 149.529892 -0.113558
v  -6.653947 150.100708 -2.216538
v  -6.530707 147.798874 -1.501688
v  -6.090510 147.905319 0.186973
v  -11.551552 69.290916 5.325442
v  -2.651147 69.752838 2.585729
v  -2.031768 74.638542 2.259987
v  -17.187889 70.032700 0.707501
v  -16.125465 70.778259 -7.162142
v  -16.255402 65.858574 -6.390034
v  -17.247702 65.230759 0.385899
v  -11.551552 69.290916 5.325442
v  -17.187889 70.032700 0.707501
v  -17.247702 65.230759 0.385899
v  -11.575177 65.181038 4.720183
v  -16.125465 70.778259 -7.162142
v  -9.508246 71.252205 -10.124634
v  -10.195457 66.365593 -9.184709
v  -16.255402 65.858574 -6.390034
v  -10.195457 66.365593 -9.184709
v  -9.508246 71.252205 -10.124634
v  -2.311287 69.856262 -6.248998
v  -11.583297 60.964710 4.563923
v  -4.549857 61.330910 2.160061
v  -3.359718 65.079361 2.212625
v  -11.575177 65.181038 4.720183
v  0.000081 147.539673 6.151797
v  -0.122479 147.507538 5.917392
v  -0.342818 146.082443 6.665119
v  0.000079 146.297623 6.783117
v  0.000094 157.046494 2.754225
v  -2.043278 156.765320 2.065095
v  -1.870245 155.234818 4.446436
v  0.000092 155.484253 4.757259
v  15.751444 60.823029 -5.288524
v  15.818573 65.987175 -6.390033
v  17.108900 65.357643 0.385900
v  16.752468 60.357635 0.139645
v  17.108900 65.357643 0.385900
v  11.575112 65.181007 4.720182
v  11.583220 60.964672 4.563923
v  16.752468 60.357635 0.139645
v  10.822332 61.734795 -8.175749
v  10.195397 66.365555 -9.184709
v  15.818573 65.987175 -6.390033
v  15.751444 60.823029 -5.288524
v  24.303921 130.717941 -9.135771
v  33.323296 130.772949 -8.707790
v  33.653255 131.431274 -6.092303
v  23.810417 130.894440 -5.718151
v  24.233635 133.364670 -10.849797
v  32.130550 132.633453 -11.024123
v  33.323296 130.772949 -8.707790
v  24.303921 130.717941 -9.135771
v  24.875566 135.385818 -10.245754
v  32.497635 135.276703 -10.387914
v  32.130550 132.633453 -11.024123
v  24.233635 133.364670 -10.849797
v  25.533323 136.113571 -7.985423
v  32.815109 136.447266 -8.852849
v  32.497635 135.276703 -10.387914
v  24.875566 135.385818 -10.245754
v  24.799414 135.635284 -6.111793
v  33.146191 136.046326 -6.771605
v  32.815109 136.447266 -8.852849
v  25.533323 136.113571 -7.985423
v  24.305740 133.308472 -4.946618
v  33.484837 133.548798 -5.446485
v  33.146191 136.046326 -6.771605
v  24.799414 135.635284 -6.111793
v  23.810417 130.894440 -5.718151
v  33.653255 131.431274 -6.092303
v  33.484837 133.548798 -5.446485
v  24.305740 133.308472 -4.946618
v  46.729988 131.002167 -7.655798
v  53.576881 132.285812 -5.915184
v  46.495529 131.282944 -5.241727
v  46.837791 133.076813 -10.029888
v  53.642506 133.384018 -7.604289
v  46.729988 131.002167 -7.655798
v  47.000618 135.480972 -9.791014
v  53.910866 135.065170 -7.522603
v  53.642506 133.384018 -7.604289
v  46.837791 133.076813 -10.029888
v  47.046196 136.711761 -8.148928
v  53.982704 136.167480 -6.140397
v  53.910866 135.065170 -7.522603
v  47.000618 135.480972 -9.791014
v  46.761433 136.659958 -5.410801
v  53.782288 136.128433 -4.424968
v  53.982704 136.167480 -6.140397
v  47.046196 136.711761 -8.148928
v  46.300812 133.903427 -4.106756
v  53.313946 133.990555 -3.404441
v  46.761433 136.659958 -5.410801
v  46.495529 131.282944 -5.241727
v  53.375450 132.564377 -4.273312
v  46.300812 133.903427 -4.106756
v  3.438731 62.408848 -5.330076
v  3.010756 65.399063 -5.797867
v  10.195397 66.365555 -9.184709
v  10.822332 61.734795 -8.175749
v  17.187838 70.032646 0.707502
v  16.125416 70.778214 -7.162141
v  16.478060 76.690208 -7.795640
v  11.551498 69.290878 5.325442
v  17.187838 70.032646 0.707502
v  17.550390 75.917786 1.337691
v  16.125416 70.778214 -7.162141
v  9.508201 71.252174 -10.124634
v  16.478060 76.690208 -7.795640
v  11.551498 69.290878 5.325442
v  2.651095 69.752831 2.585728
v  3.504048 65.116714 2.212623
v  11.575112 65.181007 4.720182
v  0.684709 144.815659 7.348401
v  0.000078 145.004395 7.723183
v  0.000076 143.876297 6.909630
v  0.342976 146.082443 6.665119
v  0.000079 146.297623 6.783117
v  0.000078 145.004395 7.723183
v  0.684709 144.815659 7.348401
v  0.122641 147.507538 5.917392
v  1.585222 148.465500 6.360419
v  0.000083 148.646423 6.515528
v  0.000081 147.539673 6.151797
v  1.585222 148.465500 6.360419
v  2.014004 152.663727 5.975017
v  0.000089 153.132324 5.996245
v  0.000083 148.646423 6.515528
v  0.684709 144.815659 7.348401
v  1.057769 144.018204 6.510132
v  1.005206 145.827011 5.979442
v  0.342976 146.082443 6.665119
v  2.626882 147.245605 4.882664
v  3.359827 148.713211 5.495019
v  1.585222 148.465500 6.360419
v  0.122641 147.507538 5.917392
v  2.626882 147.245605 4.882664
v  4.870148 147.599762 3.949082
v  4.369959 148.448303 4.562242
v  3.359827 148.713211 5.495019
v  0.122641 147.507538 5.917392
v  1.759761 146.458755 5.665585
v  2.626882 147.245605 4.882664
v  4.650826 146.382477 4.491056
v  4.870148 147.599762 3.949082
v  2.626882 147.245605 4.882664
v  1.759761 146.458755 5.665585
v  1.005206 145.827011 5.979442
v  1.057769 144.018204 6.510132
v  4.395127 144.980942 4.820846
v  4.650826 146.382477 4.491056
v  4.395127 144.980942 4.820846
v  5.755834 146.982574 2.063163
v  3.359827 148.713211 5.495019
v  3.658298 152.037277 5.189942
v  2.014004 152.663727 5.975017
v  1.585222 148.465500 6.360419
v  4.369959 148.448303 4.562242
v  5.120704 151.269165 3.695880
v  3.658298 152.037277 5.189942
v  3.359827 148.713211 5.495019
v  4.870148 147.599762 3.949082
v  6.041785 148.953079 1.814679
v  5.120704 151.269165 3.695880
v  4.369959 148.448303 4.562242
v  4.650826 146.382477 4.491056
v  5.755834 146.982574 2.063163
v  6.041785 148.953079 1.814679
v  4.870148 147.599762 3.949082
v  1.870429 155.234818 4.446436
v  0.000092 155.484253 4.757259
v  0.000089 153.132324 5.996245
v  2.014004 152.663727 5.975017
v  3.658298 152.037277 5.189942
v  3.894626 154.359329 3.456522
v  1.870429 155.234818 4.446436
v  2.014004 152.663727 5.975017
v  5.120704 151.269165 3.695880
v  5.576017 152.661438 1.773509
v  3.894626 154.359329 3.456522
v  3.658298 152.037277 5.189942
v  6.041785 148.953079 1.814679
v  6.396356 149.529877 -0.113558
v  5.576017 152.661438 1.773509
v  5.120704 151.269165 3.695880
v  6.090673 147.905304 0.186973
v  6.396356 149.529877 -0.113558
v  6.041785 148.953079 1.814679
v  5.755834 146.982574 2.063163
v  5.755834 146.982574 2.063163
v  6.268737 145.731232 -1.706700
v  6.090673 147.905304 0.186973
v  2.043466 156.765305 2.065095
v  2.512633 157.258682 -2.869938
v  0.000095 157.805435 -2.885474
v  0.000094 157.046494 2.754225
v  4.074355 155.761047 0.838858
v  4.305207 156.047836 -3.190636
v  2.512633 157.258682 -2.869938
v  2.043466 156.765305 2.065095
v  5.939062 153.252182 -0.725700
v  6.090576 153.251984 -3.927048
v  4.305207 156.047836 -3.190636
v  4.074355 155.761047 0.838858
v  6.654116 150.100693 -2.216538
v  6.476234 150.116333 -4.274141
v  6.090576 153.251984 -3.927048
v  5.939062 153.252182 -0.725700
v  2.787716 155.857239 -6.951298
v  0.000094 156.518661 -7.848575
v  0.000095 157.805435 -2.885474
v  2.512633 157.258682 -2.869938
v  4.305207 156.047836 -3.190636
v  5.251400 153.987930 -6.560294
v  2.787716 155.857239 -6.951298
v  2.512633 157.258682 -2.869938
v  6.090576 153.251984 -3.927048
v  6.131110 151.981079 -6.008902
v  5.251400 153.987930 -6.560294
v  4.305207 156.047836 -3.190636
v  6.476234 150.116333 -4.274141
v  6.131110 151.981079 -6.008902
v  6.090576 153.251984 -3.927048
v  6.476234 150.116333 -4.274141
v  6.424630 148.232605 -5.047449
v  5.488887 149.061462 -7.073309
v  6.131110 151.981079 -6.008902
v  6.424630 148.232605 -5.047449
v  5.526606 145.209091 -3.896850
v  3.138176 146.135391 -7.401354
v  5.488887 149.061462 -7.073309
v  6.530870 147.798859 -1.501688
v  7.341548 148.128769 -4.950383
v  7.621587 150.255325 -4.103085
v  7.125100 149.709549 -2.291288
v  6.530870 147.798859 -1.501688
v  6.268737 145.731232 -1.706700
v  7.341548 148.128769 -4.950383
v  7.341548 148.128769 -4.950383
v  6.424630 148.232605 -5.047449
v  6.476234 150.116333 -4.274141
v  7.621587 150.255325 -4.103085
v  7.341548 148.128769 -4.950383
v  6.563718 145.647125 -3.330074
v  6.424630 148.232605 -5.047449
v  2.787716 155.857239 -6.951298
v  3.131825 151.546356 -9.358582
v  0.000087 151.572830 -10.134920
v  0.000094 156.518661 -7.848575
v  5.251400 153.987930 -6.560294
v  5.173666 151.408569 -7.598425
v  3.131825 151.546356 -9.358582
v  2.787716 155.857239 -6.951298
v  3.131825 151.546356 -9.358582
v  3.138176 146.135391 -7.401354
v  0.000079 146.281738 -8.782054
v  0.000087 151.572830 -10.134920
v  5.488887 149.061462 -7.073309
v  3.138176 146.135391 -7.401354
v  5.173666 151.408569 -7.598425
v  6.131110 151.981079 -6.008902
v  5.488887 149.061462 -7.073309
v  5.173666 151.408569 -7.598425
v  5.251400 153.987930 -6.560294
v  6.530870 147.798859 -1.501688
v  7.125100 149.709549 -2.291288
v  6.654116 150.100693 -2.216538
v  6.654116 150.100693 -2.216538
v  7.125100 149.709549 -2.291288
v  7.621587 150.255325 -4.103085
v  6.476234 150.116333 -4.274141
v  1.005206 145.827011 5.979442
v  1.759761 146.458755 5.665585
v  0.122641 147.507538 5.917392
v  0.342976 146.082443 6.665119
v  1.005206 145.827011 5.979442
v  4.395127 144.980942 4.820846
v  4.650826 146.382477 4.491056
v  1.759761 146.458755 5.665585
v  3.894626 154.359329 3.456522
v  4.074355 155.761047 0.838858
v  2.043466 156.765305 2.065095
v  1.870429 155.234818 4.446436
v  5.576017 152.661438 1.773509
v  5.939062 153.252182 -0.725700
v  4.074355 155.761047 0.838858
v  3.894626 154.359329 3.456522
v  6.396356 149.529877 -0.113558
v  6.654116 150.100693 -2.216538
v  5.939062 153.252182 -0.725700
v  5.576017 152.661438 1.773509
v  6.396356 149.529877 -0.113558
v  6.090673 147.905304 0.186973
v  6.530870 147.798859 -1.501688
v  6.654116 150.100693 -2.216538
v  17.108900 65.357643 0.385900
v  15.818573 65.987175 -6.390033
v  16.125416 70.778214 -7.162141
v  17.187838 70.032646 0.707502
v  17.108900 65.357643 0.385900
v  17.187838 70.032646 0.707502
v  11.551498 69.290878 5.325442
v  11.575112 65.181007 4.720182
v  10.195397 66.365555 -9.184709
v  9.508201 71.252174 -10.124634
v  16.125416 70.778214 -7.162141
v  15.818573 65.987175 -6.390033
v  10.195397 66.365555 -9.184709
v  3.010756 65.399063 -5.797867
v  2.311237 69.856247 -6.248999
v  11.575112 65.181007 4.720182
v  3.504048 65.116714 2.212623
v  11.583220 60.964672 4.563923
v  4.367378 61.162922 2.160060
v  3.504048 65.116714 2.212623
v  3.438731 62.408848 -5.330076
v  0.000081 147.539673 6.151797
v  0.000079 146.297623 6.783117
v  0.342976 146.082443 6.665119
v  0.122641 147.507538 5.917392
v  0.000094 157.046494 2.754225
v  0.000092 155.484253 4.757259
v  1.870429 155.234818 4.446436
v  2.043466 156.765305 2.065095
v  -10.221866 3.591369 -7.667895
v  -10.829918 3.404910 -4.542501
v  -10.904340 0.239821 -3.461765
v  -14.392393 0.044954 -10.258787
v  -14.826818 4.006091 -10.517872
v  -11.219090 0.119483 -7.857692
v  -14.392393 0.044954 -10.258787
v  -11.219090 0.119483 -7.857692
v  -17.336044 0.089980 -8.207127
v  14.609551 39.348957 -4.153771
v  16.227894 44.303341 -4.737428
v  15.096109 38.634781 -1.928529
v  15.096109 38.634781 -1.928529
v  16.501993 43.072647 -1.390155
v  13.365873 38.605400 -0.557381
v  12.868835 39.474503 -4.784961
v  12.637039 44.542519 -5.993480
v  14.609551 39.348957 -4.153771
v  13.365873 38.605400 -0.557381
v  13.486989 43.025364 0.816407
v  10.752995 38.260109 -1.468149
v  10.752995 38.260109 -1.468149
v  8.933946 42.469692 -0.649275
v  10.604698 38.559280 -3.706376
v  10.604698 38.559280 -3.706376
v  8.675534 42.951149 -4.251212
v  12.868835 39.474503 -4.784961
v  14.609551 39.348957 -4.153771
v  15.096109 38.634781 -1.928529
v  14.160095 36.807957 -2.276005
v  14.072938 37.231701 -3.428514
v  15.096109 38.634781 -1.928529
v  13.365873 38.605400 -0.557381
v  13.201378 36.791676 -1.516257
v  14.160095 36.807957 -2.276005
v  12.868835 39.474503 -4.784961
v  14.609551 39.348957 -4.153771
v  14.072938 37.231701 -3.428514
v  12.931109 37.314053 -3.842546
v  13.365873 38.605400 -0.557381
v  10.752995 38.260109 -1.468149
v  11.753590 36.600353 -2.020910
v  13.201378 36.791676 -1.516257
v  10.752995 38.260109 -1.468149
v  10.604698 38.559280 -3.706376
v  11.671420 36.766121 -3.261104
v  11.753590 36.600353 -2.020910
v  10.604698 38.559280 -3.706376
v  12.868835 39.474503 -4.784961
v  12.931109 37.314053 -3.842546
v  11.671420 36.766121 -3.261104
v  13.201378 36.791676 -1.516257
v  12.931109 37.314053 -3.842546
v  14.072938 37.231701 -3.428514
v  14.160095 36.807957 -2.276005
v  13.201378 36.791676 -1.516257
v  11.753590 36.600353 -2.020910
v  11.671420 36.766121 -3.261104
v  12.931109 37.314053 -3.842546
v  16.858887 42.071499 -1.515062
v  16.497221 36.502735 -1.859510
v  16.239628 37.916058 -5.703524
v  16.558420 43.604427 -5.684377
v  16.858887 42.071499 -1.515062
v  13.553795 42.012604 1.233400
v  13.663765 36.448421 0.674510
v  16.497221 36.502735 -1.859510
v  16.558420 43.604427 -5.684377
v  16.239628 37.916058 -5.703524
v  12.864995 38.190723 -7.012202
v  12.622067 43.902348 -7.048820
v  8.562679 41.320465 -0.592232
v  9.384885 35.810291 -1.008682
v  13.663765 36.448421 0.674510
v  13.553795 42.012604 1.233400
v  8.562679 41.320465 -0.592232
v  8.279406 41.920155 -5.078753
v  9.142035 36.363197 -5.145152
v  9.384885 35.810291 -1.008682
v  8.279406 41.920155 -5.078753
v  12.622067 43.902348 -7.048820
v  12.864995 38.190723 -7.012202
v  9.142035 36.363197 -5.145152
v  15.752353 31.177252 -6.163766
v  15.945553 30.109976 -3.260958
v  14.305596 28.435516 -3.959881
v  14.232009 28.842035 -5.065544
v  15.945553 30.109976 -3.260958
v  13.820414 30.068964 -1.347392
v  13.496142 28.419893 -3.231014
v  14.305596 28.435516 -3.959881
v  13.221323 31.384666 -7.206582
v  15.752353 31.177252 -6.163766
v  14.232009 28.842035 -5.065544
v  13.267955 28.921036 -5.462747
v  13.820414 30.068964 -1.347392
v  10.611183 29.587078 -2.618455
v  12.273766 28.236351 -3.715155
v  13.496142 28.419893 -3.231014
v  10.611183 29.587078 -2.618455
v  10.429041 30.004606 -5.742113
v  12.204390 28.395382 -4.904939
v  12.273766 28.236351 -3.715155
v  10.429041 30.004606 -5.742113
v  13.221323 31.384666 -7.206582
v  13.267955 28.921036 -5.462747
v  12.204390 28.395382 -4.904939
v  13.664725 43.112648 -4.468886
v  13.972775 42.256985 -1.559678
v  16.858887 42.071499 -1.515062
v  16.558420 43.604427 -5.684377
v  13.972775 42.256985 -1.559678
v  13.553795 42.012604 1.233400
v  16.858887 42.071499 -1.515062
v  13.972775 42.256985 -1.559678
v  10.650945 41.896191 -1.785378
v  8.562679 41.320465 -0.592232
v  13.553795 42.012604 1.233400
v  10.509307 42.196037 -4.028639
v  8.279406 41.920155 -5.078753
v  8.562679 41.320465 -0.592232
v  10.650945 41.896191 -1.785378
v  10.509307 42.196037 -4.028639
v  13.664725 43.112648 -4.468886
v  12.622067 43.902348 -7.048820
v  8.279406 41.920155 -5.078753
v  13.664725 43.112648 -4.468886
v  16.558420 43.604427 -5.684377
v  12.622067 43.902348 -7.048820
v  10.650945 41.896191 -1.785378
v  13.972775 42.256985 -1.559678
v  13.664725 43.112648 -4.468886
v  10.509307 42.196037 -4.028639
v  16.497221 36.502735 -1.859510
v  15.582553 35.106712 -2.645742
v  15.389942 36.165218 -5.524710
v  16.239628 37.916058 -5.703524
v  13.663765 36.448421 0.674510
v  13.463893 35.066032 -0.747891
v  15.582553 35.106712 -2.645742
v  16.497221 36.502735 -1.859510
v  16.239628 37.916058 -5.703524
v  15.389942 36.165218 -5.524710
v  12.866629 36.370930 -6.517791
v  12.864995 38.190723 -7.012202
v  9.384885 35.810291 -1.008682
v  10.264444 34.588104 -2.008516
v  13.463893 35.066032 -0.747891
v  13.663765 36.448421 0.674510
v  10.082858 35.002205 -5.106519
v  10.264444 34.588104 -2.008516
v  9.384885 35.810291 -1.008682
v  9.142035 36.363197 -5.145152
v  12.866629 36.370930 -6.517791
v  10.082858 35.002205 -5.106519
v  9.142035 36.363197 -5.145152
v  12.864995 38.190723 -7.012202
v  15.582553 35.106712 -2.645742
v  15.945553 30.109976 -3.260958
v  15.752353 31.177252 -6.163766
v  15.389942 36.165218 -5.524710
v  13.463893 35.066032 -0.747891
v  13.820414 30.068964 -1.347392
v  15.945553 30.109976 -3.260958
v  15.582553 35.106712 -2.645742
v  15.389942 36.165218 -5.524710
v  15.752353 31.177252 -6.163766
v  13.221323 31.384666 -7.206582
v  12.866629 36.370930 -6.517791
v  10.264444 34.588104 -2.008516
v  10.611183 29.587078 -2.618455
v  13.820414 30.068964 -1.347392
v  13.463893 35.066032 -0.747891
v  10.429041 30.004606 -5.742113
v  10.611183 29.587078 -2.618455
v  10.264444 34.588104 -2.008516
v  10.082858 35.002205 -5.106519
v  13.221323 31.384666 -7.206582
v  10.429041 30.004606 -5.742113
v  10.082858 35.002205 -5.106519
v  12.866629 36.370930 -6.517791
v  14.232009 28.842035 -5.065544
v  14.305596 28.435516 -3.959881
v  14.396250 25.475727 -4.197495
v  14.293690 25.970385 -5.264246
v  14.305596 28.435516 -3.959881
v  13.496142 28.419893 -3.231014
v  13.590003 25.339085 -3.477773
v  14.396250 25.475727 -4.197495
v  13.267955 28.921036 -5.462747
v  14.232009 28.842035 -5.065544
v  14.293690 25.970385 -5.264246
v  13.326453 26.014465 -5.659112
v  13.496142 28.419893 -3.231014
v  12.273766 28.236351 -3.715155
v  12.344548 25.657043 -3.936043
v  13.590003 25.339085 -3.477773
v  12.273766 28.236351 -3.715155
v  12.204390 28.395382 -4.904939
v  12.263943 25.913383 -5.107998
v  12.344548 25.657043 -3.936043
v  12.204390 28.395382 -4.904939
v  13.267955 28.921036 -5.462747
v  13.326453 26.014465 -5.659112
v  12.263943 25.913383 -5.107998
v  14.293690 25.970385 -5.264246
v  14.396250 25.475727 -4.197495
v  15.171255 25.421663 -3.872302
v  14.990306 26.294401 -5.754396
v  14.396250 25.475727 -4.197495
v  13.590003 25.339085 -3.477773
v  13.748772 25.180582 -2.602478
v  15.171255 25.421663 -3.872302
v  13.326453 26.014465 -5.659112
v  14.293690 25.970385 -5.264246
v  14.990306 26.294401 -5.754396
v  13.283784 26.372175 -6.451070
v  13.590003 25.339085 -3.477773
v  12.344548 25.657043 -3.936043
v  11.581495 25.324497 -3.447356
v  13.748772 25.180582 -2.602478
v  12.344548 25.657043 -3.936043
v  12.263943 25.913383 -5.107998
v  11.439281 25.776768 -5.515067
v  11.581495 25.324497 -3.447356
v  12.263943 25.913383 -5.107998
v  13.326453 26.014465 -5.659112
v  13.283784 26.372175 -6.451070
v  11.439281 25.776768 -5.515067
v  14.990306 26.294401 -5.754396
v  15.171255 25.421663 -3.872302
v  15.303577 23.588804 -4.032008
v  15.122627 24.461540 -5.914104
v  15.171255 25.421663 -3.872302
v  13.748772 25.180582 -2.602478
v  13.881094 23.347721 -2.762185
v  15.303577 23.588804 -4.032008
v  13.283784 26.372175 -6.451070
v  14.990306 26.294401 -5.754396
v  15.122627 24.461540 -5.914104
v  13.416106 24.539314 -6.610776
v  13.748772 25.180582 -2.602478
v  11.581495 25.324497 -3.447356
v  11.713817 23.491636 -3.607063
v  13.881094 23.347721 -2.762185
v  11.581495 25.324497 -3.447356
v  11.439281 25.776768 -5.515067
v  11.571604 23.943907 -5.674774
v  11.713817 23.491636 -3.607063
v  11.439281 25.776768 -5.515067
v  13.283784 26.372175 -6.451070
v  13.416106 24.539314 -6.610776
v  11.571604 23.943907 -5.674774
v  15.122627 24.461540 -5.914104
v  15.303577 23.588804 -4.032008
v  14.710243 21.854855 -4.490503
v  14.602337 22.375298 -5.612855
v  15.303577 23.588804 -4.032008
v  13.881094 23.347721 -2.762185
v  13.861972 21.711090 -3.733268
v  14.710243 21.854855 -4.490503
v  13.416106 24.539314 -6.610776
v  15.122627 24.461540 -5.914104
v  14.602337 22.375298 -5.612855
v  13.584685 22.421673 -6.028303
v  13.881094 23.347721 -2.762185
v  11.713817 23.491636 -3.607063
v  12.569557 21.796911 -4.237096
v  13.861972 21.711090 -3.733268
v  11.713817 23.491636 -3.607063
v  11.571604 23.943907 -5.674774
v  12.484751 22.066616 -5.470136
v  12.569557 21.796911 -4.237096
v  11.571604 23.943907 -5.674774
v  13.416106 24.539314 -6.610776
v  13.584685 22.421673 -6.028303
v  12.484751 22.066616 -5.470136
v  14.602337 22.375298 -5.612855
v  14.710243 21.854855 -4.490503
v  15.232491 13.425098 -5.189669
v  15.116777 13.983205 -6.393246
v  14.710243 21.854855 -4.490503
v  13.861972 21.711090 -3.733268
v  14.322830 13.270928 -4.377631
v  15.232491 13.425098 -5.189669
v  13.584685 22.421673 -6.028303
v  14.602337 22.375298 -5.612855
v  15.116777 13.983205 -6.393246
v  14.025477 14.032937 -6.838761
v  13.861972 21.711090 -3.733268
v  12.569557 21.796911 -4.237096
v  12.936882 13.362961 -4.917921
v  14.322830 13.270928 -4.377631
v  12.569557 21.796911 -4.237096
v  12.484751 22.066616 -5.470136
v  12.845939 13.652182 -6.240198
v  12.936882 13.362961 -4.917921
v  12.484751 22.066616 -5.470136
v  13.584685 22.421673 -6.028303
v  14.025477 14.032937 -6.838761
v  12.845939 13.652182 -6.240198
v  15.116777 13.983205 -6.393246
v  15.232491 13.425098 -5.189669
v  15.717203 8.444740 -5.419738
v  15.577979 9.116240 -6.867853
v  15.232491 13.425098 -5.189669
v  14.322830 13.270928 -4.377631
v  14.622723 8.259247 -4.442716
v  15.717203 8.444740 -5.419738
v  14.025477 14.032937 -6.838761
v  15.116777 13.983205 -6.393246
v  15.577979 9.116240 -6.867853
v  14.264955 9.176076 -7.403885
v  14.322830 13.270928 -4.377631
v  12.936882 13.362961 -4.917921
v  12.955183 8.369977 -5.092779
v  14.622723 8.259247 -4.442716
v  12.936882 13.362961 -4.917921
v  12.845939 13.652182 -6.240198
v  12.845763 8.717960 -6.683709
v  12.955183 8.369977 -5.092779
v  12.845939 13.652182 -6.240198
v  14.025477 14.032937 -6.838761
v  14.264955 9.176076 -7.403885
v  12.845763 8.717960 -6.683709
v  10.221630 3.591336 -7.737134
v  10.867462 5.938931 -7.164991
v  14.826583 4.006044 -10.587112
v  10.221630 3.591336 -7.737134
v  11.218843 0.119447 -7.926931
v  10.904094 0.239786 -3.531004
v  10.221630 3.591336 -7.737134
v  14.826583 4.006044 -10.587112
v  11.218843 0.119447 -7.926931
v  14.392147 0.044909 -10.328028
v  17.335798 0.089926 -8.276367
v  11.218843 0.119447 -7.926931
v  -17.003632 18.726473 -4.931551
v  -18.039772 27.833118 -5.035459
v  -17.587450 27.641785 -10.219178
v  -16.814878 18.720842 -8.820503
v  -14.022125 18.720835 -2.681723
v  -16.699923 44.856396 -5.049690
v  -17.011150 43.459000 -1.249029
v  -12.622686 45.127953 -6.415051
v  -13.587766 43.405304 1.256412
v  -8.418014 42.774357 -0.407797
v  -8.124599 43.321022 -4.497616
v  -16.699923 44.856396 -5.049690
v  -17.011150 43.459000 -1.249029
v  -16.338671 48.431534 -0.085326
v  -16.093554 49.440659 -3.871677
v  -17.011150 43.459000 -1.249029
v  -13.587766 43.405304 1.256412
v  -12.969000 48.008465 2.504375
v  -16.338671 48.431534 -0.085326
v  -12.622686 45.127953 -6.415051
v  -16.699923 44.856396 -5.049690
v  -16.093554 49.440659 -3.871677
v  -11.999123 49.530403 -5.310800
v  -13.587766 43.405304 1.256412
v  -8.418014 42.774357 -0.407797
v  -7.463098 47.983631 0.763083
v  -12.969000 48.008465 2.504375
v  -8.418014 42.774357 -0.407797
v  -8.124599 43.321022 -4.497616
v  -7.068443 48.583023 -3.560697
v  -7.463098 47.983631 0.763083
v  -8.124599 43.321022 -4.497616
v  -12.622686 45.127953 -6.415051
v  -11.999123 49.530403 -5.310800
v  -7.068443 48.583023 -3.560697
v  -16.093554 49.440659 -3.871677
v  -16.338671 48.431534 -0.085326
v  -16.257191 52.954468 0.244281
v  -15.896706 53.555565 -4.152369
v  -16.338671 48.431534 -0.085326
v  -12.969000 48.008465 2.504375
v  -12.392406 52.544434 3.211110
v  -16.257191 52.954468 0.244281
v  -11.999123 49.530403 -5.310800
v  -16.093554 49.440659 -3.871677
v  -15.896706 53.555565 -4.152369
v  -11.631399 53.635868 -5.741369
v  -12.969000 48.008465 2.504375
v  -7.463098 47.983631 0.763083
v  -6.589682 52.984009 1.369046
v  -12.392406 52.544434 3.211110
v  -7.463098 47.983631 0.763083
v  -7.068443 48.583023 -3.560697
v  -6.232483 53.555080 -3.464591
v  -6.589682 52.984009 1.369046
v  -7.068443 48.583023 -3.560697
v  -11.999123 49.530403 -5.310800
v  -11.631399 53.635868 -5.741369
v  -6.232483 53.555080 -3.464591
v  -16.257191 52.954468 0.244281
v  -12.392406 52.544434 3.211110
v  -15.896706 53.555565 -4.152369
v  -6.589682 52.984009 1.369046
v  -6.232483 53.555080 -3.464591
v  -11.631399 53.635868 -5.741369
v  -3.396821 119.529366 7.541584
v  0.000042 119.197556 7.209363
v  0.000046 122.555092 7.263443
v  -3.919693 122.613235 7.674211
v  -9.519148 117.325569 -2.177332
v  -9.760550 119.344910 0.936869
v  -10.588312 121.056625 -0.434766
v  -9.804094 119.145691 -3.255464
v  -33.323185 130.773041 -8.707793
v  -32.130432 132.633545 -11.024126
v  -32.497509 135.276794 -10.387918
v  -32.814983 136.447357 -8.852853
v  -33.146065 136.046417 -6.771608
v  -33.484718 133.548874 -5.446488
v  -33.653137 131.431366 -6.092306
v  -33.653137 131.431366 -6.092306
v  -36.168961 131.479858 -6.230486
v  -36.131836 130.837265 -8.955241
v  -33.323185 130.773041 -8.707793
v  -33.323185 130.773041 -8.707793
v  -36.131836 130.837265 -8.955241
v  -35.831188 132.946930 -10.962562
v  -32.130432 132.633545 -11.024126
v  -32.497509 135.276794 -10.387918
v  -32.130432 132.633545 -11.024126
v  -35.831188 132.946930 -10.962562
v  -36.040455 135.239975 -10.639421
v  -32.497509 135.276794 -10.387918
v  -36.040455 135.239975 -10.639421
v  -35.822731 136.567139 -8.852348
v  -32.814983 136.447357 -8.852853
v  -33.146065 136.046417 -6.771608
v  -32.814983 136.447357 -8.852853
v  -35.822731 136.567139 -8.852348
v  -36.024925 136.289032 -6.908835
v  -33.484718 133.548874 -5.446488
v  -33.146065 136.046417 -6.771608
v  -36.024925 136.289032 -6.908835
v  -36.611889 133.808548 -5.688864
v  -33.484718 133.548874 -5.446488
v  -36.611889 133.808548 -5.688864
v  -36.168961 131.479858 -6.230486
v  -33.653137 131.431366 -6.092306
v  -38.663631 130.895157 -9.178296
v  -38.436787 131.523575 -6.355045
v  -39.679825 130.958939 -6.325162
v  -40.639801 130.569946 -9.222352
v  -39.167141 133.229416 -10.907066
v  -38.663631 130.895157 -9.178296
v  -40.639801 130.569946 -9.222352
v  -40.854099 133.033035 -10.985859
v  -39.234154 135.206787 -10.866132
v  -39.167141 133.229416 -10.907066
v  -40.854099 133.033035 -10.985859
v  -41.141586 135.543381 -11.023540
v  -38.533993 136.675110 -8.851894
v  -39.234154 135.206787 -10.866132
v  -41.141586 135.543381 -11.023540
v  -40.872799 136.824982 -9.192790
v  -38.620010 136.507721 -7.032536
v  -38.533993 136.675110 -8.851894
v  -40.872799 136.824982 -9.192790
v  -40.457943 136.718903 -6.841690
v  -39.430805 134.042603 -5.907348
v  -38.620010 136.507721 -7.032536
v  -40.457943 136.718903 -6.841690
v  -40.714714 134.446991 -5.659132
v  -38.436787 131.523575 -6.355045
v  -39.430805 134.042603 -5.907348
v  -40.714714 134.446991 -5.659132
v  -39.679825 130.958939 -6.325162
v  -39.679825 130.958939 -6.325162
v  -40.639801 130.569946 -9.222352
v  -40.854099 133.033035 -10.985859
v  -41.141586 135.543381 -11.023540
v  -40.872799 136.824982 -9.192790
v  -40.457943 136.718903 -6.841690
v  -40.714714 134.446991 -5.659132
v  -53.910736 135.065292 -7.522607
v  -53.982574 136.167603 -6.140402
v  -53.782158 136.128555 -4.424972
v  -57.085903 132.435532 -4.774684
v  -56.888119 132.707504 -3.381796
v  -58.666275 132.762955 -2.777096
v  -57.862411 133.092163 -6.352707
v  -57.085903 132.435532 -4.774684
v  -58.814575 132.502167 -4.252233
v  -57.880753 134.547272 -6.516998
v  -57.862411 133.092163 -6.352707
v  -59.370068 133.089630 -5.992743
v  -59.448669 134.474564 -6.076845
v  -57.841564 135.737473 -5.363956
v  -57.880753 134.547272 -6.516998
v  -59.448669 134.474564 -6.076845
v  -59.426434 135.587616 -4.926214
v  -57.587570 135.721207 -3.544398
v  -57.841564 135.737473 -5.363956
v  -59.426434 135.587616 -4.926214
v  -59.448669 134.474564 -6.076845
v  -59.370068 133.089630 -5.992743
v  -61.578594 132.754669 -5.495267
v  -59.426434 135.587616 -4.926214
v  -59.448669 134.474564 -6.076845
v  -61.974350 134.049408 -5.589568
v  -74.012886 130.273560 -1.012506
v  -71.211723 132.064102 -1.171313
v  -74.306953 130.699219 -3.435564
v  -72.715591 129.986404 0.948783
v  -70.420189 131.486069 0.757122
v  -74.012886 130.273560 -1.012506
v  -73.720901 129.434540 -3.228797
v  -74.012886 130.273560 -1.012506
v  -74.306953 130.699219 -3.435564
v  -73.720901 129.434540 -3.228797
v  -72.192337 128.959244 0.465898
v  -74.012886 130.273560 -1.012506
v  -8.620143 120.730576 5.514255
v  -3.919693 122.613235 7.674211
v  -6.140625 124.233253 7.025410
v  -9.416255 122.905640 5.272256
v  -7.869079 125.753830 5.209719
v  -8.295801 126.650688 4.126318
v  -10.018714 124.602455 3.744596
v  -53.375328 132.564499 -4.273316
v  -56.888119 132.707504 -3.381796
v  -57.085903 132.435532 -4.774684
v  -53.576759 132.285934 -5.915188
v  -53.576759 132.285934 -5.915188
v  -57.085903 132.435532 -4.774684
v  -57.862411 133.092163 -6.352707
v  -53.642384 133.384140 -7.604293
v  -57.862411 133.092163 -6.352707
v  -57.880753 134.547272 -6.516998
v  -53.910736 135.065292 -7.522607
v  -53.642384 133.384140 -7.604293
v  -57.880753 134.547272 -6.516998
v  -57.841564 135.737473 -5.363956
v  -53.982574 136.167603 -6.140402
v  -53.910736 135.065292 -7.522607
v  -57.841564 135.737473 -5.363956
v  -57.587570 135.721207 -3.544398
v  -53.782158 136.128555 -4.424972
v  -53.982574 136.167603 -6.140402
v  -53.782158 136.128555 -4.424972
v  -57.587570 135.721207 -3.544398
v  -56.736668 133.893600 -2.580382
v  -53.313820 133.990677 -3.404446
v  -53.313820 133.990677 -3.404446
v  -56.736668 133.893600 -2.580382
v  -56.888119 132.707504 -3.381796
v  -53.375328 132.564499 -4.273316
v  -3.359718 65.079361 2.212625
v  -2.866425 64.865341 -5.797867
v  -2.311287 69.856262 -6.248998
v  -9.508246 71.252205 -10.124634
v  -9.134675 76.349380 -10.732730
v  -1.885512 73.510132 -6.851387
v  -8.620143 120.730576 5.514255
v  -9.416255 122.905640 5.272256
v  -10.300229 122.166428 2.814418
v  -9.760550 119.344910 0.936869
v  -2.287639 117.861877 -9.032724
v  -2.127747 123.125900 -10.525360
v  0.000040 118.023705 -8.297629
v  -16.814878 18.720842 -8.820503
v  -14.199604 18.742033 -9.932463
v  -14.188988 11.709539 -9.052021
v  -16.271416 11.526770 -7.714025
v  -14.022125 18.720835 -2.681723
v  -17.003632 18.726473 -4.931551
v  -16.418104 11.510224 -5.074267
v  -17.003632 18.726473 -4.931551
v  -16.814878 18.720842 -8.820503
v  -16.271416 11.526770 -7.714025
v  -16.418104 11.510224 -5.074267
v  -10.850866 18.758362 -4.238176
v  -14.022125 18.720835 -2.681723
v  -13.805299 11.863499 -2.873368
v  -11.538731 10.729505 -4.925928
v  -10.964012 18.807011 -7.720105
v  -10.850866 18.758362 -4.238176
v  -11.538731 10.729505 -4.925928
v  -11.684401 10.713630 -7.385586
v  -14.199604 18.742033 -9.932463
v  -10.964012 18.807011 -7.720105
v  -11.684401 10.713630 -7.385586
v  -14.188988 11.709539 -9.052021
v  -2.685175 115.404442 -7.777523
v  -5.093876 115.615456 -7.108305
v  -5.281850 117.258850 -7.977119
v  -2.406197 117.128998 -8.658381
v  -9.416255 122.905640 5.272256
v  -10.018714 124.602455 3.744596
v  -10.553620 123.753250 2.406693
v  -10.300229 122.166428 2.814418
v  -8.938270 116.364716 -5.638095
v  -8.869273 117.830933 -6.504530
v  -5.281850 117.258850 -7.977119
v  -5.093876 115.615456 -7.108305
v  -6.008713 118.050293 -8.072409
v  -8.839952 118.457512 -6.873645
v  -8.982910 122.513680 -8.724430
v  -6.140625 124.233253 7.025410
v  -3.919693 122.613235 7.674211
v  -3.389354 124.940102 7.032476
v  -3.389354 124.940102 7.032476
v  -3.919693 122.613235 7.674211
v  0.000046 122.555092 7.263443
v  0.000050 124.875206 6.872061
v  -1.054524 143.227066 6.842372
v  0.000075 143.078003 7.073326
v  0.000076 143.876297 6.909630
v  -1.057616 144.018204 6.510132
v  0.000076 143.876297 6.909630
v  0.000078 145.004395 7.723183
v  -0.684554 144.815659 7.348401
v  -1.057616 144.018204 6.510132
v  -1.057616 144.018204 6.510132
v  -1.057616 144.018204 6.510132
v  -1.005048 145.827011 5.979442
v  -4.394972 144.980957 4.820846
v  -4.394972 144.980957 4.820846
v  -4.650667 146.382492 4.491057
v  -5.755673 146.982590 2.063163
v  -9.302043 114.941460 -2.066998
v  -9.209778 117.300682 1.364506
v  -9.760550 119.344910 0.936869
v  -9.519148 117.325569 -2.177332
v  -8.704591 113.236198 -5.091969
v  -8.938270 116.364716 -5.638095
v  -5.093876 115.615456 -7.108305
v  -4.891606 112.370689 -6.940320
v  -4.891606 112.370689 -6.940320
v  -5.093876 115.615456 -7.108305
v  -2.685175 115.404442 -7.777523
v  -2.549641 112.325157 -7.214734
v  -7.711379 118.554062 5.381129
v  -9.209778 117.300682 1.364506
v  -8.802734 115.608185 2.155988
v  -6.920670 115.633217 5.191709
v  -9.209778 117.300682 1.364506
v  -7.711379 118.554062 5.381129
v  -8.620143 120.730576 5.514255
v  -9.760550 119.344910 0.936869
v  -7.711379 118.554062 5.381129
v  -3.396821 119.529366 7.541584
v  -3.919693 122.613235 7.674211
v  -8.620143 120.730576 5.514255
v  -9.804094 119.145691 -3.255464
v  -9.950626 120.028885 -3.785834
v  -8.869273 117.830933 -6.504530
v  -9.519148 117.325569 -2.177332
v  -8.938270 116.364716 -5.638095
v  -8.704591 113.236198 -5.091969
v  -9.302043 114.941460 -2.066998
v  -9.563418 109.907494 0.769490
v  -9.166833 109.703285 -4.293631
v  -9.747375 106.133698 -3.758062
v  -2.569959 109.315315 -6.903221
v  -2.808638 106.407173 -7.124706
v  -6.953191 106.401855 -6.363638
v  -6.451964 109.472359 -5.640964
v  -6.451964 109.472359 -5.640964
v  -6.953191 106.401855 -6.363638
v  -9.166833 109.703285 -4.293631
v  -2.685175 115.404442 -7.777523
v  0.000037 115.780510 -7.486250
v  0.000032 112.246056 -7.691507
v  -2.549641 112.325157 -7.214734
v  0.000032 112.246056 -7.691507
v  0.000031 111.287651 -7.632757
v  -2.556266 111.343803 -7.113166
v  -2.549641 112.325157 -7.214734
v  -4.394972 144.980957 4.820846
v  -3.939161 110.628738 6.900614
v  -3.208616 116.070145 7.353263
v  -6.920670 115.633217 5.191709
v  -7.763907 110.559959 4.615299
v  -9.209778 117.300682 1.364506
v  -9.302043 114.941460 -2.066998
v  -9.079065 114.106735 -0.672928
v  -8.802734 115.608185 2.155988
v  -9.302043 114.941460 -2.066998
v  -8.704591 113.236198 -5.091969
v  -8.409145 112.105095 -4.837094
v  -9.079065 114.106735 -0.672928
v  -4.891606 112.370689 -6.940320
v  -2.549641 112.325157 -7.214734
v  -2.556266 111.343803 -7.113166
v  -4.954199 111.425110 -6.516517
v  -8.802734 115.608185 2.155988
v  -7.763907 110.559959 4.615299
v  -6.920670 115.633217 5.191709
v  -8.409145 112.105095 -4.837094
v  -8.704591 113.236198 -5.091969
v  -4.891606 112.370689 -6.940320
v  -4.954199 111.425110 -6.516517
v  -3.208616 116.070145 7.353263
v  -3.396821 119.529366 7.541584
v  -7.711379 118.554062 5.381129
v  -6.920670 115.633217 5.191709
v  -2.287639 117.861877 -9.032724
v  0.000040 118.023705 -8.297629
v  0.000039 117.354530 -8.055112
v  -2.406197 117.128998 -8.658381
v  -5.361733 117.957245 -8.346343
v  -2.287639 117.861877 -9.032724
v  -2.406197 117.128998 -8.658381
v  -5.281850 117.258850 -7.977119
v  -8.839952 118.457512 -6.873645
v  -6.008713 118.050293 -8.072409
v  -5.281850 117.258850 -7.977119
v  -8.869273 117.830933 -6.504530
v  -8.938270 116.364716 -5.638095
v  -9.519148 117.325569 -2.177332
v  -9.804094 119.145691 -3.255464
v  -8.869273 117.830933 -6.504530
v  -8.802734 115.608185 2.155988
v  -9.079065 114.106735 -0.672928
v  -9.563418 109.907494 0.769490
v  -7.763907 110.559959 4.615299
v  -9.079065 114.106735 -0.672928
v  -8.409145 112.105095 -4.837094
v  -9.166833 109.703285 -4.293631
v  -9.563418 109.907494 0.769490
v  -4.954199 111.425110 -6.516517
v  -2.556266 111.343803 -7.113166
v  -2.569959 109.315315 -6.903221
v  -6.451964 109.472359 -5.640964
v  -9.166833 109.703285 -4.293631
v  -8.409145 112.105095 -4.837094
v  -4.954199 111.425110 -6.516517
v  -6.451964 109.472359 -5.640964
v  -9.416255 122.905640 5.272256
v  -6.140625 124.233253 7.025410
v  -7.869079 125.753830 5.209719
v  -6.140625 124.233253 7.025410
v  -3.389354 124.940102 7.032476
v  -5.111490 126.401375 5.526151
v  -7.869079 125.753830 5.209719
v  -3.389354 124.940102 7.032476
v  0.000050 124.875206 6.872061
v  0.000052 126.584824 5.932528
v  -17.550425 75.917839 1.337690
v  -17.093321 80.933479 1.907820
v  -16.106026 80.941032 -8.864422
v  -17.550425 75.917839 1.337690
v  -11.656011 75.138512 5.685355
v  -17.093321 80.933479 1.907820
v  -6.008713 118.050293 -8.072409
v  -5.361733 117.957245 -8.346343
v  -5.281850 117.258850 -7.977119
v  -2.866425 64.865341 -5.797867
v  -3.359718 65.079361 2.212625
v  -4.549857 61.330910 2.160061
v  -3.946924 61.030991 -5.330077
v  -2.866425 64.865341 -5.797867
v  -38.436787 131.523575 -6.355045
v  -38.663631 130.895157 -9.178296
v  -36.131836 130.837265 -8.955241
v  -36.168961 131.479858 -6.230486
v  -38.663631 130.895157 -9.178296
v  -39.167141 133.229416 -10.907066
v  -35.831188 132.946930 -10.962562
v  -36.131836 130.837265 -8.955241
v  -39.167141 133.229416 -10.907066
v  -39.234154 135.206787 -10.866132
v  -36.040455 135.239975 -10.639421
v  -35.831188 132.946930 -10.962562
v  -36.040455 135.239975 -10.639421
v  -39.234154 135.206787 -10.866132
v  -38.533993 136.675110 -8.851894
v  -35.822731 136.567139 -8.852348
v  -38.533993 136.675110 -8.851894
v  -38.620010 136.507721 -7.032536
v  -36.024925 136.289032 -6.908835
v  -35.822731 136.567139 -8.852348
v  -38.620010 136.507721 -7.032536
v  -39.430805 134.042603 -5.907348
v  -36.611889 133.808548 -5.688864
v  -36.024925 136.289032 -6.908835
v  -36.611889 133.808548 -5.688864
v  -39.430805 134.042603 -5.907348
v  -38.436787 131.523575 -6.355045
v  -36.168961 131.479858 -6.230486
v  0.000053 127.319618 5.468741
v  0.000055 128.643387 3.959154
v  -5.820769 127.033051 4.826692
v  0.000037 115.780510 -7.486250
v  -2.685175 115.404442 -7.777523
v  -2.406197 117.128998 -8.658381
v  0.000039 117.354530 -8.055112
v  -3.939161 110.628738 6.900614
v  -5.368814 103.693367 6.984407
v  0.000019 103.109955 8.094559
v  0.000029 110.040466 7.944673
v  -3.208616 116.070145 7.353263
v  -3.939161 110.628738 6.900614
v  0.000029 110.040466 7.944673
v  0.000037 115.764038 7.740333
v  0.000028 109.306969 -7.512023
v  -2.569959 109.315315 -6.903221
v  -2.556266 111.343803 -7.113166
v  0.000031 111.287651 -7.632757
v  0.000042 119.197556 7.209363
v  -3.396821 119.529366 7.541584
v  -3.208616 116.070145 7.353263
v  0.000037 115.764038 7.740333
v  16.227894 44.303341 -4.737428
v  16.093447 49.440609 -3.871677
v  16.338560 48.431484 -0.085326
v  16.501993 43.072647 -1.390155
v  16.501993 43.072647 -1.390155
v  16.338560 48.431484 -0.085326
v  12.968888 48.008423 2.504375
v  13.486989 43.025364 0.816407
v  12.637039 44.542519 -5.993480
v  11.999015 49.530365 -5.310800
v  16.093447 49.440609 -3.871677
v  16.227894 44.303341 -4.737428
v  13.486989 43.025364 0.816407
v  12.968888 48.008423 2.504375
v  7.462986 47.983604 0.763083
v  8.933946 42.469692 -0.649275
v  8.933946 42.469692 -0.649275
v  7.462986 47.983604 0.763083
v  7.068333 48.582996 -3.560697
v  8.675534 42.951149 -4.251212
v  8.675534 42.951149 -4.251212
v  7.068333 48.582996 -3.560697
v  11.999015 49.530365 -5.310800
v  12.637039 44.542519 -5.993480
v  16.093447 49.440609 -3.871677
v  15.896609 53.555515 -4.152369
v  16.257092 52.954418 0.244282
v  16.338560 48.431484 -0.085326
v  16.338560 48.431484 -0.085326
v  16.257092 52.954418 0.244282
v  12.392307 52.544392 3.211109
v  12.968888 48.008423 2.504375
v  11.999015 49.530365 -5.310800
v  11.631304 53.635830 -5.741369
v  15.896609 53.555515 -4.152369
v  16.093447 49.440609 -3.871677
v  12.968888 48.008423 2.504375
v  12.392307 52.544392 3.211109
v  6.589584 52.983986 1.369045
v  7.462986 47.983604 0.763083
v  7.462986 47.983604 0.763083
v  6.589584 52.983986 1.369045
v  6.232387 53.555058 -3.464591
v  7.068333 48.582996 -3.560697
v  7.068333 48.582996 -3.560697
v  6.232387 53.555058 -3.464591
v  11.631304 53.635830 -5.741369
v  11.999015 49.530365 -5.310800
v  15.896609 53.555515 -4.152369
v  15.751444 60.823029 -5.288524
v  16.752468 60.357635 0.139645
v  16.257092 52.954418 0.244282
v  16.257092 52.954418 0.244282
v  16.752468 60.357635 0.139645
v  11.583220 60.964672 4.563923
v  12.392307 52.544392 3.211109
v  11.631304 53.635830 -5.741369
v  10.822332 61.734795 -8.175749
v  15.751444 60.823029 -5.288524
v  15.896609 53.555515 -4.152369
v  12.392307 52.544392 3.211109
v  11.583220 60.964672 4.563923
v  4.367378 61.162922 2.160060
v  6.589584 52.983986 1.369045
v  6.589584 52.983986 1.369045
v  4.367378 61.162922 2.160060
v  3.438731 62.408848 -5.330076
v  6.232387 53.555058 -3.464591
v  6.232387 53.555058 -3.464591
v  3.438731 62.408848 -5.330076
v  10.822332 61.734795 -8.175749
v  11.631304 53.635830 -5.741369
v  3.396905 119.529358 7.541584
v  3.919786 122.613228 7.674211
v  0.000046 122.555092 7.263443
v  0.000042 119.197556 7.209363
v  9.519226 117.325539 -2.177332
v  9.804178 119.145660 -3.255464
v  10.588401 121.056602 -0.434766
v  9.760634 119.344887 0.936869
v  36.131950 130.837173 -8.955237
v  36.169079 131.479767 -6.230483
v  33.653255 131.431274 -6.092303
v  33.323296 130.772949 -8.707790
v  35.831306 132.946838 -10.962558
v  36.131950 130.837173 -8.955237
v  33.323296 130.772949 -8.707790
v  32.130550 132.633453 -11.024123
v  32.497635 135.276703 -10.387914
v  36.040581 135.239883 -10.639417
v  35.831306 132.946838 -10.962558
v  32.130550 132.633453 -11.024123
v  35.822865 136.567047 -8.852345
v  36.040581 135.239883 -10.639417
v  32.497635 135.276703 -10.387914
v  32.815109 136.447266 -8.852849
v  33.146191 136.046326 -6.771605
v  36.025055 136.288940 -6.908832
v  35.822865 136.567047 -8.852345
v  32.815109 136.447266 -8.852849
v  33.484837 133.548798 -5.446485
v  36.612015 133.808456 -5.688860
v  36.025055 136.288940 -6.908832
v  33.146191 136.046326 -6.771605
v  36.169079 131.479767 -6.230483
v  36.612015 133.808456 -5.688860
v  33.484837 133.548798 -5.446485
v  33.653255 131.431274 -6.092303
v  38.663746 130.895065 -9.178292
v  40.639915 130.569855 -9.222348
v  39.679939 130.958847 -6.325159
v  38.436905 131.523483 -6.355042
v  39.167263 133.229324 -10.907063
v  40.854221 133.032928 -10.985855
v  40.639915 130.569855 -9.222348
v  38.663746 130.895065 -9.178292
v  39.234280 135.206696 -10.866128
v  41.141716 135.543274 -11.023535
v  40.854221 133.032928 -10.985855
v  39.167263 133.229324 -10.907063
v  38.534126 136.675018 -8.851891
v  40.872932 136.824890 -9.192786
v  41.141716 135.543274 -11.023535
v  39.234280 135.206696 -10.866128
v  38.620140 136.507629 -7.032532
v  40.458076 136.718811 -6.841686
v  40.872932 136.824890 -9.192786
v  38.534126 136.675018 -8.851891
v  39.430931 134.042511 -5.907343
v  40.714840 134.446899 -5.659128
v  40.458076 136.718811 -6.841686
v  38.620140 136.507629 -7.032532
v  38.436905 131.523483 -6.355042
v  39.679939 130.958847 -6.325159
v  40.714840 134.446899 -5.659128
v  39.430931 134.042511 -5.907343
v  40.639915 130.569855 -9.222348
v  46.729988 131.002167 -7.655798
v  46.495529 131.282944 -5.241727
v  39.679939 130.958847 -6.325159
v  40.854221 133.032928 -10.985855
v  46.837791 133.076813 -10.029888
v  46.729988 131.002167 -7.655798
v  40.639915 130.569855 -9.222348
v  41.141716 135.543274 -11.023535
v  47.000618 135.480972 -9.791014
v  46.837791 133.076813 -10.029888
v  40.854221 133.032928 -10.985855
v  40.872932 136.824890 -9.192786
v  47.046196 136.711761 -8.148928
v  47.000618 135.480972 -9.791014
v  41.141716 135.543274 -11.023535
v  40.458076 136.718811 -6.841686
v  46.761433 136.659958 -5.410801
v  47.046196 136.711761 -8.148928
v  40.872932 136.824890 -9.192786
v  40.714840 134.446899 -5.659128
v  46.300812 133.903427 -4.106756
v  46.761433 136.659958 -5.410801
v  40.458076 136.718811 -6.841686
v  39.679939 130.958847 -6.325159
v  46.495529 131.282944 -5.241727
v  46.300812 133.903427 -4.106756
v  40.714840 134.446899 -5.659128
v  53.375450 132.564377 -4.273312
v  53.576881 132.285812 -5.915184
v  53.782288 136.128433 -4.424968
v  53.313946 133.990555 -3.404441
v  57.086025 132.435394 -4.774679
v  58.814697 132.502014 -4.252227
v  58.666397 132.762817 -2.777091
v  57.862537 133.092010 -6.352702
v  59.370193 133.089478 -5.992738
v  58.814697 132.502014 -4.252227
v  57.086025 132.435394 -4.774679
v  57.880882 134.547119 -6.516994
v  59.448799 134.474411 -6.076840
v  59.370193 133.089478 -5.992738
v  57.862537 133.092010 -6.352702
v  57.841698 135.737320 -5.363951
v  59.426567 135.587463 -4.926209
v  59.448799 134.474411 -6.076840
v  57.880882 134.547119 -6.516994
v  57.587704 135.721069 -3.544393
v  59.013458 135.529465 -2.993331
v  59.426567 135.587463 -4.926209
v  57.841698 135.737320 -5.363951
v  57.587704 135.721069 -3.544393
v  56.736794 133.893463 -2.580377
v  59.013458 135.529465 -2.993331
v  59.448799 134.474411 -6.076840
v  61.974476 134.049255 -5.589563
v  61.578720 132.754517 -5.495262
v  59.426567 135.587463 -4.926209
v  62.315891 135.238922 -4.230736
v  61.974476 134.049255 -5.589563
v  59.448799 134.474411 -6.076840
v  59.426567 135.587463 -4.926209
v  59.013458 135.529465 -2.993331
v  62.315891 135.238922 -4.230736
v  73.721008 129.434357 -3.228793
v  74.307060 130.699020 -3.435559
v  74.012993 130.273361 -1.012501
v  74.012993 130.273361 -1.012501
v  72.715698 129.986206 0.948786
v  72.192444 128.959061 0.465902
v  73.721008 129.434357 -3.228793
v  73.721008 129.434357 -3.228793
v  72.288147 130.238068 -3.289157
v  74.307060 130.699020 -3.435559
v  8.620231 120.730553 5.514255
v  9.416348 122.905617 5.272256
v  6.140722 124.233238 7.025410
v  3.919786 122.613228 7.674211
v  7.869181 125.753807 5.209719
v  10.018812 124.602432 3.744596
v  8.295906 126.650665 4.126318
v  53.375450 132.564377 -4.273312
v  53.576881 132.285812 -5.915184
v  57.086025 132.435394 -4.774679
v  53.576881 132.285812 -5.915184
v  53.642506 133.384018 -7.604289
v  57.862537 133.092010 -6.352702
v  57.086025 132.435394 -4.774679
v  53.910866 135.065170 -7.522603
v  57.880882 134.547119 -6.516994
v  57.862537 133.092010 -6.352702
v  53.642506 133.384018 -7.604289
v  53.982704 136.167480 -6.140397
v  57.841698 135.737320 -5.363951
v  57.880882 134.547119 -6.516994
v  53.910866 135.065170 -7.522603
v  53.782288 136.128433 -4.424968
v  57.587704 135.721069 -3.544393
v  57.841698 135.737320 -5.363951
v  53.982704 136.167480 -6.140397
v  53.782288 136.128433 -4.424968
v  53.313946 133.990555 -3.404441
v  56.736794 133.893463 -2.580377
v  57.587704 135.721069 -3.544393
v  53.313946 133.990555 -3.404441
v  53.375450 132.564377 -4.273312
v  56.888241 132.707367 -3.381792
v  17.550390 75.917786 1.337691
v  9.134654 76.349365 -10.732730
v  3.504048 65.116714 2.212623
v  2.651095 69.752831 2.585728
v  3.010756 65.399063 -5.797867
v  10.300321 122.166397 2.814418
v  9.416348 122.905617 5.272256
v  8.620231 120.730553 5.514255
v  9.760634 119.344887 0.936869
v  0.000040 118.023705 -8.297629
v  0.000048 123.417473 -9.502714
v  2.127841 123.125893 -10.525360
v  2.287719 117.861870 -9.032724
v  2.287719 117.861870 -9.032724
v  2.127841 123.125893 -10.525360
v  5.361814 117.957230 -8.346343
v  2.685248 115.404442 -7.777523
v  2.406275 117.128990 -8.658381
v  5.281928 117.258835 -7.977119
v  5.093950 115.615440 -7.108305
v  7.869181 125.753807 5.209719
v  8.295906 126.650665 4.126318
v  5.820874 127.033035 4.826692
v  0.000053 127.319618 5.468741
v  0.000052 126.584824 5.932528
v  5.111594 126.401360 5.526151
v  10.300321 122.166397 2.814418
v  10.553718 123.753220 2.406693
v  9.416348 122.905617 5.272256
v  8.715090 105.246521 4.118882
v  9.264072 102.263649 4.249444
v  9.970981 105.289948 1.125923
v  5.281928 117.258835 -7.977119
v  8.869353 117.830910 -6.504530
v  8.938346 116.364693 -5.638095
v  5.093950 115.615440 -7.108305
v  6.008793 118.050278 -8.072409
v  6.166481 122.426987 -9.611259
v  8.983004 122.513657 -8.724431
v  8.840034 118.457489 -6.873645
v  6.140722 124.233238 7.025410
v  3.389454 124.940094 7.032476
v  3.919786 122.613228 7.674211
v  3.389454 124.940094 7.032476
v  0.000050 124.875206 6.872061
v  0.000046 122.555092 7.263443
v  3.919786 122.613228 7.674211
v  1.054675 143.227066 6.842372
v  0.000075 143.078003 7.073326
v  0.000074 142.618469 6.255013
v  1.054675 143.227066 6.842372
v  1.057769 144.018204 6.510132
v  0.000076 143.876297 6.909630
v  0.000075 143.078003 7.073326
v  1.057769 144.018204 6.510132
v  3.998309 142.925018 4.662169
v  5.220189 144.737885 2.436088
v  4.395127 144.980942 4.820846
v  3.998309 142.925018 4.662169
v  5.220189 144.737885 2.436088
v  9.302115 114.941429 -2.066998
v  9.519226 117.325539 -2.177332
v  9.760634 119.344887 0.936869
v  9.209856 117.300659 1.364506
v  8.704658 113.236176 -5.091969
v  4.891671 112.370674 -6.940320
v  5.093950 115.615440 -7.108305
v  8.938346 116.364693 -5.638095
v  4.891671 112.370674 -6.940320
v  2.549705 112.325150 -7.214734
v  2.685248 115.404442 -7.777523
v  5.093950 115.615440 -7.108305
v  7.711461 118.554039 5.381129
v  6.920743 115.633194 5.191709
v  8.802809 115.608162 2.155988
v  9.209856 117.300659 1.364506
v  8.620231 120.730553 5.514255
v  7.711461 118.554039 5.381129
v  9.209856 117.300659 1.364506
v  9.760634 119.344887 0.936869
v  7.711461 118.554039 5.381129
v  8.620231 120.730553 5.514255
v  3.919786 122.613228 7.674211
v  3.396905 119.529358 7.541584
v  8.840034 118.457489 -6.873645
v  9.950712 120.028862 -3.785834
v  8.869353 117.830910 -6.504530
v  9.519226 117.325539 -2.177332
v  9.302115 114.941429 -2.066998
v  8.704658 113.236176 -5.091969
v  8.938346 116.364693 -5.638095
v  3.939220 110.628731 6.900614
v  5.368854 103.693352 6.984407
v  7.763967 110.559937 4.615299
v  8.715090 105.246521 4.118882
v  9.970981 105.289948 1.125923
v  9.563476 109.907471 0.769490
v  7.763967 110.559937 4.615299
v  6.452020 109.472336 -5.640964
v  6.953239 106.401833 -6.363638
v  2.570015 109.315308 -6.903221
v  2.570015 109.315308 -6.903221
v  2.808686 106.407166 -7.124706
v  0.000028 109.306969 -7.512023
v  8.715090 105.246521 4.118882
v  5.368854 103.693352 6.984407
v  9.264072 102.263649 4.249444
v  2.685248 115.404442 -7.777523
v  2.549705 112.325150 -7.214734
v  0.000032 112.246056 -7.691507
v  0.000037 115.780510 -7.486250
v  2.556328 111.343796 -7.113166
v  0.000031 111.287651 -7.632757
v  0.000032 112.246056 -7.691507
v  2.549705 112.325150 -7.214734
v  3.939220 110.628731 6.900614
v  7.763967 110.559937 4.615299
v  6.920743 115.633194 5.191709
v  3.208691 116.070137 7.353263
v  9.079134 114.106712 -0.672928
v  9.302115 114.941429 -2.066998
v  9.209856 117.300659 1.364506
v  8.802809 115.608162 2.155988
v  8.409208 112.105072 -4.837094
v  8.704658 113.236176 -5.091969
v  9.302115 114.941429 -2.066998
v  9.079134 114.106712 -0.672928
v  2.556328 111.343796 -7.113166
v  2.549705 112.325150 -7.214734
v  4.891671 112.370674 -6.940320
v  4.954261 111.425095 -6.516517
v  8.802809 115.608162 2.155988
v  6.920743 115.633194 5.191709
v  7.763967 110.559937 4.615299
v  8.409208 112.105072 -4.837094
v  4.954261 111.425095 -6.516517
v  4.891671 112.370674 -6.940320
v  8.704658 113.236176 -5.091969
v  3.208691 116.070137 7.353263
v  6.920743 115.633194 5.191709
v  7.711461 118.554039 5.381129
v  3.396905 119.529358 7.541584
v  9.804178 119.145660 -3.255464
v  9.950712 120.028862 -3.785834
v  11.045147 122.046097 -0.994344
v  0.000039 117.354530 -8.055112
v  0.000040 118.023705 -8.297629
v  2.287719 117.861870 -9.032724
v  2.406275 117.128990 -8.658381
v  2.406275 117.128990 -8.658381
v  2.287719 117.861870 -9.032724
v  5.361814 117.957230 -8.346343
v  5.281928 117.258835 -7.977119
v  9.760634 119.344887 0.936869
v  10.588401 121.056602 -0.434766
v  10.300321 122.166397 2.814418
v  5.281928 117.258835 -7.977119
v  6.008793 118.050278 -8.072409
v  8.840034 118.457489 -6.873645
v  8.869353 117.830910 -6.504530
v  9.804178 119.145660 -3.255464
v  9.519226 117.325539 -2.177332
v  8.938346 116.364693 -5.638095
v  8.869353 117.830910 -6.504530
v  9.563476 109.907471 0.769490
v  9.079134 114.106712 -0.672928
v  8.802809 115.608162 2.155988
v  7.763967 110.559937 4.615299
v  9.166890 109.703262 -4.293631
v  8.409208 112.105072 -4.837094
v  9.079134 114.106712 -0.672928
v  9.563476 109.907471 0.769490
v  2.570015 109.315308 -6.903221
v  2.556328 111.343796 -7.113166
v  4.954261 111.425095 -6.516517
v  6.452020 109.472336 -5.640964
v  9.166890 109.703262 -4.293631
v  6.452020 109.472336 -5.640964
v  4.954261 111.425095 -6.516517
v  8.409208 112.105072 -4.837094
v  7.869181 125.753807 5.209719
v  6.140722 124.233238 7.025410
v  9.416348 122.905617 5.272256
v  7.869181 125.753807 5.209719
v  5.111594 126.401360 5.526151
v  6.140722 124.233238 7.025410
v  0.000052 126.584824 5.932528
v  0.000050 124.875206 6.872061
v  3.389454 124.940094 7.032476
v  17.550390 75.917786 1.337691
v  16.478060 76.690208 -7.795640
v  16.106012 80.940994 -8.864421
v  6.008793 118.050278 -8.072409
v  5.361814 117.957230 -8.346343
v  5.579322 122.412949 -9.799126
v  6.008793 118.050278 -8.072409
v  5.281928 117.258835 -7.977119
v  5.361814 117.957230 -8.346343
v  9.508201 71.252174 -10.124634
v  4.367378 61.162922 2.160060
v  3.010756 65.399063 -5.797867
v  36.131950 130.837173 -8.955237
v  38.663746 130.895065 -9.178292
v  38.436905 131.523483 -6.355042
v  36.169079 131.479767 -6.230483
v  35.831306 132.946838 -10.962558
v  39.167263 133.229324 -10.907063
v  38.663746 130.895065 -9.178292
v  36.131950 130.837173 -8.955237
v  36.040581 135.239883 -10.639417
v  39.234280 135.206696 -10.866128
v  39.167263 133.229324 -10.907063
v  35.831306 132.946838 -10.962558
v  36.040581 135.239883 -10.639417
v  35.822865 136.567047 -8.852345
v  38.534126 136.675018 -8.851891
v  39.234280 135.206696 -10.866128
v  36.025055 136.288940 -6.908832
v  38.620140 136.507629 -7.032532
v  38.534126 136.675018 -8.851891
v  35.822865 136.567047 -8.852345
v  36.612015 133.808456 -5.688860
v  39.430931 134.042511 -5.907343
v  38.620140 136.507629 -7.032532
v  36.025055 136.288940 -6.908832
v  36.612015 133.808456 -5.688860
v  36.169079 131.479767 -6.230483
v  38.436905 131.523483 -6.355042
v  39.430931 134.042511 -5.907343
v  0.000037 115.780510 -7.486250
v  0.000039 117.354530 -8.055112
v  2.406275 117.128990 -8.658381
v  2.685248 115.404442 -7.777523
v  0.000029 110.040466 7.944673
v  0.000019 103.109955 8.094559
v  3.939220 110.628731 6.900614
v  0.000029 110.040466 7.944673
v  3.939220 110.628731 6.900614
v  3.208691 116.070137 7.353263
v  0.000037 115.764038 7.740333
v  0.000028 109.306969 -7.512023
v  0.000031 111.287651 -7.632757
v  2.556328 111.343796 -7.113166
v  2.570015 109.315308 -6.903221
v  0.000042 119.197556 7.209363
v  0.000037 115.764038 7.740333
v  3.208691 116.070137 7.353263
v  3.396905 119.529358 7.541584
v  -16.271416 11.526770 -7.714025
v  -14.188988 11.709539 -9.052021
v  -14.253167 10.680903 -10.039636
v  -16.991426 10.545408 -7.692098
v  -16.418104 11.510224 -5.074267
v  -17.298407 10.269707 -4.671191
v  -14.079210 11.433842 -1.014263
v  -16.418104 11.510224 -5.074267
v  -16.271416 11.526770 -7.714025
v  -16.991426 10.545408 -7.692098
v  -11.538731 10.729505 -4.925928
v  -13.805299 11.863499 -2.873368
v  -11.456763 9.508536 -4.194666
v  -11.538731 10.729505 -4.925928
v  -11.456763 9.508536 -4.194666
v  -11.311625 9.432302 -8.107215
v  -11.684401 10.713630 -7.385586
v  -14.188988 11.709539 -9.052021
v  -11.684401 10.713630 -7.385586
v  -11.311625 9.432302 -8.107215
v  -14.253167 10.680903 -10.039636
v  -14.259216 6.901162 -10.300949
v  -14.826818 4.006091 -10.517872
v  -17.329973 3.310188 -7.994362
v  -17.299791 6.515873 -7.901825
v  -11.311625 9.432302 -8.107215
v  -11.456763 9.508536 -4.194666
v  -11.029007 8.015763 -7.305223
v  -14.259216 6.901162 -10.300949
v  -10.867691 5.938967 -7.095752
v  -14.826818 4.006091 -10.517872
v  -17.871204 5.371668 2.208410
v  -14.594005 6.013898 4.102518
v  -14.478079 7.140899 1.820510
v  -10.829918 3.404910 -4.542501
v  -10.875866 5.793629 -4.599391
v  -11.116708 2.434630 0.074271
v  -14.594005 6.013898 4.102518
v  -17.871204 5.371668 2.208410
v  -17.845255 4.675440 7.640885
v  -15.264140 5.641354 8.423717
v  -14.594005 6.013898 4.102518
v  -15.264140 5.641354 8.423717
v  -11.897206 4.608722 8.376191
v  -11.242087 5.381056 3.442398
v  -17.871204 5.371668 2.208410
v  -19.402998 1.919836 -0.307074
v  -19.014277 1.613942 7.296579
v  -17.845255 4.675440 7.640885
v  -11.242087 5.381056 3.442398
v  -11.897206 4.608722 8.376191
v  -11.457851 2.031909 8.388656
v  -10.874483 2.319056 3.485308
v  -15.264140 5.641354 8.423717
v  -17.845255 4.675440 7.640885
v  -16.177870 3.557647 10.272985
v  -11.897206 4.608722 8.376191
v  -15.264140 5.641354 8.423717
v  -16.177870 3.557647 10.272985
v  -13.847525 3.301558 10.721971
v  -17.845255 4.675440 7.640885
v  -19.014277 1.613942 7.296579
v  -16.752642 1.539144 10.627725
v  -16.177870 3.557647 10.272985
v  -11.457851 2.031909 8.388656
v  -11.897206 4.608722 8.376191
v  -13.847525 3.301558 10.721971
v  -13.813616 1.421144 10.970262
v  -13.813616 1.421144 10.970262
v  -13.847525 3.301558 10.721971
v  -16.177870 3.557647 10.272985
v  -16.752642 1.539144 10.627725
v  -17.329973 3.310188 -7.994362
v  -14.826818 4.006091 -10.517872
v  -14.392393 0.044954 -10.258787
v  -17.336044 0.089980 -8.207127
v  -18.823318 2.630787 -4.644114
v  -17.329973 3.310188 -7.994362
v  -17.336044 0.089980 -8.207127
v  -17.898865 0.328793 -4.902646
v  -11.219090 0.119483 -7.857692
v  -10.221866 3.591369 -7.667895
v  -19.402998 1.919836 -0.307074
v  -18.823318 2.630787 -4.644114
v  -17.898865 0.328793 -4.902646
v  -18.713516 0.100204 -0.402452
v  -10.829918 3.404910 -4.542501
v  -11.116708 2.434630 0.074271
v  -11.488486 0.150761 1.360155
v  -10.904340 0.239821 -3.461765
v  -10.874483 2.319056 3.485308
v  -11.457851 2.031909 8.388656
v  -11.521242 -0.004321 7.767082
v  -11.488486 0.150761 1.360155
v  -16.752642 1.539144 10.627725
v  -19.014277 1.613942 7.296579
v  -18.712215 -0.012428 7.050184
v  -16.533609 0.215216 10.025567
v  -11.457851 2.031909 8.388656
v  -13.813616 1.421144 10.970262
v  -14.007168 0.084915 10.153512
v  -11.521242 -0.004321 7.767082
v  -13.813616 1.421144 10.970262
v  -16.752642 1.539144 10.627725
v  -16.533609 0.215216 10.025567
v  -14.007168 0.084915 10.153512
v  -11.488486 0.150761 1.360155
v  -11.521242 -0.004321 7.767082
v  -18.712215 -0.012428 7.050184
v  -18.713516 0.100204 -0.402452
v  -11.521242 -0.004321 7.767082
v  -14.007168 0.084915 10.153512
v  -16.533609 0.215216 10.025567
v  -18.712215 -0.012428 7.050184
v  -10.904340 0.239821 -3.461765
v  -11.488486 0.150761 1.360155
v  -18.713516 0.100204 -0.402452
v  -17.898865 0.328793 -4.902646
v  -19.402998 1.919836 -0.307074
v  -18.713516 0.100204 -0.402452
v  -18.712215 -0.012428 7.050184
v  -19.014277 1.613942 7.296579
v  -10.904340 0.239821 -3.461765
v  -17.898865 0.328793 -4.902646
v  -17.336044 0.089980 -8.207127
v  -11.219090 0.119483 -7.857692
v  -17.329973 3.310188 -7.994362
v  -18.823318 2.630787 -4.644114
v  -17.965939 6.537643 -5.213337
v  -17.299791 6.515873 -7.901825
v  -17.299791 6.515873 -7.901825
v  -17.965939 6.537643 -5.213337
v  -17.643852 8.258763 -5.257905
v  -17.258684 8.507615 -7.775797
v  -11.029007 8.015763 -7.305223
v  -11.104645 8.040947 -4.663150
v  -10.867691 5.938967 -7.095752
v  -17.299791 6.515873 -7.901825
v  -17.258684 8.507615 -7.775797
v  -14.224496 8.886991 -9.693731
v  -14.259216 6.901162 -10.300949
v  -14.259216 6.901162 -10.300949
v  -14.224496 8.886991 -9.693731
v  -11.029007 8.015763 -7.305223
v  -17.258684 8.507615 -7.775797
v  -16.991426 10.545408 -7.692098
v  -14.253167 10.680903 -10.039636
v  -14.224496 8.886991 -9.693731
v  -14.224496 8.886991 -9.693731
v  -14.253167 10.680903 -10.039636
v  -11.311625 9.432302 -8.107215
v  -11.029007 8.015763 -7.305223
v  -11.242087 5.381056 3.442398
v  -10.874483 2.319056 3.485308
v  -11.116708 2.434630 0.074271
v  -11.116708 2.434630 0.074271
v  -10.874483 2.319056 3.485308
v  -11.488486 0.150761 1.360155
v  -19.402998 1.919836 -0.307074
v  -17.871204 5.371668 2.208410
v  -17.341101 6.593795 -0.254607
v  -18.823318 2.630787 -4.644114
v  -16.826733 5.899677 5.254340
v  -14.565442 6.770097 6.325251
v  -14.485454 7.103661 4.871311
v  -16.460957 6.214586 4.054668
v  -14.485454 7.103661 4.871311
v  -14.565442 6.770097 6.325251
v  -12.252599 6.202176 6.050277
v  -12.441469 6.331594 4.919211
v  -16.826733 5.899677 5.254340
v  -16.460957 6.214586 4.054668
v  -16.460958 5.149415 3.374664
v  -16.826735 4.834507 4.574336
v  -12.441469 6.331594 4.919211
v  -12.252599 6.202176 6.050277
v  -12.252600 5.307382 5.585692
v  -12.441471 5.436800 4.454626
v  -14.565442 6.770097 6.325251
v  -16.826733 5.899677 5.254340
v  -15.773411 5.370076 5.318302
v  -14.536451 5.846209 5.904105
v  -16.460957 6.214586 4.054668
v  -14.485454 7.103661 4.871311
v  -14.492696 6.418208 4.209453
v  -15.573326 5.931870 3.762737
v  -12.252599 6.202176 6.050277
v  -14.565442 6.770097 6.325251
v  -14.536451 5.846209 5.904105
v  -13.271293 5.535548 5.753691
v  -14.485454 7.103661 4.871311
v  -12.441469 6.331594 4.919211
v  -13.374607 5.995876 4.235655
v  -14.492696 6.418208 4.209453
v  -16.460958 5.149415 3.374664
v  -16.460957 6.214586 4.054668
v  -15.573326 5.931870 3.762737
v  -15.573327 5.349206 3.390764
v  -16.826733 5.899677 5.254340
v  -16.826735 4.834507 4.574336
v  -15.773412 4.787411 4.946329
v  -15.773411 5.370076 5.318302
v  -16.826735 4.834507 4.574336
v  -16.460958 5.149415 3.374664
v  -15.573327 5.349206 3.390764
v  -15.773412 4.787411 4.946329
v  -12.252600 5.307382 5.585692
v  -12.252599 6.202176 6.050277
v  -13.271293 5.535548 5.753691
v  -13.271293 5.046081 5.499557
v  -12.441469 6.331594 4.919211
v  -12.441471 5.436800 4.454626
v  -13.374608 5.506410 3.981520
v  -13.374607 5.995876 4.235655
v  -12.441471 5.436800 4.454626
v  -12.252600 5.307382 5.585692
v  -13.271293 5.046081 5.499557
v  -13.374608 5.506410 3.981520
v  -17.078966 6.803791 2.822227
v  -14.572336 7.508056 4.180228
v  -14.483670 8.196753 2.676915
v  -17.078966 6.803791 2.822227
v  -16.673506 7.415118 1.590730
v  -16.673506 6.411637 0.613308
v  -17.078968 5.800309 1.844804
v  -14.572336 7.508056 4.180228
v  -17.078966 6.803791 2.822227
v  -15.911366 6.214543 2.772686
v  -14.540201 6.599787 3.515533
v  -12.008559 6.953351 3.754168
v  -14.572336 7.508056 4.180228
v  -14.540201 6.599787 3.515533
v  -13.137776 6.296356 3.282473
v  -17.078966 6.803791 2.822227
v  -17.078968 5.800309 1.844804
v  -15.911366 5.665624 2.238022
v  -15.911366 6.214543 2.772686
v  -17.078968 5.800309 1.844804
v  -16.673506 6.411637 0.613308
v  -15.689571 6.624892 0.675667
v  -15.911366 5.665624 2.238022
v  -12.008561 6.086423 3.048856
v  -12.008559 6.953351 3.754168
v  -13.137776 6.296356 3.282473
v  -13.137777 5.822131 2.896657
v  16.501993 43.072647 -1.390155
v  13.486989 43.025364 0.816407
v  16.227894 44.303341 -4.737428
v  8.933946 42.469692 -0.649275
v  8.675534 42.951149 -4.251212
v  12.637039 44.542519 -5.993480
v  16.403128 13.183702 -7.737359
v  16.991211 10.545356 -7.761338
v  14.252952 10.680859 -10.108876
v  14.320699 13.366477 -9.075355
v  13.937011 13.520438 -2.896701
v  14.078998 11.433798 -1.083502
v  16.549814 13.167156 -5.097601
v  16.549814 13.167156 -5.097601
v  17.298191 10.269653 -4.740430
v  16.991211 10.545356 -7.761338
v  16.403128 13.183702 -7.737359
v  11.670439 12.386450 -4.949261
v  11.456545 9.508500 -4.263906
v  13.937011 13.520438 -2.896701
v  11.311406 9.432265 -8.176455
v  11.456545 9.508500 -4.263906
v  11.670439 12.386450 -4.949261
v  11.816109 12.370574 -7.408920
v  14.320699 13.366477 -9.075355
v  14.252952 10.680859 -10.108876
v  11.311406 9.432265 -8.176455
v  11.816109 12.370574 -7.408920
v  14.258990 6.901118 -10.370189
v  17.299564 6.515820 -7.971065
v  17.329739 3.310134 -8.063602
v  14.826583 4.006044 -10.587112
v  16.991211 10.545356 -7.761338
v  17.298191 10.269653 -4.740430
v  17.258463 8.507563 -7.845037
v  11.028784 8.015728 -7.374462
v  11.104422 8.040911 -4.732390
v  11.456545 9.508500 -4.263906
v  11.311406 9.432265 -8.176455
v  14.593775 6.013853 4.033279
v  14.477853 7.140854 1.751271
v  11.241856 5.381020 3.373160
v  11.116468 2.434594 0.005032
v  11.515581 6.316525 0.909761
v  10.875637 5.793594 -4.668631
v  10.829681 3.404875 -4.611741
v  14.593775 6.013853 4.033279
v  15.263909 5.641306 8.354479
v  17.845022 4.675385 7.571647
v  17.870974 5.371613 2.139171
v  11.896973 4.608684 8.306952
v  15.263909 5.641306 8.354479
v  14.593775 6.013853 4.033279
v  11.241856 5.381020 3.373160
v  17.870974 5.371613 2.139171
v  17.845022 4.675385 7.571647
v  19.014034 1.613884 7.227341
v  19.402758 1.919777 -0.376312
v  11.457610 2.031872 8.319417
v  11.896973 4.608684 8.306952
v  11.241856 5.381020 3.373160
v  10.874244 2.319021 3.416070
v  15.263909 5.641306 8.354479
v  16.177633 3.557597 10.203746
v  17.845022 4.675385 7.571647
v  11.896973 4.608684 8.306952
v  13.847287 3.301514 10.652732
v  16.177633 3.557597 10.203746
v  15.263909 5.641306 8.354479
v  17.845022 4.675385 7.571647
v  16.177633 3.557597 10.203746
v  16.752399 1.539093 10.558485
v  19.014034 1.613884 7.227341
v  11.457610 2.031872 8.319417
v  13.813373 1.421101 10.901023
v  13.847287 3.301514 10.652732
v  11.896973 4.608684 8.306952
v  13.813373 1.421101 10.901023
v  16.752399 1.539093 10.558485
v  16.177633 3.557597 10.203746
v  13.847287 3.301514 10.652732
v  17.329739 3.310134 -8.063602
v  17.335798 0.089926 -8.276367
v  14.392147 0.044909 -10.328028
v  14.826583 4.006044 -10.587112
v  18.823080 2.630729 -4.713354
v  17.898619 0.328739 -4.971885
v  17.335798 0.089926 -8.276367
v  17.329739 3.310134 -8.063602
v  10.829681 3.404875 -4.611741
v  14.392147 0.044909 -10.328028
v  19.402758 1.919777 -0.376312
v  18.713270 0.100147 -0.471691
v  17.898619 0.328739 -4.971885
v  18.823080 2.630729 -4.713354
v  10.829681 3.404875 -4.611741
v  10.904094 0.239786 -3.531004
v  11.488240 0.150725 1.290917
v  11.116468 2.434594 0.005032
v  10.874244 2.319021 3.416070
v  11.488240 0.150725 1.290917
v  11.520995 -0.004358 7.697844
v  11.457610 2.031872 8.319417
v  16.752399 1.539093 10.558485
v  16.533363 0.215166 9.956328
v  18.711969 -0.012484 6.980946
v  19.014034 1.613884 7.227341
v  11.457610 2.031872 8.319417
v  11.520995 -0.004358 7.697844
v  14.006921 0.084872 10.084273
v  13.813373 1.421101 10.901023
v  13.813373 1.421101 10.901023
v  14.006921 0.084872 10.084273
v  16.533363 0.215166 9.956328
v  16.752399 1.539093 10.558485
v  11.488240 0.150725 1.290917
v  18.713270 0.100147 -0.471691
v  18.711969 -0.012484 6.980946
v  11.520995 -0.004358 7.697844
v  16.533363 0.215166 9.956328
v  14.006921 0.084872 10.084273
v  11.520995 -0.004358 7.697844
v  18.711969 -0.012484 6.980946
v  18.713270 0.100147 -0.471691
v  11.488240 0.150725 1.290917
v  10.904094 0.239786 -3.531004
v  17.898619 0.328739 -4.971885
v  18.711969 -0.012484 6.980946
v  18.713270 0.100147 -0.471691
v  19.402758 1.919777 -0.376312
v  19.014034 1.613884 7.227341
v  17.335798 0.089926 -8.276367
v  17.898619 0.328739 -4.971885
v  10.904094 0.239786 -3.531004
v  11.218843 0.119447 -7.926931
v  17.299564 6.515820 -7.971065
v  17.965712 6.537588 -5.282577
v  17.329739 3.310134 -8.063602
v  17.258463 8.507563 -7.845037
v  17.643629 8.258709 -5.327145
v  17.299564 6.515820 -7.971065
v  10.829681 3.404875 -4.611741
v  10.875637 5.793594 -4.668631
v  10.221630 3.591336 -7.737134
v  17.299564 6.515820 -7.971065
v  14.258990 6.901118 -10.370189
v  14.224276 8.886946 -9.762972
v  17.258463 8.507563 -7.845037
v  14.258990 6.901118 -10.370189
v  10.867462 5.938931 -7.164991
v  11.028784 8.015728 -7.374462
v  14.224276 8.886946 -9.762972
v  17.258463 8.507563 -7.845037
v  14.224276 8.886946 -9.762972
v  14.252952 10.680859 -10.108876
v  16.991211 10.545356 -7.761338
v  14.224276 8.886946 -9.762972
v  11.028784 8.015728 -7.374462
v  11.311406 9.432265 -8.176455
v  14.252952 10.680859 -10.108876
v  11.116468 2.434594 0.005032
v  10.874244 2.319021 3.416070
v  11.241856 5.381020 3.373160
v  11.116468 2.434594 0.005032
v  11.488240 0.150725 1.290917
v  10.874244 2.319021 3.416070
v  18.823080 2.630729 -4.713354
v  17.340874 6.593742 -0.323846
v  19.402758 1.919777 -0.376312
v  14.485228 7.103616 4.802073
v  14.565214 6.770051 6.256012
v  16.826504 5.899625 5.185102
v  16.460728 6.214535 3.985430
v  14.485228 7.103616 4.802073
v  12.441241 6.331555 4.849973
v  12.252369 6.202137 5.981039
v  14.565214 6.770051 6.256012
v  16.826504 5.899625 5.185102
v  16.826502 4.834455 4.505097
v  16.460726 5.149365 3.305425
v  16.460728 6.214535 3.985430
v  12.441241 6.331555 4.849973
v  12.441239 5.436760 4.385387
v  12.252368 5.307343 5.516453
v  12.252369 6.202137 5.981039
v  14.565214 6.770051 6.256012
v  14.536222 5.846163 5.834867
v  15.773179 5.370027 5.249063
v  16.826504 5.899625 5.185102
v  16.460728 6.214535 3.985430
v  15.573096 5.931822 3.693498
v  14.492468 6.418162 4.140214
v  14.485228 7.103616 4.802073
v  12.252369 6.202137 5.981039
v  13.271061 5.535506 5.684453
v  14.536222 5.846163 5.834867
v  14.565214 6.770051 6.256012
v  14.485228 7.103616 4.802073
v  14.492468 6.418162 4.140214
v  13.374377 5.995834 4.166417
v  12.441241 6.331555 4.849973
v  16.460726 5.149365 3.305425
v  15.573095 5.349158 3.321526
v  15.573096 5.931822 3.693498
v  16.460728 6.214535 3.985430
v  16.826504 5.899625 5.185102
v  15.773179 5.370027 5.249063
v  15.773178 4.787363 4.877090
v  16.826502 4.834455 4.505097
v  16.826502 4.834455 4.505097
v  15.773178 4.787363 4.877090
v  15.573095 5.349158 3.321526
v  16.460726 5.149365 3.305425
v  12.252368 5.307343 5.516453
v  13.271061 5.046040 5.430318
v  13.271061 5.535506 5.684453
v  12.252369 6.202137 5.981039
v  12.441241 6.331555 4.849973
v  13.374377 5.995834 4.166417
v  13.374376 5.506368 3.912281
v  12.441239 5.436760 4.385387
v  12.441239 5.436760 4.385387
v  13.374376 5.506368 3.912281
v  13.271061 5.046040 5.430318
v  12.252368 5.307343 5.516453
v  14.572111 7.508011 4.110989
v  14.483447 8.196707 2.607676
v  12.008332 6.953313 3.684929
v  17.078739 6.803738 2.752988
v  17.078737 5.800257 1.775566
v  16.673279 6.411585 0.544069
v  12.008332 6.953313 3.684929
v  12.217695 7.347881 2.486235
v  12.008331 6.086385 2.979617
v  14.572111 7.508011 4.110989
v  14.539973 6.599742 3.446295
v  15.911137 6.214494 2.703448
v  17.078739 6.803738 2.752988
v  12.008332 6.953313 3.684929
v  13.137547 6.296314 3.213234
v  14.539973 6.599742 3.446295
v  14.572111 7.508011 4.110989
v  17.078739 6.803738 2.752988
v  15.911137 6.214494 2.703448
v  15.911137 5.665574 2.168784
v  17.078737 5.800257 1.775566
v  17.078737 5.800257 1.775566
v  15.911137 5.665574 2.168784
v  15.689343 6.624844 0.606428
v  12.008331 6.086385 2.979617
v  13.137547 5.822090 2.827418
v  13.137547 6.296314 3.213234
v  12.008332 6.953313 3.684929
v  12.008331 6.086385 2.979617
v  12.217694 6.480949 1.780922
v  13.137547 5.822090 2.827418
v  16.403128 13.183702 -7.737359
v  14.320699 13.366477 -9.075355
v  14.116202 14.340890 -5.665322
v  13.937011 13.520438 -2.896701
v  16.549814 13.167156 -5.097601
v  14.116202 14.340890 -5.665322
v  16.549814 13.167156 -5.097601
v  16.403128 13.183702 -7.737359
v  14.116202 14.340890 -5.665322
v  11.670439 12.386450 -4.949261
v  13.937011 13.520438 -2.896701
v  14.116202 14.340890 -5.665322
v  11.816109 12.370574 -7.408920
v  11.670439 12.386450 -4.949261
v  14.116202 14.340890 -5.665322
v  14.320699 13.366477 -9.075355
v  11.816109 12.370574 -7.408920
v  14.116202 14.340890 -5.665322
v  -4.946599 100.862106 7.341849
v  -4.834900 97.400856 7.517944
v  0.000014 99.848686 8.395026
v  -7.381105 101.734436 5.689165
v  -8.588463 98.259781 5.465304
v  -4.946599 100.862106 7.341849
v  -8.581357 103.488213 -6.495754
v  -8.238999 100.820198 -7.795670
v  -10.564086 103.317169 -3.000914
v  -6.751501 100.926422 -8.665133
v  -8.238999 100.820198 -7.795670
v  -6.451967 103.879356 -6.941957
v  -13.145904 131.583878 -11.872495
v  -13.822443 135.216400 -11.178251
v  -9.534996 134.188278 -10.383751
v  -9.170325 129.387421 -10.472218
v  -9.534996 134.188278 -10.383751
v  -13.822443 135.216400 -11.178251
v  -14.545044 137.498779 -7.305343
v  -13.436495 128.193359 -8.507121
v  -13.548948 127.800842 -3.622823
v  -18.946268 130.422607 -5.423193
v  -20.031263 130.438858 -9.147409
v  -13.145904 131.583878 -11.872495
v  -13.436495 128.193359 -8.507121
v  -20.031263 130.438858 -9.147409
v  -19.832966 132.753616 -11.148906
v  -13.822443 135.216400 -11.178251
v  -13.145904 131.583878 -11.872495
v  -19.832966 132.753616 -11.148906
v  -19.021200 135.894287 -10.491499
v  -14.545044 137.498779 -7.305343
v  -13.822443 135.216400 -11.178251
v  -19.021200 135.894287 -10.491499
v  -19.061756 136.962448 -7.628691
v  -14.720274 136.144928 -4.014926
v  -14.545044 137.498779 -7.305343
v  -19.061756 136.962448 -7.628691
v  -19.126793 135.758209 -4.595215
v  -14.657772 132.257080 -2.817072
v  -14.720274 136.144928 -4.014926
v  -19.126793 135.758209 -4.595215
v  -19.976269 133.248657 -3.871047
v  -13.548948 127.800842 -3.622823
v  -14.657772 132.257080 -2.817072
v  -19.976269 133.248657 -3.871047
v  -18.946268 130.422607 -5.423193
v  -18.946268 130.422607 -5.423193
v  -20.031263 130.438858 -9.147409
v  -19.832966 132.753616 -11.148906
v  -19.021200 135.894287 -10.491499
v  -19.061756 136.962448 -7.628691
v  -19.126793 135.758209 -4.595215
v  -19.976269 133.248657 -3.871047
v  -59.370068 133.089630 -5.992743
v  -59.013325 135.529602 -2.993336
v  -56.736668 133.893600 -2.580382
v  -57.587570 135.721207 -3.544398
v  -59.013325 135.529602 -2.993336
v  -58.597874 133.893829 -1.979484
v  -56.888119 132.707504 -3.381796
v  -56.736668 133.893600 -2.580382
v  -58.597874 133.893829 -1.979484
v  -59.370068 133.089630 -5.992743
v  -58.814575 132.502167 -4.252233
v  -60.975975 132.463043 -3.468321
v  -59.013325 135.529602 -2.993336
v  -59.426434 135.587616 -4.926214
v  -62.315758 135.239075 -4.230742
v  -58.597874 133.893829 -1.979484
v  -59.013325 135.529602 -2.993336
v  -61.796871 135.068787 -1.981262
v  -64.905022 133.853394 -6.109872
v  -61.974350 134.049408 -5.589568
v  -64.975311 132.144073 -5.621569
v  -65.230766 135.038940 -4.555483
v  -62.315758 135.239075 -4.230742
v  -64.905022 133.853394 -6.109872
v  -68.052383 127.462593 3.004859
v  -65.953751 128.753525 2.015776
v  -68.398361 128.711548 3.696884
v  -68.398361 128.711548 3.696884
v  -66.299706 130.002518 2.707800
v  -69.132202 129.200424 2.569149
v  -68.398361 128.711548 3.696884
v  -69.132202 129.200424 2.569149
v  -68.768600 127.999237 1.683164
v  -68.052383 127.462593 3.004859
v  -64.975311 132.144073 -5.621569
v  -67.796997 132.005936 -5.580492
v  -67.571259 133.644440 -6.294819
v  -64.905022 133.853394 -6.109872
v  -67.571259 133.644440 -6.294819
v  -68.184593 134.169067 -4.493979
v  -65.230766 135.038940 -4.555483
v  -64.905022 133.853394 -6.109872
v  -68.199776 133.710342 -1.155940
v  -67.399063 132.521729 0.289282
v  -64.952873 134.408905 -0.695249
v  -64.975311 132.144073 -5.621569
v  -64.231537 131.665192 -2.999838
v  -67.796997 132.005936 -5.580492
v  -68.199776 133.710342 -1.155940
v  -64.952873 134.408905 -0.695249
v  -68.184593 134.169067 -4.493979
v  -67.571259 133.644440 -6.294819
v  -67.796997 132.005936 -5.580492
v  -70.572083 130.871231 -5.334245
v  -70.083916 132.406067 -6.174570
v  -68.184593 134.169067 -4.493979
v  -67.571259 133.644440 -6.294819
v  -70.083916 132.406067 -6.174570
v  -70.270340 133.134232 -4.285974
v  -68.199776 133.710342 -1.155940
v  -68.184593 134.169067 -4.493979
v  -70.270340 133.134232 -4.285974
v  -71.211723 132.064102 -1.171313
v  -67.796997 132.005936 -5.580492
v  -67.435158 131.135651 -0.567323
v  -70.558968 131.185028 -3.110848
v  -70.572083 130.871231 -5.334245
v  -72.820869 131.606888 -3.803835
v  -72.192337 128.959244 0.465898
v  -70.198433 130.271545 0.343575
v  -72.715591 129.986404 0.948783
v  -72.192337 128.959244 0.465898
v  -73.720901 129.434540 -3.228797
v  -72.288040 130.238251 -3.289162
v  -72.715591 129.986404 0.948783
v  -71.211723 132.064102 -1.171313
v  -70.270340 133.134232 -4.285974
v  -72.820869 131.606888 -3.803835
v  -70.270340 133.134232 -4.285974
v  -70.083916 132.406067 -6.174570
v  -72.162483 131.000443 -5.990419
v  -72.820869 131.606888 -3.803835
v  -72.162483 131.000443 -5.990419
v  -70.083916 132.406067 -6.174570
v  -70.572083 130.871231 -5.334245
v  -71.619064 130.241653 -5.181354
v  -71.619064 130.241653 -5.181354
v  -70.572083 130.871231 -5.334245
v  -70.558968 131.185028 -3.110848
v  -72.288040 130.238251 -3.289162
v  -70.558968 131.185028 -3.110848
v  -70.198433 130.271545 0.343575
v  -72.192337 128.959244 0.465898
v  -72.288040 130.238251 -3.289162
v  -71.619064 130.241653 -5.181354
v  -72.288040 130.238251 -3.289162
v  -72.820869 131.606888 -3.803835
v  -72.162483 131.000443 -5.990419
v  -72.288040 130.238251 -3.289162
v  -73.720901 129.434540 -3.228797
v  -74.306953 130.699219 -3.435564
v  -72.820869 131.606888 -3.803835
v  -5.820769 127.033051 4.826692
v  -6.559993 128.460739 3.411668
v  -8.295801 126.650688 4.126318
v  -10.463187 125.073669 2.455277
v  -9.134675 76.349380 -10.732730
v  -2.651147 69.752838 2.585729
v  -2.651147 69.752838 2.585729
v  -2.651147 69.752838 2.585729
v  -2.311287 69.856262 -6.248998
v  -2.031768 74.638542 2.259987
v  -9.950626 120.028885 -3.785834
v  -11.045054 122.046127 -0.994343
v  -10.987386 123.454247 -5.918699
v  0.000048 123.417473 -9.502714
v  -11.656011 75.138512 5.685355
v  -2.031768 74.638542 2.259987
v  -1.124949 78.022072 0.824365
v  -11.258297 81.727943 5.288654
v  -13.805299 11.863499 -2.873368
v  -2.127747 123.125900 -10.525360
v  -2.287639 117.861877 -9.032724
v  -5.361733 117.957245 -8.346343
v  -5.579229 122.412964 -9.799126
v  -13.548948 127.800842 -3.622823
v  -13.436495 128.193359 -8.507121
v  -10.987386 123.454247 -5.918699
v  -2.127747 123.125900 -10.525360
v  -2.043299 128.876663 -11.135600
v  0.000048 123.417473 -9.502714
v  -5.820769 127.033051 4.826692
v  -8.295801 126.650688 4.126318
v  -7.869079 125.753830 5.209719
v  -5.111490 126.401375 5.526151
v  -5.111490 126.401375 5.526151
v  0.000052 126.584824 5.932528
v  0.000053 127.319618 5.468741
v  -5.820769 127.033051 4.826692
v  -6.953191 106.401855 -6.363638
v  -2.808638 106.407173 -7.124706
v  -3.088282 103.955154 -8.054718
v  -6.451967 103.879356 -6.941957
v  -2.808638 106.407173 -7.124706
v  0.000024 106.399284 -7.718561
v  0.000019 104.193993 -8.551641
v  -3.088282 103.955154 -8.054718
v  -4.946599 100.862106 7.341849
v  -5.368814 103.693367 6.984407
v  -7.381105 101.734436 5.689165
v  -9.264038 102.263672 4.249444
v  -8.715044 105.246544 4.118882
v  -9.970936 105.289970 1.125923
v  -10.489001 102.835625 0.629489
v  -9.970936 105.289970 1.125923
v  -9.747375 106.133698 -3.758062
v  -10.564086 103.317169 -3.000914
v  -10.489001 102.835625 0.629489
v  -3.088924 101.441742 -10.060191
v  0.000012 101.734436 -10.531266
v  0.000010 100.922890 -9.873150
v  -3.169474 100.483307 -9.579653
v  -13.436495 128.193359 -8.507121
v  -13.145904 131.583878 -11.872495
v  -9.170325 129.387421 -10.472218
v  -6.166389 122.427002 -9.611259
v  -6.166389 122.427002 -9.611259
v  -6.732102 128.287109 -10.427463
v  -6.097161 128.233276 -10.499756
v  -5.579229 122.412964 -9.799126
v  -9.170325 129.387421 -10.472218
v  -9.534996 134.188278 -10.383751
v  -6.887074 133.716156 -9.619279
v  -11.131016 131.469406 -0.562337
v  -9.867041 134.642639 -1.542290
v  -14.657772 132.257080 -2.817072
v  -0.000000 95.985352 -13.141887
v  -0.000000 89.280037 -14.420863
v  -3.150193 89.022141 -14.316258
v  -11.055355 88.985069 -12.297434
v  -14.489936 88.651192 -6.734646
v  -13.216019 94.140755 -6.988874
v  -16.106026 80.941032 -8.864422
v  -17.093321 80.933479 1.907820
v  -15.829989 86.389244 1.405290
v  -14.489936 88.651192 -6.734646
v  -11.258297 81.727943 5.288654
v  -1.124949 78.022072 0.824365
v  -4.059236 84.157249 3.788893
v  -8.334353 79.123810 -10.563747
v  -16.106026 80.941032 -8.864422
v  -12.078049 84.149689 -11.604720
v  -7.382851 83.239792 -12.010022
v  -7.382851 83.239792 -12.010022
v  -12.078049 84.149689 -11.604720
v  -11.055355 88.985069 -12.297434
v  -7.497395 88.938019 -14.167599
v  -11.055355 88.985069 -12.297434
v  -12.078049 84.149689 -11.604720
v  -16.106026 80.941032 -8.864422
v  -14.489936 88.651192 -6.734646
v  -17.093321 80.933479 1.907820
v  -11.258297 81.727943 5.288654
v  -11.083372 85.631317 4.384672
v  -15.829989 86.389244 1.405290
v  -15.829989 86.389244 1.405290
v  -11.083372 85.631317 4.384672
v  -14.489697 91.618034 -0.196880
v  -1.991471 139.493118 0.083141
v  -2.570952 136.768799 -0.530745
v  0.000069 138.843262 0.597404
v  -3.169700 143.874390 -7.551752
v  -2.643195 139.474045 -6.739030
v  -4.680665 142.065140 -3.610543
v  -4.131374 140.644775 -1.533093
v  -4.680665 142.065140 -3.610543
v  -3.920608 138.231903 -3.924913
v  0.000069 138.843262 0.597404
v  0.000069 138.532440 4.925149
v  -2.094410 139.234100 4.086852
v  -1.991471 139.493118 0.083141
v  -1.991471 139.493118 0.083141
v  -2.094410 139.234100 4.086852
v  -4.762625 141.565277 0.349876
v  -4.131374 140.644775 -1.533093
v  -1.790805 141.335861 5.736090
v  -1.081721 141.946793 6.209436
v  -1.906852 142.580643 5.505649
v  -3.998159 142.925034 4.662169
v  -1.081721 141.946793 6.209436
v  0.000073 141.799774 6.464289
v  0.000074 142.618469 6.255013
v  -1.906852 142.580643 5.505649
v  0.000074 142.618469 6.255013
v  0.000075 143.078003 7.073326
v  -1.054524 143.227066 6.842372
v  -1.906852 142.580643 5.505649
v  -1.906852 142.580643 5.505649
v  -1.057616 144.018204 6.510132
v  -3.998159 142.925034 4.662169
v  -3.998159 142.925034 4.662169
v  -3.998159 142.925034 4.662169
v  -4.684092 142.233810 2.565003
v  -2.035452 139.816666 5.182809
v  -1.790805 141.335861 5.736090
v  -2.035452 139.816666 5.182809
v  0.000070 139.348145 6.488026
v  0.000072 141.054016 6.168576
v  -1.790805 141.335861 5.736090
v  -5.220034 144.737900 2.436088
v  -3.998159 142.925034 4.662169
v  -4.394972 144.980957 4.820846
v  -5.220034 144.737900 2.436088
v  -4.684092 142.233810 2.565003
v  -4.131374 140.644775 -1.533093
v  -4.762625 141.565277 0.349876
v  -5.677791 143.764221 -0.898507
v  -4.680665 142.065140 -3.610543
v  -5.677791 143.764221 -0.898507
v  -5.220034 144.737900 2.436088
v  -5.755673 146.982590 2.063163
v  -6.268580 145.731247 -1.706700
v  -4.680665 142.065140 -3.610543
v  -5.677791 143.764221 -0.898507
v  -6.268580 145.731247 -1.706700
v  -5.526450 145.209106 -3.896850
v  -3.169700 143.874390 -7.551752
v  -4.680665 142.065140 -3.610543
v  -5.526450 145.209106 -3.896850
v  -3.138018 146.135406 -7.401354
v  -5.526450 145.209106 -3.896850
v  -6.268580 145.731247 -1.706700
v  -6.530707 147.798874 -1.501688
v  -7.341385 148.128799 -4.950383
v  -6.563561 145.647141 -3.330074
v  -6.563561 145.647141 -3.330074
v  -7.341385 148.128799 -4.950383
v  -6.424466 148.232635 -5.047449
v  -5.526450 145.209106 -3.896850
v  -6.268580 145.731247 -1.706700
v  -6.563561 145.647141 -3.330074
v  -5.526450 145.209106 -3.896850
v  -3.138018 146.135406 -7.401354
v  -5.488721 149.061478 -7.073309
v  -9.950626 120.028885 -3.785834
v  -10.987386 123.454247 -5.918699
v  -8.839952 118.457512 -6.873645
v  -8.839952 118.457512 -6.873645
v  -14.657772 132.257080 -2.817072
v  -13.548948 127.800842 -3.622823
v  -11.212512 127.737289 0.740891
v  -11.131016 131.469406 -0.562337
v  -11.131016 131.469406 -0.562337
v  -8.287497 130.854538 1.117390
v  -7.956131 133.543320 -1.023482
v  -2.094410 139.234100 4.086852
v  -2.035452 139.816666 5.182809
v  -4.684092 142.233810 2.565003
v  -4.762625 141.565277 0.349876
v  -4.762625 141.565277 0.349876
v  -4.684092 142.233810 2.565003
v  -5.220034 144.737900 2.436088
v  -5.677791 143.764221 -0.898507
v  -14.489936 88.651192 -6.734646
v  -15.829989 86.389244 1.405290
v  -14.489697 91.618034 -0.196880
v  -5.368814 103.693367 6.984407
v  -3.939161 110.628738 6.900614
v  -7.763907 110.559959 4.615299
v  -8.715044 105.246544 4.118882
v  -8.715044 105.246544 4.118882
v  -7.763907 110.559959 4.615299
v  -9.563418 109.907494 0.769490
v  -9.970936 105.289970 1.125923
v  -9.970936 105.289970 1.125923
v  -2.808638 106.407173 -7.124706
v  -2.569959 109.315315 -6.903221
v  0.000028 109.306969 -7.512023
v  0.000024 106.399284 -7.718561
v  -9.747375 106.133698 -3.758062
v  -8.581357 103.488213 -6.495754
v  -10.564086 103.317169 -3.000914
v  -5.368814 103.693367 6.984407
v  -8.715044 105.246544 4.118882
v  -9.264038 102.263672 4.249444
v  -7.381105 101.734436 5.689165
v  -7.381105 101.734436 5.689165
v  -9.264038 102.263672 4.249444
v  -9.849497 98.760155 4.301594
v  -3.088282 103.955154 -8.054718
v  -3.088924 101.441742 -10.060191
v  -6.751501 100.926422 -8.665133
v  -6.451967 103.879356 -6.941957
v  -6.751501 100.926422 -8.665133
v  -3.088924 101.441742 -10.060191
v  -3.169474 100.483307 -9.579653
v  -8.581357 103.488213 -6.495754
v  -9.747375 106.133698 -3.758062
v  -6.953191 106.401855 -6.363638
v  -6.451967 103.879356 -6.941957
v  -9.747375 106.133698 -3.758062
v  -1.906852 142.580643 5.505649
v  -1.054524 143.227066 6.842372
v  -1.057616 144.018204 6.510132
v  -10.588312 121.056625 -0.434766
v  -11.045054 122.046127 -0.994343
v  -9.804094 119.145691 -3.255464
v  -10.588312 121.056625 -0.434766
v  -9.760550 119.344910 0.936869
v  -10.300229 122.166428 2.814418
v  -10.018714 124.602455 3.744596
v  -5.111490 126.401375 5.526151
v  -10.018714 124.602455 3.744596
v  -10.463187 125.073669 2.455277
v  -10.553620 123.753250 2.406693
v  -16.478090 76.690254 -7.795642
v  -11.258297 81.727943 5.288654
v  -16.478090 76.690254 -7.795642
v  -16.106026 80.941032 -8.864422
v  -8.334353 79.123810 -10.563747
v  -9.134675 76.349380 -10.732730
v  -9.134675 76.349380 -10.732730
v  -8.334353 79.123810 -10.563747
v  -2.166973 76.557961 -7.302979
v  -11.656011 75.138512 5.685355
v  -5.579229 122.412964 -9.799126
v  -5.361733 117.957245 -8.346343
v  -6.008713 118.050293 -8.072409
v  -6.166389 122.427002 -9.611259
v  -6.166389 122.427002 -9.611259
v  -8.982910 122.513680 -8.724430
v  -6.732102 128.287109 -10.427463
v  -3.088924 101.441742 -10.060191
v  -3.088282 103.955154 -8.054718
v  0.000019 104.193993 -8.551641
v  0.000012 101.734436 -10.531266
v  0.000019 103.109955 8.094559
v  -5.368814 103.693367 6.984407
v  -4.946599 100.862106 7.341849
v  0.000014 99.848686 8.395026
v  0.000004 95.689064 8.050977
v  -4.955978 96.611290 6.813196
v  -5.403278 89.382980 6.079350
v  0.000071 140.402176 -7.701770
v  -2.643195 139.474045 -6.739030
v  -3.169700 143.874390 -7.551752
v  0.000076 143.874374 -8.320189
v  -1.081721 141.946793 6.209436
v  -1.790805 141.335861 5.736090
v  0.000072 141.054016 6.168576
v  0.000073 141.799774 6.464289
v  0.000076 143.874374 -8.320189
v  -3.169700 143.874390 -7.551752
v  -3.138018 146.135406 -7.401354
v  0.000079 146.281738 -8.782054
v  -2.035452 139.816666 5.182809
v  -2.094410 139.234100 4.086852
v  0.000069 138.532440 4.925149
v  0.000070 139.348145 6.488026
v  0.000007 96.505165 8.755973
v  -4.834900 97.400856 7.517944
v  -4.955978 96.611290 6.813196
v  0.000004 95.689064 8.050977
v  -0.000000 95.985352 -13.141887
v  -3.829296 95.905701 -12.550718
v  -3.169474 100.483307 -9.579653
v  0.000010 100.922890 -9.873150
v  0.000007 96.505165 8.755973
v  4.834915 97.400848 7.517944
v  0.000014 99.848686 8.395026
v  10.489036 102.835602 0.629489
v  9.264072 102.263649 4.249444
v  9.849513 98.760139 4.301594
v  10.564121 103.317139 -3.000914
v  10.489036 102.835602 0.629489
v  11.651815 99.521553 0.319381
v  6.452003 103.879341 -6.941957
v  8.581391 103.488190 -6.495754
v  8.239016 100.820183 -7.795670
v  6.751517 100.926414 -8.665133
v  9.535121 134.188263 -10.383751
v  13.822571 135.216354 -11.178249
v  13.146020 131.583847 -11.872495
v  9.170436 129.387405 -10.472219
v  9.535121 134.188263 -10.383751
v  9.513038 136.214523 -6.332549
v  14.545177 137.498734 -7.305340
v  13.822571 135.216354 -11.178249
v  14.545177 137.498734 -7.305340
v  9.513038 136.214523 -6.332549
v  14.720404 136.144882 -4.014924
v  13.436602 128.193329 -8.507123
v  20.031374 130.438797 -9.147407
v  18.946381 130.422562 -5.423191
v  13.549054 127.800812 -3.622825
v  13.146020 131.583847 -11.872495
v  19.833084 132.753571 -11.148903
v  20.031374 130.438797 -9.147407
v  13.436602 128.193329 -8.507123
v  13.822571 135.216354 -11.178249
v  19.021328 135.894241 -10.491496
v  19.833084 132.753571 -11.148903
v  13.146020 131.583847 -11.872495
v  14.545177 137.498734 -7.305340
v  19.061888 136.962402 -7.628688
v  19.021328 135.894241 -10.491496
v  13.822571 135.216354 -11.178249
v  14.720404 136.144882 -4.014924
v  19.126919 135.758148 -4.595212
v  19.061888 136.962402 -7.628688
v  14.545177 137.498734 -7.305340
v  14.657890 132.257034 -2.817071
v  19.976389 133.248611 -3.871044
v  19.126919 135.758148 -4.595212
v  14.720404 136.144882 -4.014924
v  13.549054 127.800812 -3.622825
v  18.946381 130.422562 -5.423191
v  19.976389 133.248611 -3.871044
v  14.657890 132.257034 -2.817071
v  20.031374 130.438797 -9.147407
v  24.303921 130.717941 -9.135771
v  23.810417 130.894440 -5.718151
v  18.946381 130.422562 -5.423191
v  19.833084 132.753571 -11.148903
v  24.233635 133.364670 -10.849797
v  24.303921 130.717941 -9.135771
v  20.031374 130.438797 -9.147407
v  19.021328 135.894241 -10.491496
v  24.875566 135.385818 -10.245754
v  24.233635 133.364670 -10.849797
v  19.833084 132.753571 -11.148903
v  19.061888 136.962402 -7.628688
v  25.533323 136.113571 -7.985423
v  24.875566 135.385818 -10.245754
v  19.021328 135.894241 -10.491496
v  19.126919 135.758148 -4.595212
v  24.799414 135.635284 -6.111793
v  25.533323 136.113571 -7.985423
v  19.061888 136.962402 -7.628688
v  19.976389 133.248611 -3.871044
v  24.305740 133.308472 -4.946618
v  24.799414 135.635284 -6.111793
v  19.126919 135.758148 -4.595212
v  18.946381 130.422562 -5.423191
v  23.810417 130.894440 -5.718151
v  24.305740 133.308472 -4.946618
v  19.976389 133.248611 -3.871044
v  56.888241 132.707367 -3.381792
v  58.598000 133.893692 -1.979479
v  56.888241 132.707367 -3.381792
v  58.666397 132.762817 -2.777091
v  58.598000 133.893692 -1.979479
v  56.736794 133.893463 -2.580377
v  59.370193 133.089478 -5.992738
v  61.578720 132.754517 -5.495262
v  60.976097 132.462891 -3.468317
v  59.370193 133.089478 -5.992738
v  61.797001 135.068634 -1.981257
v  58.598000 133.893692 -1.979479
v  60.981674 133.411850 -0.846489
v  61.797001 135.068634 -1.981257
v  59.013458 135.529465 -2.993331
v  58.598000 133.893692 -1.979479
v  58.666397 132.762817 -2.777091
v  60.981674 133.411850 -0.846489
v  64.975433 132.143921 -5.621563
v  64.231659 131.665024 -2.999834
v  60.976097 132.462891 -3.468317
v  68.398468 128.711380 3.696889
v  68.052490 127.462418 3.004864
v  68.768707 127.999062 1.683169
v  64.975433 132.143921 -5.621563
v  64.905144 133.853241 -6.109867
v  67.571381 133.644257 -6.294814
v  67.797119 132.005753 -5.580488
v  65.230888 135.038788 -4.555479
v  68.184715 134.168884 -4.493974
v  67.571381 133.644257 -6.294814
v  64.905144 133.853241 -6.109867
v  68.199898 133.710175 -1.155935
v  64.952995 134.408737 -0.695244
v  67.399185 132.521561 0.289286
v  65.230888 135.038788 -4.555479
v  64.952995 134.408737 -0.695244
v  68.184715 134.168884 -4.493974
v  67.571381 133.644257 -6.294814
v  70.084030 132.405884 -6.174564
v  70.572189 130.871048 -5.334240
v  67.797119 132.005753 -5.580488
v  68.184715 134.168884 -4.493974
v  70.270462 133.134048 -4.285969
v  70.084030 132.405884 -6.174564
v  67.571381 133.644257 -6.294814
v  68.199898 133.710175 -1.155935
v  71.211830 132.063919 -1.171309
v  70.270462 133.134048 -4.285969
v  68.184715 134.168884 -4.493974
v  67.797119 132.005753 -5.580488
v  70.572189 130.871048 -5.334240
v  70.559074 131.184845 -3.110844
v  68.199898 133.710175 -1.155935
v  67.399185 132.521561 0.289286
v  71.211830 132.063919 -1.171309
v  71.211830 132.063919 -1.171309
v  74.012993 130.273361 -1.012501
v  74.307060 130.699020 -3.435559
v  72.820976 131.606705 -3.803830
v  71.211830 132.063919 -1.171309
v  70.420296 131.485886 0.757126
v  74.012993 130.273361 -1.012501
v  72.192444 128.959061 0.465902
v  72.288147 130.238068 -3.289157
v  73.721008 129.434357 -3.228793
v  71.211830 132.063919 -1.171309
v  72.820976 131.606705 -3.803830
v  70.270462 133.134048 -4.285969
v  72.162590 131.000259 -5.990415
v  70.084030 132.405884 -6.174564
v  70.270462 133.134048 -4.285969
v  72.820976 131.606705 -3.803830
v  72.162590 131.000259 -5.990415
v  71.619171 130.241470 -5.181349
v  70.572189 130.871048 -5.334240
v  70.084030 132.405884 -6.174564
v  71.619171 130.241470 -5.181349
v  72.288147 130.238068 -3.289157
v  70.559074 131.184845 -3.110844
v  70.572189 130.871048 -5.334240
v  72.192444 128.959061 0.465902
v  70.198540 130.271378 0.343579
v  70.559074 131.184845 -3.110844
v  72.288147 130.238068 -3.289157
v  71.619171 130.241470 -5.181349
v  72.162590 131.000259 -5.990415
v  72.820976 131.606705 -3.803830
v  72.288147 130.238068 -3.289157
v  72.820976 131.606705 -3.803830
v  8.295906 126.650665 4.126318
v  8.404840 128.149582 2.933231
v  6.560102 128.460724 3.411668
v  5.820874 127.033035 4.826692
v  10.463287 125.073639 2.455277
v  56.888241 132.707367 -3.381792
v  56.736794 133.893463 -2.580377
v  11.655973 75.138474 5.685355
v  2.311237 69.856247 -6.248999
v  11.258287 81.727928 5.288654
v  1.124948 78.022072 0.824365
v  11.655973 75.138474 5.685355
v  8.295906 126.650665 4.126318
v  10.463287 125.073639 2.455277
v  8.404840 128.149582 2.933231
v  5.579322 122.412949 -9.799126
v  13.436602 128.193329 -8.507123
v  10.987482 123.454216 -5.918702
v  9.170436 129.387405 -10.472219
v  5.579322 122.412949 -9.799126
v  2.127841 123.125893 -10.525360
v  2.043415 128.876663 -11.135603
v  2.127841 123.125893 -10.525360
v  0.000048 123.417473 -9.502714
v  2.043415 128.876663 -11.135603
v  5.111594 126.401360 5.526151
v  5.820874 127.033035 4.826692
v  10.588401 121.056602 -0.434766
v  11.045147 122.046097 -0.994344
v  10.553718 123.753220 2.406693
v  6.953239 106.401833 -6.363638
v  6.452003 103.879341 -6.941957
v  3.088319 103.955147 -8.054718
v  2.808686 106.407166 -7.124706
v  0.000019 104.193993 -8.551641
v  0.000024 106.399284 -7.718561
v  2.808686 106.407166 -7.124706
v  3.088319 103.955147 -8.054718
v  4.946629 100.862091 7.341849
v  7.381138 101.734413 5.689165
v  5.368854 103.693352 6.984407
v  10.489036 102.835602 0.629489
v  9.970981 105.289948 1.125923
v  10.489036 102.835602 0.629489
v  10.564121 103.317139 -3.000914
v  9.747423 106.133675 -3.758062
v  6.751517 100.926414 -8.665133
v  8.239016 100.820183 -7.795670
v  6.808565 99.909096 -8.294898
v  3.088946 101.441734 -10.060191
v  3.169489 100.483299 -9.579653
v  0.000010 100.922890 -9.873150
v  0.000012 101.734436 -10.531266
v  13.436602 128.193329 -8.507123
v  9.170436 129.387405 -10.472219
v  13.146020 131.583847 -11.872495
v  5.579322 122.412949 -9.799126
v  6.097276 128.233261 -10.499753
v  6.166481 122.426987 -9.611259
v  9.535121 134.188263 -10.383751
v  6.887430 133.716003 -9.619231
v  9.513038 136.214523 -6.332549
v  14.720404 136.144882 -4.014924
v  9.867336 134.642258 -1.542119
v  14.657890 132.257034 -2.817071
v  7.497395 88.938026 -14.167599
v  7.382855 83.239792 -12.010022
v  3.003131 82.148003 -11.175530
v  16.106012 80.940994 -8.864421
v  14.489936 88.651192 -6.734646
v  15.829988 86.389221 1.405291
v  17.093302 80.933426 1.907820
v  11.258287 81.727928 5.288654
v  11.083371 85.631317 4.384672
v  4.059237 84.157249 3.788893
v  8.334350 79.123802 -10.563747
v  7.382855 83.239792 -12.010022
v  12.078049 84.149689 -11.604720
v  16.106012 80.940994 -8.864421
v  8.334350 79.123802 -10.563747
v  2.166970 76.557961 -7.302979
v  7.382855 83.239792 -12.010022
v  7.382855 83.239792 -12.010022
v  7.497395 88.938026 -14.167599
v  11.055355 88.985077 -12.297434
v  12.078049 84.149689 -11.604720
v  11.055355 88.985077 -12.297434
v  14.489936 88.651192 -6.734646
v  16.106012 80.940994 -8.864421
v  12.078049 84.149689 -11.604720
v  15.829988 86.389221 1.405291
v  11.083371 85.631317 4.384672
v  17.093302 80.933426 1.907820
v  4.131517 140.644775 -1.533093
v  2.571177 136.768845 -0.530783
v  3.921012 138.231918 -3.924962
v  4.680812 142.065140 -3.610543
v  2.094549 139.234100 4.086852
v  0.000069 138.532440 4.925149
v  0.000069 138.843262 0.597404
v  1.991610 139.493118 0.083141
v  4.762770 141.565262 0.349876
v  2.094549 139.234100 4.086852
v  1.991610 139.493118 0.083141
v  4.131517 140.644775 -1.533093
v  1.790950 141.335861 5.736090
v  3.998309 142.925018 4.662169
v  1.907000 142.580643 5.505649
v  1.081867 141.946793 6.209436
v  1.081867 141.946793 6.209436
v  1.907000 142.580643 5.505649
v  0.000074 142.618469 6.255013
v  0.000073 141.799774 6.464289
v  1.907000 142.580643 5.505649
v  1.907000 142.580643 5.505649
v  3.998309 142.925018 4.662169
v  1.057769 144.018204 6.510132
v  3.998309 142.925018 4.662169
v  1.790950 141.335861 5.736090
v  2.035593 139.816666 5.182809
v  4.684239 142.233795 2.565003
v  0.000072 141.054016 6.168576
v  0.000070 139.348145 6.488026
v  2.035593 139.816666 5.182809
v  1.790950 141.335861 5.736090
v  4.684239 142.233795 2.565003
v  5.677942 143.764206 -0.898507
v  4.762770 141.565262 0.349876
v  4.131517 140.644775 -1.533093
v  4.680812 142.065140 -3.610543
v  5.677942 143.764206 -0.898507
v  6.268737 145.731232 -1.706700
v  5.755834 146.982574 2.063163
v  5.220189 144.737885 2.436088
v  6.530870 147.798859 -1.501688
v  4.680812 142.065140 -3.610543
v  5.526606 145.209091 -3.896850
v  6.268737 145.731232 -1.706700
v  5.677942 143.764206 -0.898507
v  3.169852 143.874374 -7.551752
v  3.138176 146.135391 -7.401354
v  5.526606 145.209091 -3.896850
v  4.680812 142.065140 -3.610543
v  6.563718 145.647125 -3.330074
v  5.526606 145.209091 -3.896850
v  6.268737 145.731232 -1.706700
v  5.526606 145.209091 -3.896850
v  6.563718 145.647125 -3.330074
v  3.131825 151.546356 -9.358582
v  9.804178 119.145660 -3.255464
v  14.657890 132.257034 -2.817071
v  11.131133 131.469376 -0.562338
v  11.212619 127.737259 0.740889
v  13.549054 127.800812 -3.622825
v  11.131133 131.469376 -0.562338
v  9.867336 134.642258 -1.542119
v  7.956350 133.543106 -1.023388
v  2.094549 139.234100 4.086852
v  4.762770 141.565262 0.349876
v  4.684239 142.233795 2.565003
v  2.035593 139.816666 5.182809
v  4.762770 141.565262 0.349876
v  5.677942 143.764206 -0.898507
v  5.220189 144.737885 2.436088
v  4.684239 142.233795 2.565003
v  8.715090 105.246521 4.118882
v  9.747423 106.133675 -3.758062
v  9.166890 109.703262 -4.293631
v  9.563476 109.907471 0.769490
v  9.970981 105.289948 1.125923
v  2.808686 106.407166 -7.124706
v  0.000024 106.399284 -7.718561
v  9.747423 106.133675 -3.758062
v  10.564121 103.317139 -3.000914
v  8.581391 103.488190 -6.495754
v  7.381138 101.734413 5.689165
v  7.381138 101.734413 5.689165
v  8.588479 98.259766 5.465304
v  9.849513 98.760139 4.301594
v  9.264072 102.263649 4.249444
v  6.751517 100.926414 -8.665133
v  3.088946 101.441734 -10.060191
v  3.088319 103.955147 -8.054718
v  6.452003 103.879341 -6.941957
v  6.751517 100.926414 -8.665133
v  6.808565 99.909096 -8.294898
v  3.169489 100.483299 -9.579653
v  3.088946 101.441734 -10.060191
v  6.953239 106.401833 -6.363638
v  9.747423 106.133675 -3.758062
v  8.581391 103.488190 -6.495754
v  6.452003 103.879341 -6.941957
v  6.953239 106.401833 -6.363638
v  6.452020 109.472336 -5.640964
v  9.166890 109.703262 -4.293631
v  9.747423 106.133675 -3.758062
v  1.907000 142.580643 5.505649
v  1.057769 144.018204 6.510132
v  1.054675 143.227066 6.842372
v  10.588401 121.056602 -0.434766
v  10.553718 123.753220 2.406693
v  10.018812 124.602432 3.744596
v  3.389454 124.940094 7.032476
v  5.111594 126.401360 5.526151
v  10.018812 124.602432 3.744596
v  10.553718 123.753220 2.406693
v  10.463287 125.073639 2.455277
v  17.093302 80.933426 1.907820
v  11.655973 75.138474 5.685355
v  17.550390 75.917786 1.337691
v  17.093302 80.933426 1.907820
v  11.258287 81.727928 5.288654
v  16.478060 76.690208 -7.795640
v  9.134654 76.349365 -10.732730
v  8.334350 79.123802 -10.563747
v  16.106012 80.940994 -8.864421
v  9.134654 76.349365 -10.732730
v  1.885486 73.510132 -6.851387
v  2.166970 76.557961 -7.302979
v  8.334350 79.123802 -10.563747
v  11.655973 75.138474 5.685355
v  2.031744 74.638535 2.259986
v  11.551498 69.290878 5.325442
v  11.131133 131.469376 -0.562338
v  8.287595 130.854477 1.117412
v  11.212619 127.737259 0.740889
v  6.166481 122.426987 -9.611259
v  6.166481 122.426987 -9.611259
v  6.732215 128.287094 -10.427460
v  8.983004 122.513657 -8.724431
v  0.000019 104.193993 -8.551641
v  3.088319 103.955147 -8.054718
v  3.088946 101.441734 -10.060191
v  0.000012 101.734436 -10.531266
v  0.000019 103.109955 8.094559
v  0.000014 99.848686 8.395026
v  4.946629 100.862091 7.341849
v  5.368854 103.693352 6.984407
v  0.000004 95.689064 8.050977
v  0.000000 87.963593 6.818766
v  5.403278 89.382988 6.079350
v  0.000071 140.402176 -7.701770
v  0.000076 143.874374 -8.320189
v  3.169852 143.874374 -7.551752
v  0.000072 141.054016 6.168576
v  1.790950 141.335861 5.736090
v  1.081867 141.946793 6.209436
v  0.000073 141.799774 6.464289
v  0.000076 143.874374 -8.320189
v  0.000079 146.281738 -8.782054
v  3.138176 146.135391 -7.401354
v  3.169852 143.874374 -7.551752
v  0.000069 138.532440 4.925149
v  2.094549 139.234100 4.086852
v  2.035593 139.816666 5.182809
v  0.000070 139.348145 6.488026
v  0.000007 96.505165 8.755973
v  0.000004 95.689064 8.050977
v  4.955988 96.611282 6.813196
v  -0.000000 95.985352 -13.141887
v  0.000010 100.922890 -9.873150
v  3.169489 100.483299 -9.579653
v  5.368854 103.693352 6.984407
v  -13.805299 11.863499 -2.873368
v  -17.298407 10.269707 -4.671191
v  -14.079210 11.433842 -1.014263
v  -17.298407 10.269707 -4.671191
v  -16.991426 10.545408 -7.692098
v  -17.258684 8.507615 -7.775797
v  -17.643852 8.258763 -5.257905
v  -11.104645 8.040947 -4.663150
v  -10.221866 3.591369 -7.667895
v  -17.341101 6.593795 -0.254607
v  -14.478079 7.140899 1.820510
v  -14.594005 6.013898 4.102518
v  -11.242087 5.381056 3.442398
v  -11.515810 6.316562 0.979000
v  -17.965939 6.537643 -5.213337
v  -18.823318 2.630787 -4.644114
v  -17.341101 6.593795 -0.254607
v  -11.515810 6.316562 0.979000
v  -10.875866 5.793629 -4.599391
v  -10.875866 5.793629 -4.599391
v  -10.829918 3.404910 -4.542501
v  -10.221866 3.591369 -7.667895
v  -10.867691 5.938967 -7.095752
v  -10.867691 5.938967 -7.095752
v  -11.104645 8.040947 -4.663150
v  -11.129391 8.558871 -2.864364
v  -11.515810 6.316562 0.979000
v  -10.875866 5.793629 -4.599391
v  -11.515810 6.316562 0.979000
v  -11.129391 8.558871 -2.864364
v  -14.367001 9.475736 -1.116107
v  -14.478079 7.140899 1.820510
v  -14.367001 9.475736 -1.116107
v  -17.706072 8.908223 -3.210628
v  -17.341101 6.593795 -0.254607
v  -14.478079 7.140899 1.820510
v  -17.706072 8.908223 -3.210628
v  -17.643852 8.258763 -5.257905
v  -17.965939 6.537643 -5.213337
v  -17.341101 6.593795 -0.254607
v  -11.104645 8.040947 -4.663150
v  -11.456763 9.508536 -4.194666
v  -11.129391 8.558871 -2.864364
v  -11.129391 8.558871 -2.864364
v  -11.456763 9.508536 -4.194666
v  -14.079210 11.433842 -1.014263
v  -14.367001 9.475736 -1.116107
v  -14.079210 11.433842 -1.014263
v  -17.298407 10.269707 -4.671191
v  -17.706072 8.908223 -3.210628
v  -14.367001 9.475736 -1.116107
v  -17.706072 8.908223 -3.210628
v  -17.298407 10.269707 -4.671191
v  -17.643852 8.258763 -5.257905
v  -11.515810 6.316562 0.979000
v  -16.673506 7.415118 1.590730
v  -14.483670 8.196753 2.676915
v  -14.572336 7.508056 4.180228
v  -12.008559 6.953351 3.754168
v  -12.217921 7.347920 2.555473
v  -12.217921 7.347920 2.555473
v  -12.008559 6.953351 3.754168
v  -12.008561 6.086423 3.048856
v  -12.217922 6.480989 1.850161
v  -16.673506 7.415118 1.590730
v  -14.483670 8.196753 2.676915
v  -14.491697 7.601377 1.804490
v  -15.689570 7.173811 1.210331
v  -14.483670 8.196753 2.676915
v  -12.217921 7.347920 2.555473
v  -13.252300 7.137052 1.738060
v  -14.491697 7.601377 1.804490
v  -16.673506 6.411637 0.613308
v  -16.673506 7.415118 1.590730
v  -15.689570 7.173811 1.210331
v  -15.689571 6.624892 0.675667
v  -12.217921 7.347920 2.555473
v  -12.217922 6.480989 1.850161
v  -13.252301 6.662828 1.352244
v  -13.252300 7.137052 1.738060
v  -12.217922 6.480989 1.850161
v  -12.008561 6.086423 3.048856
v  -13.137777 5.822131 2.896657
v  -13.252301 6.662828 1.352244
v  -16.881298 8.149776 0.554141
v  -14.566932 8.621788 1.885359
v  -14.485065 9.442141 0.597758
v  -16.506937 8.864926 -0.494672
v  -14.485065 9.442141 0.597758
v  -14.566932 8.621788 1.885359
v  -12.199800 8.168465 1.425411
v  -12.393104 8.681218 0.379130
v  -16.881298 8.149776 0.554141
v  -16.506937 8.864926 -0.494672
v  -16.506939 8.071039 -1.515744
v  -16.881300 7.355890 -0.466932
v  -12.393104 8.681218 0.379130
v  -12.199800 8.168465 1.425411
v  -12.199800 7.464982 0.670503
v  -12.393105 7.977734 -0.375778
v  -14.566932 8.621788 1.885359
v  -16.881298 8.149776 0.554141
v  -15.803253 7.617152 0.434164
v  -14.537261 7.875349 1.162360
v  -16.506937 8.864926 -0.494672
v  -14.485065 9.442141 0.597758
v  -14.492477 9.008184 -0.275573
v  -15.598472 8.692441 -0.873148
v  -12.199800 8.168465 1.425411
v  -14.566932 8.621788 1.885359
v  -14.537261 7.875349 1.162360
v  -13.242405 7.627375 0.910762
v  -14.485065 9.442141 0.597758
v  -12.393104 8.681218 0.379130
v  -13.348144 8.591949 -0.395166
v  -14.492477 9.008184 -0.275573
v  -16.506939 8.071039 -1.515744
v  -16.506937 8.864926 -0.494672
v  -15.598472 8.692441 -0.873148
v  -15.598473 8.258173 -1.431690
v  -16.881298 8.149776 0.554141
v  -16.881300 7.355890 -0.466932
v  -15.803254 7.182884 -0.124378
v  -15.803253 7.617152 0.434164
v  -16.881300 7.355890 -0.466932
v  -16.506939 8.071039 -1.515744
v  -15.598473 8.258173 -1.431690
v  -15.803254 7.182884 -0.124378
v  -12.199800 7.464982 0.670503
v  -12.199800 8.168465 1.425411
v  -13.242405 7.627375 0.910762
v  -13.242406 7.242557 0.497817
v  -12.393104 8.681218 0.379130
v  -12.393105 7.977734 -0.375778
v  -13.348145 8.207132 -0.808111
v  -13.348144 8.591949 -0.395166
v  -12.393105 7.977734 -0.375778
v  -12.199800 7.464982 0.670503
v  -13.242406 7.242557 0.497817
v  -13.348145 8.207132 -0.808111
v  17.298191 10.269653 -4.740430
v  14.078998 11.433798 -1.083502
v  17.643629 8.258709 -5.327145
v  14.258990 6.901118 -10.370189
v  14.477853 7.140854 1.751271
v  14.593775 6.013853 4.033279
v  17.870974 5.371613 2.139171
v  17.340874 6.593742 -0.323846
v  11.515581 6.316525 0.909761
v  17.965712 6.537588 -5.282577
v  17.340874 6.593742 -0.323846
v  18.823080 2.630729 -4.713354
v  18.823080 2.630729 -4.713354
v  17.965712 6.537588 -5.282577
v  11.104422 8.040911 -4.732390
v  11.028784 8.015728 -7.374462
v  10.867462 5.938931 -7.164991
v  10.875637 5.793594 -4.668631
v  10.867462 5.938931 -7.164991
v  11.515581 6.316525 0.909761
v  11.129169 8.558836 -2.933604
v  11.104422 8.040911 -4.732390
v  10.875637 5.793594 -4.668631
v  11.515581 6.316525 0.909761
v  14.477853 7.140854 1.751271
v  14.366781 9.475691 -1.185346
v  11.129169 8.558836 -2.933604
v  17.340874 6.593742 -0.323846
v  17.705853 8.908169 -3.279867
v  14.366781 9.475691 -1.185346
v  14.477853 7.140854 1.751271
v  17.965712 6.537588 -5.282577
v  17.643629 8.258709 -5.327145
v  17.705853 8.908169 -3.279867
v  17.340874 6.593742 -0.323846
v  11.104422 8.040911 -4.732390
v  11.129169 8.558836 -2.933604
v  11.456545 9.508500 -4.263906
v  11.129169 8.558836 -2.933604
v  14.366781 9.475691 -1.185346
v  14.078998 11.433798 -1.083502
v  11.456545 9.508500 -4.263906
v  17.705853 8.908169 -3.279867
v  17.298191 10.269653 -4.740430
v  14.078998 11.433798 -1.083502
v  14.366781 9.475691 -1.185346
v  17.705853 8.908169 -3.279867
v  17.643629 8.258709 -5.327145
v  17.298191 10.269653 -4.740430
v  11.515581 6.316525 0.909761
v  17.870974 5.371613 2.139171
v  14.483447 8.196707 2.607676
v  14.572111 7.508011 4.110989
v  17.078739 6.803738 2.752988
v  16.673281 7.415066 1.521491
v  12.217695 7.347881 2.486235
v  16.673281 7.415066 1.521491
v  12.217694 6.480949 1.780922
v  16.673281 7.415066 1.521491
v  15.689344 7.173763 1.141093
v  14.491472 7.601331 1.735251
v  14.483447 8.196707 2.607676
v  14.483447 8.196707 2.607676
v  14.491472 7.601331 1.735251
v  13.252074 7.137010 1.668821
v  12.217695 7.347881 2.486235
v  16.673279 6.411585 0.544069
v  15.689343 6.624844 0.606428
v  15.689344 7.173763 1.141093
v  16.673281 7.415066 1.521491
v  16.673279 6.411585 0.544069
v  12.217695 7.347881 2.486235
v  13.252074 7.137010 1.668821
v  13.252073 6.662786 1.283005
v  12.217694 6.480949 1.780922
v  13.252073 6.662786 1.283005
v  14.484845 9.442095 0.528519
v  14.566710 8.621742 1.816120
v  16.881075 8.149724 0.484902
v  16.506718 8.864876 -0.563911
v  14.484845 9.442095 0.528519
v  12.392882 8.681179 0.309891
v  12.199576 8.168426 1.356172
v  14.566710 8.621742 1.816120
v  16.881075 8.149724 0.484902
v  16.881075 7.355838 -0.536171
v  16.506716 8.070988 -1.584983
v  16.506718 8.864876 -0.563911
v  12.392882 8.681179 0.309891
v  12.392881 7.977695 -0.445017
v  12.199575 7.464943 0.601264
v  12.199576 8.168426 1.356172
v  14.566710 8.621742 1.816120
v  14.537037 7.875304 1.093122
v  15.803029 7.617103 0.364925
v  16.881075 8.149724 0.484902
v  16.506718 8.864876 -0.563911
v  15.598250 8.692392 -0.942387
v  14.492257 9.008140 -0.344812
v  14.484845 9.442095 0.528519
v  12.199576 8.168426 1.356172
v  13.242180 7.627333 0.841523
v  14.537037 7.875304 1.093122
v  14.566710 8.621742 1.816120
v  14.484845 9.442095 0.528519
v  14.492257 9.008140 -0.344812
v  13.347922 8.591906 -0.464405
v  12.392882 8.681179 0.309891
v  16.506716 8.070988 -1.584983
v  15.598250 8.258125 -1.500929
v  15.598250 8.692392 -0.942387
v  16.506718 8.864876 -0.563911
v  16.881075 8.149724 0.484902
v  15.803029 7.617103 0.364925
v  15.803028 7.182835 -0.193617
v  16.881075 7.355838 -0.536171
v  16.881075 7.355838 -0.536171
v  15.803028 7.182835 -0.193617
v  15.598250 8.258125 -1.500929
v  16.506716 8.070988 -1.584983
v  12.199575 7.464943 0.601264
v  13.242180 7.242515 0.428578
v  13.242180 7.627333 0.841523
v  12.199576 8.168426 1.356172
v  12.392882 8.681179 0.309891
v  13.347922 8.591906 -0.464405
v  13.347921 8.207090 -0.877351
v  12.392881 7.977695 -0.445017
v  12.392881 7.977695 -0.445017
v  13.347921 8.207090 -0.877351
v  13.242180 7.242515 0.428578
v  12.199575 7.464943 0.601264
v  0.000007 96.505165 8.755973
v  -4.834900 97.400856 7.517944
v  -9.849497 98.760155 4.301594
v  -9.264038 102.263672 4.249444
v  -10.489001 102.835625 0.629489
v  -11.651800 99.521576 0.319381
v  -11.225448 99.807434 -4.419684
v  -11.651800 99.521576 0.319381
v  -10.489001 102.835625 0.629489
v  -10.564086 103.317169 -3.000914
v  -11.225448 99.807434 -4.419684
v  -8.581357 103.488213 -6.495754
v  -11.212512 127.737289 0.740891
v  -11.947262 124.791214 -2.031627
v  -11.045054 122.046127 -0.994343
v  -10.463187 125.073669 2.455277
v  -9.512689 136.214783 -6.332655
v  -9.512689 136.214783 -6.332655
v  -14.545044 137.498779 -7.305343
v  -14.720274 136.144928 -4.014926
v  -9.867041 134.642639 -1.542290
v  -58.814575 132.502167 -4.252233
v  -58.666275 132.762955 -2.777096
v  -58.814575 132.502167 -4.252233
v  -58.666275 132.762955 -2.777096
v  -60.748096 132.330154 -2.396686
v  -60.975975 132.463043 -3.468321
v  -61.578594 132.754669 -5.495267
v  -61.974350 134.049408 -5.589568
v  -62.315758 135.239075 -4.230742
v  -61.796871 135.068787 -1.981262
v  -60.981552 133.412003 -0.846493
v  -58.666275 132.762955 -2.777096
v  -58.597874 133.893829 -1.979484
v  -60.981552 133.412003 -0.846493
v  -60.748096 132.330154 -2.396686
v  -61.578594 132.754669 -5.495267
v  -61.974350 134.049408 -5.589568
v  -61.796871 135.068787 -1.981262
v  -62.315758 135.239075 -4.230742
v  -65.230766 135.038940 -4.555483
v  -64.952873 134.408905 -0.695249
v  -60.981552 133.412003 -0.846493
v  -63.582996 133.084091 0.210641
v  -62.336071 132.551147 0.643691
v  -60.981552 133.412003 -0.846493
v  -62.336071 132.551147 0.643691
v  -61.918659 130.955124 -0.768006
v  -60.748096 132.330154 -2.396686
v  -60.975975 132.463043 -3.468321
v  -63.112309 130.818512 -1.969408
v  -64.231537 131.665192 -2.999838
v  -60.975975 132.463043 -3.468321
v  -64.231537 131.665192 -2.999838
v  -64.975311 132.144073 -5.621569
v  -61.578594 132.754669 -5.495267
v  -61.796871 135.068787 -1.981262
v  -64.952873 134.408905 -0.695249
v  -63.582996 133.084091 0.210641
v  -60.981552 133.412003 -0.846493
v  -60.748096 132.330154 -2.396686
v  -61.918659 130.955124 -0.768006
v  -63.112309 130.818512 -1.969408
v  -60.975975 132.463043 -3.468321
v  -67.435158 131.135651 -0.567323
v  -65.836014 130.616669 -0.293422
v  -65.382721 131.807358 0.781418
v  -67.399063 132.521729 0.289282
v  -63.099854 129.656540 0.783606
v  -63.637688 131.701218 1.876569
v  -66.299706 130.002518 2.707800
v  -65.953751 128.753525 2.015776
v  -65.836014 130.616669 -0.293422
v  -63.099854 129.656540 0.783606
v  -65.953751 128.753525 2.015776
v  -67.113464 129.043137 0.476492
v  -63.637688 131.701218 1.876569
v  -65.382721 131.807358 0.781418
v  -67.360977 130.193710 1.672369
v  -66.299706 130.002518 2.707800
v  -65.382721 131.807358 0.781418
v  -65.836014 130.616669 -0.293422
v  -67.113464 129.043137 0.476492
v  -67.360977 130.193710 1.672369
v  -66.299706 130.002518 2.707800
v  -67.113464 129.043137 0.476492
v  -65.953751 128.753525 2.015776
v  -68.052383 127.462593 3.004859
v  -68.768600 127.999237 1.683164
v  -67.360977 130.193710 1.672369
v  -67.360977 130.193710 1.672369
v  -67.113464 129.043137 0.476492
v  -68.768600 127.999237 1.683164
v  -69.132202 129.200424 2.569149
v  -65.382721 131.807358 0.781418
v  -63.637688 131.701218 1.876569
v  -62.336071 132.551147 0.643691
v  -63.582996 133.084091 0.210641
v  -62.336071 132.551147 0.643691
v  -63.637688 131.701218 1.876569
v  -63.099854 129.656540 0.783606
v  -61.918659 130.955124 -0.768006
v  -65.836014 130.616669 -0.293422
v  -67.435158 131.135651 -0.567323
v  -64.231537 131.665192 -2.999838
v  -63.112309 130.818512 -1.969408
v  -67.435158 131.135651 -0.567323
v  -64.952873 134.408905 -0.695249
v  -67.399063 132.521729 0.289282
v  -65.382721 131.807358 0.781418
v  -63.582996 133.084091 0.210641
v  -63.099854 129.656540 0.783606
v  -65.836014 130.616669 -0.293422
v  -63.112309 130.818512 -1.969408
v  -61.918659 130.955124 -0.768006
v  -65.230766 135.038940 -4.555483
v  -67.435158 131.135651 -0.567323
v  -67.399063 132.521729 0.289282
v  -70.420189 131.486069 0.757122
v  -70.198433 130.271545 0.343575
v  -67.399063 132.521729 0.289282
v  -68.199776 133.710342 -1.155940
v  -71.211723 132.064102 -1.171313
v  -70.420189 131.486069 0.757122
v  -70.420189 131.486069 0.757122
v  -71.211723 132.064102 -1.171313
v  -67.435158 131.135651 -0.567323
v  -70.198433 130.271545 0.343575
v  -70.558968 131.185028 -3.110848
v  -4.107252 132.124390 1.250242
v  -7.322947 133.316040 -0.712389
v  -7.428551 130.762299 1.524615
v  -4.858204 130.595169 2.453688
v  -7.322947 133.316040 -0.712389
v  -2.504199 134.041031 -0.133070
v  -4.166993 135.770599 -3.540325
v  -6.623067 135.398987 -5.358221
v  -2.561805 136.340805 -8.267819
v  0.010318 136.721802 -9.127196
v  0.000063 133.992935 -10.147546
v  -2.772939 133.497818 -10.311146
v  -2.772939 133.497818 -10.311146
v  0.000063 133.992935 -10.147546
v  0.000057 130.020309 -10.518008
v  -2.043299 128.876663 -11.135600
v  -8.404731 128.149597 2.933232
v  -4.107252 132.124390 1.250242
v  -2.504199 134.041031 -0.133070
v  -7.322947 133.316040 -0.712389
v  -2.311287 69.856262 -6.248998
v  -1.885512 73.510132 -6.851387
v  -11.947262 124.791214 -2.031627
v  -10.463187 125.073669 2.455277
v  -8.295801 126.650688 4.126318
v  -8.404731 128.149597 2.933232
v  -11.212512 127.737289 0.740891
v  -2.561805 136.340805 -8.267819
v  -2.772939 133.497818 -10.311146
v  -6.296314 133.685394 -9.604811
v  -6.623067 135.398987 -5.358221
v  -2.772939 133.497818 -10.311146
v  -2.043299 128.876663 -11.135600
v  -6.097161 128.233276 -10.499756
v  -6.296314 133.685394 -9.604811
v  -11.212512 127.737289 0.740891
v  -13.548948 127.800842 -3.622823
v  -11.947262 124.791214 -2.031627
v  -11.947262 124.791214 -2.031627
v  -10.987386 123.454247 -5.918699
v  -13.436495 128.193359 -8.507121
v  -9.170325 129.387421 -10.472218
v  -8.982910 122.513680 -8.724430
v  -2.043299 128.876663 -11.135600
v  -2.127747 123.125900 -10.525360
v  -5.579229 122.412964 -9.799126
v  -6.097161 128.233276 -10.499756
v  0.000057 130.020309 -10.518008
v  -11.045054 122.046127 -0.994343
v  -10.588312 121.056625 -0.434766
v  -10.553620 123.753250 2.406693
v  -10.463187 125.073669 2.455277
v  -4.955978 96.611290 6.813196
v  -8.080774 97.291710 5.097587
v  -11.182794 91.204308 5.081567
v  -5.403278 89.382980 6.079350
v  -11.431586 98.440514 0.209408
v  -9.308772 97.753174 4.467745
v  -9.849497 98.760155 4.301594
v  -11.651800 99.521576 0.319381
v  -8.238999 100.820198 -7.795670
v  -6.751501 100.926422 -8.665133
v  -6.808556 99.909103 -8.294898
v  -8.526864 99.740753 -7.393239
v  -4.107252 132.124390 1.250242
v  -4.858204 130.595169 2.453688
v  0.017154 130.453384 3.083972
v  0.000058 130.876556 1.627166
v  -6.732102 128.287109 -10.427463
v  -6.887074 133.716156 -9.619279
v  -9.534996 134.188278 -10.383751
v  -9.512689 136.214783 -6.332655
v  -7.149434 135.589325 -5.459414
v  -7.149434 135.589325 -5.459414
v  -9.512689 136.214783 -6.332655
v  -9.867041 134.642639 -1.542290
v  -7.956131 133.543320 -1.023482
v  -14.720274 136.144928 -4.014926
v  -11.182794 91.204308 5.081567
v  -11.083372 85.631317 4.384672
v  -4.059236 84.157249 3.788893
v  -5.403278 89.382980 6.079350
v  -3.829296 95.905701 -12.550718
v  -8.760529 93.842430 -12.013448
v  -3.150193 89.022141 -14.316258
v  -0.000000 89.280037 -14.420863
v  0.000003 82.158974 -11.457506
v  -3.003124 82.148003 -11.175530
v  -3.003124 82.148003 -11.175530
v  -7.382851 83.239792 -12.010022
v  -7.497395 88.938019 -14.167599
v  -3.150193 89.022141 -14.316258
v  0.000003 82.158974 -11.457506
v  0.000001 77.521889 -4.699660
v  -2.166973 76.557961 -7.302979
v  -3.003124 82.148003 -11.175530
v  -1.124949 78.022072 0.824365
v  -2.166973 76.557961 -7.302979
v  0.000001 77.521889 -4.699660
v  0.000000 78.686630 1.507742
v  -11.083372 85.631317 4.384672
v  -2.166973 76.557961 -7.302979
v  -8.334353 79.123810 -10.563747
v  -7.382851 83.239792 -12.010022
v  -3.003124 82.148003 -11.175530
v  -8.760529 93.842430 -12.013448
v  -7.497395 88.938019 -14.167599
v  -11.055355 88.985069 -12.297434
v  -11.182794 91.204308 5.081567
v  -2.504199 134.041031 -0.133070
v  -0.002467 132.742355 0.410729
v  0.003194 136.442825 0.639473
v  -2.570952 136.768799 -0.530745
v  -4.166993 135.770599 -3.540325
v  -2.504199 134.041031 -0.133070
v  -2.570952 136.768799 -0.530745
v  -3.920608 138.231903 -3.924913
v  0.003194 136.442825 0.639473
v  -2.570952 136.768799 -0.530745
v  -1.991471 139.493118 0.083141
v  -4.131374 140.644775 -1.533093
v  -3.920608 138.231903 -3.924913
v  -2.570952 136.768799 -0.530745
v  -3.920608 138.231903 -3.924913
v  -2.643195 139.474045 -6.739030
v  -2.671633 137.727371 -7.125430
v  -4.166993 135.770599 -3.540325
v  -2.643195 139.474045 -6.739030
v  0.000071 140.402176 -7.701770
v  0.000625 138.315338 -8.026809
v  -2.671633 137.727371 -7.125430
v  -3.829296 95.905701 -12.550718
v  -3.150193 89.022141 -14.316258
v  -7.497395 88.938019 -14.167599
v  -8.760529 93.842430 -12.013448
v  -8.982910 122.513680 -8.724430
v  -7.428551 130.762299 1.524615
v  -6.559993 128.460739 3.411668
v  -4.858204 130.595169 2.453688
v  -4.858204 130.595169 2.453688
v  -6.559993 128.460739 3.411668
v  0.000055 128.643387 3.959154
v  0.017154 130.453384 3.083972
v  -9.867041 134.642639 -1.542290
v  -6.623067 135.398987 -5.358221
v  -4.166993 135.770599 -3.540325
v  -2.671633 137.727371 -7.125430
v  -2.561805 136.340805 -8.267819
v  -2.671633 137.727371 -7.125430
v  0.000625 138.315338 -8.026809
v  0.010318 136.721802 -9.127196
v  -2.561805 136.340805 -8.267819
v  -13.216019 94.140755 -6.988874
v  -13.216019 94.140755 -6.988874
v  -14.489697 91.618034 -0.196880
v  -11.431586 98.440514 0.209408
v  -10.856837 99.145439 -4.889151
v  -10.856837 99.145439 -4.889151
v  -8.526864 99.740753 -7.393239
v  -8.760529 93.842430 -12.013448
v  -13.216019 94.140755 -6.988874
v  -4.834900 97.400856 7.517944
v  -8.588463 98.259781 5.465304
v  -8.080774 97.291710 5.097587
v  -4.955978 96.611290 6.813196
v  -11.431586 98.440514 0.209408
v  -14.489697 91.618034 -0.196880
v  -11.182794 91.204308 5.081567
v  -9.308772 97.753174 4.467745
v  -3.829296 95.905701 -12.550718
v  -8.760529 93.842430 -12.013448
v  -8.526864 99.740753 -7.393239
v  -6.808556 99.909103 -8.294898
v  -11.225448 99.807434 -4.419684
v  -10.856837 99.145439 -4.889151
v  -11.431586 98.440514 0.209408
v  -11.651800 99.521576 0.319381
v  -11.225448 99.807434 -4.419684
v  -8.238999 100.820198 -7.795670
v  -8.526864 99.740753 -7.393239
v  -10.856837 99.145439 -4.889151
v  -8.588463 98.259781 5.465304
v  -8.588463 98.259781 5.465304
v  -9.849497 98.760155 4.301594
v  -9.308772 97.753174 4.467745
v  -8.080774 97.291710 5.097587
v  -8.080774 97.291710 5.097587
v  -9.308772 97.753174 4.467745
v  -11.182794 91.204308 5.081567
v  -6.808556 99.909103 -8.294898
v  -6.808556 99.909103 -8.294898
v  -3.169474 100.483307 -9.579653
v  -3.829296 95.905701 -12.550718
v  -9.950626 120.028885 -3.785834
v  -10.553620 123.753250 2.406693
v  -1.885512 73.510132 -6.851387
v  -1.885512 73.510132 -6.851387
v  -2.166973 76.557961 -7.302979
v  -1.124949 78.022072 0.824365
v  -2.031768 74.638542 2.259987
v  -7.428551 130.762299 1.524615
v  -8.287497 130.854538 1.117390
v  -8.404731 128.149597 2.933232
v  -6.559993 128.460739 3.411668
v  -8.287497 130.854538 1.117390
v  -11.131016 131.469406 -0.562337
v  -11.212512 127.737289 0.740891
v  -8.404731 128.149597 2.933232
v  -8.287497 130.854538 1.117390
v  -7.428551 130.762299 1.524615
v  -7.322947 133.316040 -0.712389
v  -7.956131 133.543320 -1.023482
v  -7.956131 133.543320 -1.023482
v  -7.322947 133.316040 -0.712389
v  -6.623067 135.398987 -5.358221
v  -7.149434 135.589325 -5.459414
v  -7.149434 135.589325 -5.459414
v  -6.623067 135.398987 -5.358221
v  -6.296314 133.685394 -9.604811
v  -6.887074 133.716156 -9.619279
v  -6.296314 133.685394 -9.604811
v  -6.097161 128.233276 -10.499756
v  -6.732102 128.287109 -10.427463
v  -6.887074 133.716156 -9.619279
v  -9.170325 129.387421 -10.472218
v  -6.559993 128.460739 3.411668
v  -0.002467 132.742355 0.410729
v  -2.504199 134.041031 -0.133070
v  -4.107252 132.124390 1.250242
v  0.000058 130.876556 1.627166
v  0.000000 87.963593 6.818766
v  0.000000 87.963593 6.818766
v  -5.403278 89.382980 6.079350
v  -4.059236 84.157249 3.788893
v  0.000001 84.235504 4.975511
v  -4.059236 84.157249 3.788893
v  -1.124949 78.022072 0.824365
v  0.000000 78.686630 1.507742
v  0.000001 84.235504 4.975511
v  4.946629 100.862091 7.341849
v  8.588479 98.259766 5.465304
v  7.381138 101.734413 5.689165
v  4.946629 100.862091 7.341849
v  4.834915 97.400848 7.517944
v  11.651815 99.521553 0.319381
v  8.239016 100.820183 -7.795670
v  8.581391 103.488190 -6.495754
v  10.564121 103.317139 -3.000914
v  11.225460 99.807426 -4.419684
v  11.225460 99.807426 -4.419684
v  11.045147 122.046097 -0.994344
v  11.947362 124.791183 -2.031631
v  11.212619 127.737259 0.740889
v  10.463287 125.073639 2.455277
v  9.867336 134.642258 -1.542119
v  58.814697 132.502014 -4.252227
v  60.976097 132.462891 -3.468317
v  60.748219 132.330017 -2.396682
v  58.666397 132.762817 -2.777091
v  58.814697 132.502014 -4.252227
v  60.748219 132.330017 -2.396682
v  61.974476 134.049255 -5.589563
v  64.905144 133.853241 -6.109867
v  64.975433 132.143921 -5.621563
v  61.578720 132.754517 -5.495262
v  62.315891 135.238922 -4.230736
v  65.230888 135.038788 -4.555479
v  64.905144 133.853241 -6.109867
v  61.974476 134.049255 -5.589563
v  61.797001 135.068634 -1.981257
v  64.952995 134.408737 -0.695244
v  65.230888 135.038788 -4.555479
v  62.315891 135.238922 -4.230736
v  60.981674 133.411850 -0.846489
v  62.336193 132.550995 0.643695
v  63.583118 133.083939 0.210646
v  61.918777 130.954971 -0.768002
v  62.336193 132.550995 0.643695
v  60.981674 133.411850 -0.846489
v  60.748219 132.330017 -2.396682
v  60.976097 132.462891 -3.468317
v  64.231659 131.665024 -2.999834
v  63.112427 130.818344 -1.969403
v  61.578720 132.754517 -5.495262
v  63.583118 133.083939 0.210646
v  64.952995 134.408737 -0.695244
v  61.797001 135.068634 -1.981257
v  60.981674 133.411850 -0.846489
v  63.112427 130.818344 -1.969403
v  61.918777 130.954971 -0.768002
v  60.748219 132.330017 -2.396682
v  60.976097 132.462891 -3.468317
v  67.435265 131.135483 -0.567319
v  67.399185 132.521561 0.289286
v  65.382843 131.807190 0.781422
v  65.836128 130.616501 -0.293418
v  63.099964 129.656387 0.783610
v  65.953857 128.753357 2.015780
v  66.299820 130.002350 2.707804
v  63.637806 131.701065 1.876573
v  65.836128 130.616501 -0.293418
v  67.113571 129.042969 0.476496
v  65.953857 128.753357 2.015780
v  63.099964 129.656387 0.783610
v  63.637806 131.701065 1.876573
v  66.299820 130.002350 2.707804
v  67.361092 130.193542 1.672373
v  65.382843 131.807190 0.781422
v  65.382843 131.807190 0.781422
v  67.361092 130.193542 1.672373
v  67.113571 129.042969 0.476496
v  65.836128 130.616501 -0.293418
v  65.953857 128.753357 2.015780
v  68.052490 127.462418 3.004864
v  68.398468 128.711380 3.696889
v  66.299820 130.002350 2.707804
v  67.113571 129.042969 0.476496
v  68.768707 127.999062 1.683169
v  68.052490 127.462418 3.004864
v  65.953857 128.753357 2.015780
v  66.299820 130.002350 2.707804
v  68.398468 128.711380 3.696889
v  69.132309 129.200256 2.569153
v  67.361092 130.193542 1.672373
v  67.361092 130.193542 1.672373
v  69.132309 129.200256 2.569153
v  68.768707 127.999062 1.683169
v  67.113571 129.042969 0.476496
v  69.132309 129.200256 2.569153
v  62.336193 132.550995 0.643695
v  63.637806 131.701065 1.876573
v  65.382843 131.807190 0.781422
v  63.583118 133.083939 0.210646
v  62.336193 132.550995 0.643695
v  61.918777 130.954971 -0.768002
v  63.099964 129.656387 0.783610
v  63.637806 131.701065 1.876573
v  64.231659 131.665024 -2.999834
v  67.435265 131.135483 -0.567319
v  65.836128 130.616501 -0.293418
v  63.112427 130.818344 -1.969403
v  64.231659 131.665024 -2.999834
v  64.975433 132.143921 -5.621563
v  67.797119 132.005753 -5.580488
v  67.435265 131.135483 -0.567319
v  64.952995 134.408737 -0.695244
v  63.583118 133.083939 0.210646
v  65.382843 131.807190 0.781422
v  67.399185 132.521561 0.289286
v  63.112427 130.818344 -1.969403
v  65.836128 130.616501 -0.293418
v  63.099964 129.656387 0.783610
v  61.918777 130.954971 -0.768002
v  68.199898 133.710175 -1.155935
v  67.435265 131.135483 -0.567319
v  67.435265 131.135483 -0.567319
v  70.198540 130.271378 0.343579
v  70.420296 131.485886 0.757126
v  67.399185 132.521561 0.289286
v  70.420296 131.485886 0.757126
v  70.198540 130.271378 0.343579
v  72.192444 128.959061 0.465902
v  72.715698 129.986206 0.948786
v  70.420296 131.485886 0.757126
v  72.715698 129.986206 0.948786
v  67.435265 131.135483 -0.567319
v  70.559074 131.184845 -3.110844
v  70.198540 130.271378 0.343579
v  7.428618 130.762222 1.524653
v  7.323219 133.315750 -0.712259
v  4.107328 132.124420 1.250224
v  4.858253 130.595154 2.453696
v  7.323219 133.315750 -0.712259
v  6.624194 135.398544 -5.358094
v  4.167940 135.770645 -3.540443
v  2.504426 134.041153 -0.133152
v  0.000063 133.992935 -10.147546
v  0.010318 136.721802 -9.127196
v  2.562228 136.340866 -8.267887
v  2.773257 133.497849 -10.311187
v  0.000057 130.020309 -10.518008
v  0.000063 133.992935 -10.147546
v  2.773257 133.497849 -10.311187
v  2.043415 128.876663 -11.135603
v  4.107328 132.124420 1.250224
v  7.323219 133.315750 -0.712259
v  2.504426 134.041153 -0.133152
v  1.885486 73.510132 -6.851387
v  9.134654 76.349365 -10.732730
v  9.508201 71.252174 -10.124634
v  2.311237 69.856247 -6.248999
v  2.311237 69.856247 -6.248999
v  2.651095 69.752831 2.585728
v  2.031744 74.638535 2.259986
v  1.885486 73.510132 -6.851387
v  11.045147 122.046097 -0.994344
v  9.950712 120.028862 -3.785834
v  10.987482 123.454216 -5.918702
v  11.947362 124.791183 -2.031631
v  2.031744 74.638535 2.259986
v  11.212619 127.737259 0.740889
v  2.562228 136.340866 -8.267887
v  6.624194 135.398544 -5.358094
v  6.296746 133.685242 -9.604769
v  2.773257 133.497849 -10.311187
v  6.097276 128.233261 -10.499753
v  2.043415 128.876663 -11.135603
v  2.773257 133.497849 -10.311187
v  6.296746 133.685242 -9.604769
v  11.212619 127.737259 0.740889
v  11.947362 124.791183 -2.031631
v  13.549054 127.800812 -3.622825
v  10.987482 123.454216 -5.918702
v  13.436602 128.193329 -8.507123
v  13.549054 127.800812 -3.622825
v  11.947362 124.791183 -2.031631
v  8.983004 122.513657 -8.724431
v  6.097276 128.233261 -10.499753
v  0.000057 130.020309 -10.518008
v  10.463287 125.073639 2.455277
v  10.018812 124.602432 3.744596
v  11.182794 91.204308 5.081567
v  8.080785 97.291702 5.097587
v  4.955988 96.611282 6.813196
v  5.403278 89.382988 6.079350
v  9.849513 98.760139 4.301594
v  9.308783 97.753159 4.467745
v  11.431596 98.440506 0.209408
v  11.651815 99.521553 0.319381
v  8.526873 99.740746 -7.393239
v  4.107328 132.124420 1.250224
v  0.000058 130.876556 1.627166
v  0.017154 130.453384 3.083972
v  4.858253 130.595154 2.453696
v  6.732215 128.287094 -10.427460
v  6.887430 133.716003 -9.619231
v  9.535121 134.188263 -10.383751
v  9.170436 129.387405 -10.472219
v  6.732215 128.287094 -10.427460
v  7.150120 135.588959 -5.459282
v  7.150120 135.588959 -5.459282
v  7.956350 133.543106 -1.023388
v  9.867336 134.642258 -1.542119
v  9.513038 136.214523 -6.332549
v  11.131133 131.469376 -0.562338
v  4.059237 84.157249 3.788893
v  11.083371 85.631317 4.384672
v  11.182794 91.204308 5.081567
v  5.403278 89.382988 6.079350
v  3.150193 89.022148 -14.316258
v  -0.000000 89.280037 -14.420863
v  -0.000000 95.985352 -13.141887
v  3.829294 95.905701 -12.550718
v  13.216016 94.140762 -6.988874
v  14.489936 88.651192 -6.734646
v  11.055355 88.985077 -12.297434
v  8.760524 93.842430 -12.013448
v  3.150193 89.022148 -14.316258
v  3.003131 82.148003 -11.175530
v  0.000003 82.158974 -11.457506
v  -0.000000 89.280037 -14.420863
v  3.150193 89.022148 -14.316258
v  2.166970 76.557961 -7.302979
v  0.000001 77.521889 -4.699660
v  0.000003 82.158974 -11.457506
v  3.003131 82.148003 -11.175530
v  1.124948 78.022072 0.824365
v  0.000000 78.686630 1.507742
v  0.000001 77.521889 -4.699660
v  2.166970 76.557961 -7.302979
v  1.124948 78.022072 0.824365
v  3.003131 82.148003 -11.175530
v  8.760524 93.842430 -12.013448
v  11.055355 88.985077 -12.297434
v  7.497395 88.938026 -14.167599
v  11.258287 81.727928 5.288654
v  11.083371 85.631317 4.384672
v  15.829988 86.389221 1.405291
v  14.489697 91.618034 -0.196880
v  11.182794 91.204308 5.081567
v  2.504426 134.041153 -0.133152
v  2.571177 136.768845 -0.530783
v  0.003194 136.442825 0.639473
v  -0.002467 132.742355 0.410729
v  4.167940 135.770645 -3.540443
v  3.921012 138.231918 -3.924962
v  2.571177 136.768845 -0.530783
v  2.504426 134.041153 -0.133152
v  2.571177 136.768845 -0.530783
v  1.991610 139.493118 0.083141
v  0.000069 138.843262 0.597404
v  0.003194 136.442825 0.639473
v  2.571177 136.768845 -0.530783
v  4.131517 140.644775 -1.533093
v  1.991610 139.493118 0.083141
v  2.643345 139.474045 -6.739032
v  3.169852 143.874374 -7.551752
v  4.680812 142.065140 -3.610543
v  3.921012 138.231918 -3.924962
v  2.671937 137.727402 -7.125470
v  2.643345 139.474045 -6.739032
v  3.921012 138.231918 -3.924962
v  4.167940 135.770645 -3.540443
v  0.000625 138.315338 -8.026809
v  0.000071 140.402176 -7.701770
v  2.643345 139.474045 -6.739032
v  2.671937 137.727402 -7.125470
v  3.829294 95.905701 -12.550718
v  8.760524 93.842430 -12.013448
v  7.497395 88.938026 -14.167599
v  3.150193 89.022148 -14.316258
v  10.987482 123.454216 -5.918702
v  9.950712 120.028862 -3.785834
v  8.840034 118.457489 -6.873645
v  8.983004 122.513657 -8.724431
v  7.428618 130.762222 1.524653
v  4.858253 130.595154 2.453696
v  6.560102 128.460724 3.411668
v  4.858253 130.595154 2.453696
v  0.017154 130.453384 3.083972
v  0.000055 128.643387 3.959154
v  6.560102 128.460724 3.411668
v  8.287595 130.854477 1.117412
v  6.624194 135.398544 -5.358094
v  2.562228 136.340866 -8.267887
v  2.671937 137.727402 -7.125470
v  4.167940 135.770645 -3.540443
v  0.010318 136.721802 -9.127196
v  0.000625 138.315338 -8.026809
v  2.671937 137.727402 -7.125470
v  2.562228 136.340866 -8.267887
v  14.489697 91.618034 -0.196880
v  15.829988 86.389221 1.405291
v  14.489936 88.651192 -6.734646
v  13.216016 94.140762 -6.988874
v  11.431596 98.440506 0.209408
v  14.489697 91.618034 -0.196880
v  13.216016 94.140762 -6.988874
v  10.856845 99.145432 -4.889151
v  8.760524 93.842430 -12.013448
v  8.526873 99.740746 -7.393239
v  10.856845 99.145432 -4.889151
v  13.216016 94.140762 -6.988874
v  8.080785 97.291702 5.097587
v  8.588479 98.259766 5.465304
v  4.834915 97.400848 7.517944
v  4.955988 96.611282 6.813196
v  11.431596 98.440506 0.209408
v  9.308783 97.753159 4.467745
v  11.182794 91.204308 5.081567
v  14.489697 91.618034 -0.196880
v  3.829294 95.905701 -12.550718
v  6.808565 99.909096 -8.294898
v  8.526873 99.740746 -7.393239
v  8.760524 93.842430 -12.013448
v  11.225460 99.807426 -4.419684
v  11.651815 99.521553 0.319381
v  11.431596 98.440506 0.209408
v  10.856845 99.145432 -4.889151
v  8.526873 99.740746 -7.393239
v  8.239016 100.820183 -7.795670
v  11.225460 99.807426 -4.419684
v  10.856845 99.145432 -4.889151
v  8.588479 98.259766 5.465304
v  8.080785 97.291702 5.097587
v  9.308783 97.753159 4.467745
v  9.849513 98.760139 4.301594
v  8.080785 97.291702 5.097587
v  11.182794 91.204308 5.081567
v  9.308783 97.753159 4.467745
v  6.808565 99.909096 -8.294898
v  3.829294 95.905701 -12.550718
v  3.169489 100.483299 -9.579653
v  1.885486 73.510132 -6.851387
v  2.031744 74.638535 2.259986
v  1.124948 78.022072 0.824365
v  2.166970 76.557961 -7.302979
v  2.651095 69.752831 2.585728
v  7.428618 130.762222 1.524653
v  6.560102 128.460724 3.411668
v  8.404840 128.149582 2.933231
v  8.287595 130.854477 1.117412
v  8.404840 128.149582 2.933231
v  8.287595 130.854477 1.117412
v  7.956350 133.543106 -1.023388
v  7.323219 133.315750 -0.712259
v  7.428618 130.762222 1.524653
v  7.956350 133.543106 -1.023388
v  7.150120 135.588959 -5.459282
v  6.624194 135.398544 -5.358094
v  7.323219 133.315750 -0.712259
v  7.150120 135.588959 -5.459282
v  6.887430 133.716003 -9.619231
v  6.296746 133.685242 -9.604769
v  6.624194 135.398544 -5.358094
v  6.732215 128.287094 -10.427460
v  6.097276 128.233261 -10.499753
v  6.296746 133.685242 -9.604769
v  6.887430 133.716003 -9.619231
v  9.170436 129.387405 -10.472219
v  0.000055 128.643387 3.959154
v  0.000053 127.319618 5.468741
v  5.820874 127.033035 4.826692
v  6.560102 128.460724 3.411668
v  -0.002467 132.742355 0.410729
v  0.000058 130.876556 1.627166
v  4.107328 132.124420 1.250224
v  2.504426 134.041153 -0.133152
v  4.955988 96.611282 6.813196
v  0.000000 87.963593 6.818766
v  0.000001 84.235504 4.975511
v  4.059237 84.157249 3.788893
v  5.403278 89.382988 6.079350
v  0.000000 78.686630 1.507742
v  1.124948 78.022072 0.824365
v  4.059237 84.157249 3.788893
v  0.000001 84.235504 4.975511
v  2.643345 139.474045 -6.739032
v  4.834915 97.400848 7.517944
v  3.829294 95.905701 -12.550718

vt  0.262500 0.128125 0.000000
vt  0.262500 0.128125 0.000000
vt  0.262500 0.128125 0.000000
vt  0.262500 0.128125 0.000000
vt  0.262500 0.128125 0.000000
vt  0.262500 0.128125 0.000000
vt  0.262500 0.128125 0.000000
vt  0.262500 0.128125 0.000000
vt  0.262500 0.128125 0.000000
vt  0.262500 0.128125 0.000000
vt  0.262500 0.128125 0.000000
vt  0.262500 0.128125 0.000000
vt  0.262500 0.128125 0.000000
vt  0.262500 0.128125 0.000000
vt  0.262500 0.128125 0.000000
vt  0.271875 0.178125 0.000000
vt  0.271875 0.178125 0.000000
vt  0.271875 0.178125 0.000000
vt  0.271875 0.178125 0.000000
vt  0.262500 0.128125 0.000000
vt  0.262500 0.128125 0.000000
vt  0.262500 0.128125 0.000000
vt  0.262500 0.128125 0.000000
vt  0.262500 0.128125 0.000000
vt  0.262500 0.128125 0.000000
vt  0.262500 0.128125 0.000000
vt  0.262500 0.128125 0.000000
vt  0.262500 0.128125 0.000000
vt  0.262500 0.128125 0.000000
vt  0.262500 0.128125 0.000000
vt  0.262500 0.128125 0.000000
vt  0.262500 0.128125 0.000000
vt  0.262500 0.128125 0.000000
vt  0.262500 0.128125 0.000000
vt  0.262500 0.128125 0.000000
vt  0.262500 0.128125 0.000000
vt  0.262500 0.128125 0.000000
vt  0.262500 0.128125 0.000000
vt  0.262500 0.128125 0.000000
vt  0.262500 0.128125 0.000000
vt  0.262500 0.128125 0.000000
vt  0.262500 0.128125 0.000000
vt  0.262500 0.128125 0.000000
vt  0.262500 0.128125 0.000000
vt  0.262500 0.128125 0.000000
vt  0.262500 0.128125 0.000000
vt  0.262500 0.128125 0.000000
vt  0.262500 0.128125 0.000000
vt  0.262500 0.128125 0.000000
vt  0.262500 0.128125 0.000000
vt  0.262500 0.128125 0.000000
vt  0.262500 0.128125 0.000000
vt  0.271875 0.178125 0.000000
vt  0.271875 0.178125 0.000000
vt  0.271875 0.178125 0.000000
vt  0.262500 0.128125 0.000000
vt  0.262500 0.128125 0.000000
vt  0.262500 0.128125 0.000000
vt  0.262500 0.128125 0.000000
vt  0.262500 0.128125 0.000000
vt  0.262500 0.128125 0.000000
vt  0.262500 0.128125 0.000000
vt  0.262500 0.128125 0.000000
vt  0.262500 0.128125 0.000000
vt  0.262500 0.128125 0.000000
vt  0.262500 0.128125 0.000000
vt  0.262500 0.128125 0.000000
vt  0.262500 0.128125 0.000000
vt  0.262500 0.128125 0.000000
vt  0.262500 0.128125 0.000000
vt  0.262500 0.128125 0.000000
vt  0.262500 0.128125 0.000000
vt  0.262500 0.128125 0.000000
vt  0.262500 0.128125 0.000000
vt  0.262500 0.128125 0.000000
vt  0.262500 0.128125 0.000000
vt  0.271875 0.178125 0.000000
vt  0.271875 0.178125 0.000000
vt  0.271875 0.178125 0.000000
vt  0.262500 0.128125 0.000000
vt  0.262500 0.128125 0.000000
vt  0.262500 0.128125 0.000000
vt  0.262500 0.128125 0.000000
vt  0.262500 0.128125 0.000000
vt  0.262500 0.128125 0.000000
vt  0.262500 0.128125 0.000000
vt  0.262500 0.128125 0.000000
vt  0.262500 0.128125 0.000000
vt  0.262500 0.128125 0.000000
vt  0.262500 0.128125 0.000000
vt  0.262500 0.128125 0.000000
vt  0.271875 0.178125 0.000000
vt  0.271875 0.178125 0.000000
vt  0.271875 0.178125 0.000000
vt  0.262500 0.128125 0.000000
vt  0.262500 0.128125 0.000000
vt  0.262500 0.128125 0.000000
vt  0.262500 0.128125 0.000000
vt  0.262500 0.128125 0.000000
vt  0.262500 0.128125 0.000000
vt  0.262500 0.128125 0.000000
vt  0.262500 0.128125 0.000000
vt  0.262500 0.128125 0.000000
vt  0.262500 0.128125 0.000000
vt  0.262500 0.128125 0.000000
vt  0.262500 0.128125 0.000000
vt  0.262500 0.128125 0.000000
vt  0.262500 0.128125 0.000000
vt  0.262500 0.128125 0.000000
vt  0.271875 0.178125 0.000000
vt  0.271875 0.178125 0.000000
vt  0.271875 0.178125 0.000000
vt  0.262500 0.128125 0.000000
vt  0.262500 0.128125 0.000000
vt  0.262500 0.128125 0.000000
vt  0.262500 0.128125 0.000000
vt  0.262500 0.128125 0.000000
vt  0.262500 0.128125 0.000000
vt  0.262500 0.128125 0.000000
vt  0.262500 0.128125 0.000000
vt  0.262500 0.128125 0.000000
vt  0.262500 0.128125 0.000000
vt  0.262500 0.128125 0.000000
vt  0.262500 0.128125 0.000000
vt  0.128125 0.118750 0.000000
vt  0.128125 0.118750 0.000000
vt  0.128125 0.118750 0.000000
vt  0.262500 0.128125 0.000000
vt  0.262500 0.128125 0.000000
vt  0.262500 0.128125 0.000000
vt  0.262500 0.128125 0.000000
vt  0.262500 0.128125 0.000000
vt  0.262500 0.128125 0.000000
vt  0.271875 0.178125 0.000000
vt  0.271875 0.178125 0.000000
vt  0.271875 0.178125 0.000000
vt  0.262500 0.128125 0.000000
vt  0.262500 0.128125 0.000000
vt  0.262500 0.128125 0.000000
vt  0.262500 0.128125 0.000000
vt  0.262500 0.128125 0.000000
vt  0.262500 0.128125 0.000000
vt  0.262500 0.128125 0.000000
vt  0.262500 0.128125 0.000000
vt  0.262500 0.128125 0.000000
vt  0.262500 0.128125 0.000000
vt  0.262500 0.128125 0.000000
vt  0.262500 0.128125 0.000000
vt  0.262500 0.128125 0.000000
vt  0.262500 0.128125 0.000000
vt  0.262500 0.128125 0.000000
vt  0.262500 0.128125 0.000000
vt  0.262500 0.128125 0.000000
vt  0.262500 0.128125 0.000000
vt  0.262500 0.128125 0.000000
vt  0.262500 0.128125 0.000000
vt  0.262500 0.128125 0.000000
vt  0.262500 0.128125 0.000000
vt  0.262500 0.128125 0.000000
vt  0.262500 0.128125 0.000000
vt  0.262500 0.128125 0.000000
vt  0.262500 0.128125 0.000000
vt  0.262500 0.128125 0.000000
vt  0.262500 0.128125 0.000000
vt  0.262500 0.128125 0.000000
vt  0.262500 0.128125 0.000000
vt  0.262500 0.128125 0.000000
vt  0.262500 0.128125 0.000000
vt  0.128125 0.118750 0.000000
vt  0.128125 0.118750 0.000000
vt  0.128125 0.118750 0.000000
vt  0.262500 0.128125 0.000000
vt  0.262500 0.128125 0.000000
vt  0.262500 0.128125 0.000000
vt  0.262500 0.128125 0.000000
vt  0.262500 0.128125 0.000000
vt  0.262500 0.128125 0.000000
vt  0.262500 0.128125 0.000000
vt  0.262500 0.128125 0.000000
vt  0.271875 0.178125 0.000000
vt  0.271875 0.178125 0.000000
vt  0.271875 0.178125 0.000000
vt  0.271875 0.178125 0.000000
vt  0.140625 0.850000 0.000000
vt  0.140625 0.850000 0.000000
vt  0.140625 0.850000 0.000000
vt  0.140625 0.850000 0.000000
vt  0.140625 0.850000 0.000000
vt  0.140625 0.850000 0.000000
vt  0.140625 0.850000 0.000000
vt  0.140625 0.850000 0.000000
vt  0.140625 0.850000 0.000000
vt  0.140625 0.850000 0.000000
vt  0.140625 0.850000 0.000000
vt  0.140625 0.850000 0.000000
vt  0.140625 0.850000 0.000000
vt  0.140625 0.850000 0.000000
vt  0.262500 0.128125 0.000000
vt  0.262500 0.128125 0.000000
vt  0.262500 0.128125 0.000000
vt  0.262500 0.128125 0.000000
vt  0.262500 0.128125 0.000000
vt  0.262500 0.128125 0.000000
vt  0.262500 0.128125 0.000000
vt  0.262500 0.128125 0.000000
vt  0.262500 0.128125 0.000000
vt  0.262500 0.128125 0.000000
vt  0.262500 0.128125 0.000000
vt  0.262500 0.128125 0.000000
vt  0.271875 0.178125 0.000000
vt  0.271875 0.178125 0.000000
vt  0.271875 0.178125 0.000000
vt  0.371875 0.184375 0.000000
vt  0.371875 0.184375 0.000000
vt  0.371875 0.184375 0.000000
vt  0.371875 0.184375 0.000000
vt  0.371875 0.184375 0.000000
vt  0.371875 0.184375 0.000000
vt  0.371875 0.184375 0.000000
vt  0.371875 0.184375 0.000000
vt  0.262500 0.128125 0.000000
vt  0.262500 0.128125 0.000000
vt  0.262500 0.128125 0.000000
vt  0.128125 0.118750 0.000000
vt  0.128125 0.118750 0.000000
vt  0.128125 0.118750 0.000000
vt  0.128125 0.118750 0.000000
vt  0.262500 0.128125 0.000000
vt  0.262500 0.128125 0.000000
vt  0.262500 0.128125 0.000000
vt  0.262500 0.128125 0.000000
vt  0.128125 0.118750 0.000000
vt  0.128125 0.118750 0.000000
vt  0.128125 0.118750 0.000000
vt  0.128125 0.118750 0.000000
vt  0.262500 0.128125 0.000000
vt  0.262500 0.128125 0.000000
vt  0.262500 0.128125 0.000000
vt  0.262500 0.128125 0.000000
vt  0.262500 0.128125 0.000000
vt  0.262500 0.128125 0.000000
vt  0.262500 0.128125 0.000000
vt  0.262500 0.128125 0.000000
vt  0.262500 0.128125 0.000000
vt  0.262500 0.128125 0.000000
vt  0.262500 0.128125 0.000000
vt  0.262500 0.128125 0.000000
vt  0.262500 0.128125 0.000000
vt  0.262500 0.128125 0.000000
vt  0.262500 0.128125 0.000000
vt  0.262500 0.128125 0.000000
vt  0.262500 0.128125 0.000000
vt  0.262500 0.128125 0.000000
vt  0.262500 0.128125 0.000000
vt  0.262500 0.128125 0.000000
vt  0.371875 0.184375 0.000000
vt  0.371875 0.184375 0.000000
vt  0.371875 0.184375 0.000000
vt  0.371875 0.184375 0.000000
vt  0.262500 0.128125 0.000000
vt  0.262500 0.128125 0.000000
vt  0.262500 0.128125 0.000000
vt  0.262500 0.128125 0.000000
vt  0.262500 0.128125 0.000000
vt  0.262500 0.128125 0.000000
vt  0.262500 0.128125 0.000000
vt  0.262500 0.128125 0.000000
vt  0.262500 0.128125 0.000000
vt  0.262500 0.128125 0.000000
vt  0.262500 0.128125 0.000000
vt  0.262500 0.128125 0.000000
vt  0.262500 0.128125 0.000000
vt  0.262500 0.128125 0.000000
vt  0.262500 0.128125 0.000000
vt  0.262500 0.128125 0.000000
vt  0.371875 0.184375 0.000000
vt  0.371875 0.184375 0.000000
vt  0.371875 0.184375 0.000000
vt  0.371875 0.184375 0.000000
vt  0.371875 0.184375 0.000000
vt  0.371875 0.184375 0.000000
vt  0.371875 0.184375 0.000000
vt  0.371875 0.184375 0.000000
vt  0.262500 0.128125 0.000000
vt  0.262500 0.128125 0.000000
vt  0.262500 0.128125 0.000000
vt  0.262500 0.128125 0.000000
vt  0.262500 0.128125 0.000000
vt  0.262500 0.128125 0.000000
vt  0.262500 0.128125 0.000000
vt  0.262500 0.128125 0.000000
vt  0.262500 0.128125 0.000000
vt  0.262500 0.128125 0.000000
vt  0.262500 0.128125 0.000000
vt  0.262500 0.128125 0.000000
vt  0.371875 0.184375 0.000000
vt  0.371875 0.184375 0.000000
vt  0.371875 0.184375 0.000000
vt  0.371875 0.184375 0.000000
vt  0.371875 0.184375 0.000000
vt  0.371875 0.184375 0.000000
vt  0.371875 0.184375 0.000000
vt  0.371875 0.184375 0.000000
vt  0.371875 0.184375 0.000000
vt  0.371875 0.184375 0.000000
vt  0.262500 0.128125 0.000000
vt  0.262500 0.128125 0.000000
vt  0.262500 0.128125 0.000000
vt  0.262500 0.128125 0.000000
vt  0.262500 0.128125 0.000000
vt  0.262500 0.128125 0.000000
vt  0.262500 0.128125 0.000000
vt  0.262500 0.128125 0.000000
vt  0.262500 0.128125 0.000000
vt  0.262500 0.128125 0.000000
vt  0.262500 0.128125 0.000000
vt  0.262500 0.128125 0.000000
vt  0.262500 0.128125 0.000000
vt  0.262500 0.128125 0.000000
vt  0.262500 0.128125 0.000000
vt  0.262500 0.128125 0.000000
vt  0.262500 0.128125 0.000000
vt  0.262500 0.128125 0.000000
vt  0.262500 0.128125 0.000000
vt  0.262500 0.128125 0.000000
vt  0.262500 0.128125 0.000000
vt  0.262500 0.128125 0.000000
vt  0.262500 0.128125 0.000000
vt  0.262500 0.128125 0.000000
vt  0.262500 0.128125 0.000000
vt  0.262500 0.128125 0.000000
vt  0.128125 0.118750 0.000000
vt  0.128125 0.118750 0.000000
vt  0.128125 0.118750 0.000000
vt  0.128125 0.118750 0.000000
vt  0.128125 0.118750 0.000000
vt  0.128125 0.118750 0.000000
vt  0.128125 0.118750 0.000000
vt  0.262500 0.128125 0.000000
vt  0.262500 0.128125 0.000000
vt  0.262500 0.128125 0.000000
vt  0.262500 0.128125 0.000000
vt  0.262500 0.128125 0.000000
vt  0.262500 0.128125 0.000000
vt  0.262500 0.128125 0.000000
vt  0.262500 0.128125 0.000000
vt  0.262500 0.128125 0.000000
vt  0.262500 0.128125 0.000000
vt  0.262500 0.128125 0.000000
vt  0.262500 0.128125 0.000000
vt  0.262500 0.128125 0.000000
vt  0.262500 0.128125 0.000000
vt  0.262500 0.128125 0.000000
vt  0.371875 0.184375 0.000000
vt  0.371875 0.184375 0.000000
vt  0.371875 0.184375 0.000000
vt  0.371875 0.184375 0.000000
vt  0.262500 0.128125 0.000000
vt  0.262500 0.128125 0.000000
vt  0.262500 0.128125 0.000000
vt  0.262500 0.128125 0.000000
vt  0.140625 0.850000 0.000000
vt  0.140625 0.850000 0.000000
vt  0.140625 0.850000 0.000000
vt  0.140625 0.850000 0.000000
vt  0.140625 0.850000 0.000000
vt  0.140625 0.850000 0.000000
vt  0.140625 0.850000 0.000000
vt  0.140625 0.850000 0.000000
vt  0.140625 0.850000 0.000000
vt  0.140625 0.850000 0.000000
vt  0.140625 0.850000 0.000000
vt  0.140625 0.850000 0.000000
vt  0.140625 0.850000 0.000000
vt  0.140625 0.850000 0.000000
vt  0.140625 0.850000 0.000000
vt  0.140625 0.850000 0.000000
vt  0.140625 0.850000 0.000000
vt  0.140625 0.850000 0.000000
vt  0.262500 0.128125 0.000000
vt  0.262500 0.128125 0.000000
vt  0.262500 0.128125 0.000000
vt  0.262500 0.128125 0.000000
vt  0.262500 0.128125 0.000000
vt  0.262500 0.128125 0.000000
vt  0.262500 0.128125 0.000000
vt  0.262500 0.128125 0.000000
vt  0.262500 0.128125 0.000000
vt  0.262500 0.128125 0.000000
vt  0.262500 0.128125 0.000000
vt  0.262500 0.128125 0.000000
vt  0.262500 0.128125 0.000000
vt  0.262500 0.128125 0.000000
vt  0.262500 0.128125 0.000000
vt  0.262500 0.128125 0.000000
vt  0.262500 0.128125 0.000000
vt  0.262500 0.128125 0.000000
vt  0.262500 0.128125 0.000000
vt  0.262500 0.128125 0.000000
vt  0.262500 0.128125 0.000000
vt  0.262500 0.128125 0.000000
vt  0.262500 0.128125 0.000000
vt  0.262500 0.128125 0.000000
vt  0.262500 0.128125 0.000000
vt  0.262500 0.128125 0.000000
vt  0.262500 0.128125 0.000000
vt  0.262500 0.128125 0.000000
vt  0.262500 0.128125 0.000000
vt  0.262500 0.128125 0.000000
vt  0.262500 0.128125 0.000000
vt  0.262500 0.128125 0.000000
vt  0.262500 0.128125 0.000000
vt  0.262500 0.128125 0.000000
vt  0.262500 0.128125 0.000000
vt  0.262500 0.128125 0.000000
vt  0.262500 0.128125 0.000000
vt  0.262500 0.128125 0.000000
vt  0.262500 0.128125 0.000000
vt  0.262500 0.128125 0.000000
vt  0.128125 0.118750 0.000000
vt  0.128125 0.118750 0.000000
vt  0.128125 0.118750 0.000000
vt  0.128125 0.118750 0.000000
vt  0.262500 0.128125 0.000000
vt  0.262500 0.128125 0.000000
vt  0.262500 0.128125 0.000000
vt  0.262500 0.128125 0.000000
vt  0.262500 0.128125 0.000000
vt  0.262500 0.128125 0.000000
vt  0.262500 0.128125 0.000000
vt  0.262500 0.128125 0.000000
vt  0.262500 0.128125 0.000000
vt  0.262500 0.128125 0.000000
vt  0.262500 0.128125 0.000000
vt  0.262500 0.128125 0.000000
vt  0.262500 0.128125 0.000000
vt  0.262500 0.128125 0.000000
vt  0.262500 0.128125 0.000000
vt  0.262500 0.128125 0.000000
vt  0.262500 0.128125 0.000000
vt  0.262500 0.128125 0.000000
vt  0.262500 0.128125 0.000000
vt  0.262500 0.128125 0.000000
vt  0.262500 0.128125 0.000000
vt  0.262500 0.128125 0.000000
vt  0.128125 0.118750 0.000000
vt  0.128125 0.118750 0.000000
vt  0.128125 0.118750 0.000000
vt  0.128125 0.118750 0.000000
vt  0.262500 0.128125 0.000000
vt  0.262500 0.128125 0.000000
vt  0.262500 0.128125 0.000000
vt  0.262500 0.128125 0.000000
vt  0.262500 0.128125 0.000000
vt  0.262500 0.128125 0.000000
vt  0.271875 0.178125 0.000000
vt  0.271875 0.178125 0.000000
vt  0.271875 0.178125 0.000000
vt  0.271875 0.178125 0.000000
vt  0.140625 0.850000 0.000000
vt  0.140625 0.850000 0.000000
vt  0.140625 0.850000 0.000000
vt  0.140625 0.850000 0.000000
vt  0.140625 0.850000 0.000000
vt  0.140625 0.850000 0.000000
vt  0.140625 0.850000 0.000000
vt  0.140625 0.850000 0.000000
vt  0.140625 0.850000 0.000000
vt  0.140625 0.850000 0.000000
vt  0.140625 0.850000 0.000000
vt  0.140625 0.850000 0.000000
vt  0.140625 0.850000 0.000000
vt  0.371875 0.184375 0.000000
vt  0.371875 0.184375 0.000000
vt  0.371875 0.184375 0.000000
vt  0.262500 0.128125 0.000000
vt  0.262500 0.128125 0.000000
vt  0.262500 0.128125 0.000000
vt  0.262500 0.128125 0.000000
vt  0.262500 0.128125 0.000000
vt  0.262500 0.128125 0.000000
vt  0.262500 0.128125 0.000000
vt  0.262500 0.128125 0.000000
vt  0.262500 0.128125 0.000000
vt  0.262500 0.128125 0.000000
vt  0.262500 0.128125 0.000000
vt  0.262500 0.128125 0.000000
vt  0.271875 0.178125 0.000000
vt  0.271875 0.178125 0.000000
vt  0.271875 0.178125 0.000000
vt  0.271875 0.178125 0.000000
vt  0.371875 0.184375 0.000000
vt  0.371875 0.184375 0.000000
vt  0.371875 0.184375 0.000000
vt  0.371875 0.184375 0.000000
vt  0.371875 0.184375 0.000000
vt  0.371875 0.184375 0.000000
vt  0.371875 0.184375 0.000000
vt  0.371875 0.184375 0.000000
vt  0.262500 0.128125 0.000000
vt  0.262500 0.128125 0.000000
vt  0.262500 0.128125 0.000000
vt  0.128125 0.118750 0.000000
vt  0.128125 0.118750 0.000000
vt  0.128125 0.118750 0.000000
vt  0.128125 0.118750 0.000000
vt  0.262500 0.128125 0.000000
vt  0.262500 0.128125 0.000000
vt  0.262500 0.128125 0.000000
vt  0.262500 0.128125 0.000000
vt  0.262500 0.128125 0.000000
vt  0.262500 0.128125 0.000000
vt  0.262500 0.128125 0.000000
vt  0.262500 0.128125 0.000000
vt  0.262500 0.128125 0.000000
vt  0.262500 0.128125 0.000000
vt  0.128125 0.118750 0.000000
vt  0.128125 0.118750 0.000000
vt  0.128125 0.118750 0.000000
vt  0.128125 0.118750 0.000000
vt  0.262500 0.128125 0.000000
vt  0.262500 0.128125 0.000000
vt  0.262500 0.128125 0.000000
vt  0.262500 0.128125 0.000000
vt  0.262500 0.128125 0.000000
vt  0.262500 0.128125 0.000000
vt  0.262500 0.128125 0.000000
vt  0.262500 0.128125 0.000000
vt  0.262500 0.128125 0.000000
vt  0.262500 0.128125 0.000000
vt  0.262500 0.128125 0.000000
vt  0.262500 0.128125 0.000000
vt  0.262500 0.128125 0.000000
vt  0.262500 0.128125 0.000000
vt  0.262500 0.128125 0.000000
vt  0.262500 0.128125 0.000000
vt  0.262500 0.128125 0.000000
vt  0.262500 0.128125 0.000000
vt  0.262500 0.128125 0.000000
vt  0.262500 0.128125 0.000000
vt  0.371875 0.184375 0.000000
vt  0.371875 0.184375 0.000000
vt  0.371875 0.184375 0.000000
vt  0.371875 0.184375 0.000000
vt  0.262500 0.128125 0.000000
vt  0.262500 0.128125 0.000000
vt  0.262500 0.128125 0.000000
vt  0.262500 0.128125 0.000000
vt  0.262500 0.128125 0.000000
vt  0.262500 0.128125 0.000000
vt  0.262500 0.128125 0.000000
vt  0.262500 0.128125 0.000000
vt  0.262500 0.128125 0.000000
vt  0.262500 0.128125 0.000000
vt  0.262500 0.128125 0.000000
vt  0.262500 0.128125 0.000000
vt  0.262500 0.128125 0.000000
vt  0.262500 0.128125 0.000000
vt  0.262500 0.128125 0.000000
vt  0.371875 0.184375 0.000000
vt  0.371875 0.184375 0.000000
vt  0.371875 0.184375 0.000000
vt  0.371875 0.184375 0.000000
vt  0.371875 0.184375 0.000000
vt  0.371875 0.184375 0.000000
vt  0.371875 0.184375 0.000000
vt  0.371875 0.184375 0.000000
vt  0.262500 0.128125 0.000000
vt  0.262500 0.128125 0.000000
vt  0.262500 0.128125 0.000000
vt  0.262500 0.128125 0.000000
vt  0.262500 0.128125 0.000000
vt  0.262500 0.128125 0.000000
vt  0.262500 0.128125 0.000000
vt  0.262500 0.128125 0.000000
vt  0.262500 0.128125 0.000000
vt  0.262500 0.128125 0.000000
vt  0.262500 0.128125 0.000000
vt  0.262500 0.128125 0.000000
vt  0.371875 0.184375 0.000000
vt  0.371875 0.184375 0.000000
vt  0.371875 0.184375 0.000000
vt  0.371875 0.184375 0.000000
vt  0.371875 0.184375 0.000000
vt  0.371875 0.184375 0.000000
vt  0.371875 0.184375 0.000000
vt  0.371875 0.184375 0.000000
vt  0.371875 0.184375 0.000000
vt  0.371875 0.184375 0.000000
vt  0.371875 0.184375 0.000000
vt  0.262500 0.128125 0.000000
vt  0.262500 0.128125 0.000000
vt  0.262500 0.128125 0.000000
vt  0.262500 0.128125 0.000000
vt  0.262500 0.128125 0.000000
vt  0.262500 0.128125 0.000000
vt  0.262500 0.128125 0.000000
vt  0.262500 0.128125 0.000000
vt  0.262500 0.128125 0.000000
vt  0.262500 0.128125 0.000000
vt  0.262500 0.128125 0.000000
vt  0.271875 0.178125 0.000000
vt  0.271875 0.178125 0.000000
vt  0.271875 0.178125 0.000000
vt  0.262500 0.128125 0.000000
vt  0.262500 0.128125 0.000000
vt  0.262500 0.128125 0.000000
vt  0.262500 0.128125 0.000000
vt  0.262500 0.128125 0.000000
vt  0.262500 0.128125 0.000000
vt  0.262500 0.128125 0.000000
vt  0.262500 0.128125 0.000000
vt  0.262500 0.128125 0.000000
vt  0.262500 0.128125 0.000000
vt  0.262500 0.128125 0.000000
vt  0.262500 0.128125 0.000000
vt  0.262500 0.128125 0.000000
vt  0.262500 0.128125 0.000000
vt  0.262500 0.128125 0.000000
vt  0.262500 0.128125 0.000000
vt  0.262500 0.128125 0.000000
vt  0.262500 0.128125 0.000000
vt  0.262500 0.128125 0.000000
vt  0.128125 0.118750 0.000000
vt  0.128125 0.118750 0.000000
vt  0.128125 0.118750 0.000000
vt  0.128125 0.118750 0.000000
vt  0.128125 0.118750 0.000000
vt  0.128125 0.118750 0.000000
vt  0.128125 0.118750 0.000000
vt  0.262500 0.128125 0.000000
vt  0.262500 0.128125 0.000000
vt  0.262500 0.128125 0.000000
vt  0.262500 0.128125 0.000000
vt  0.262500 0.128125 0.000000
vt  0.262500 0.128125 0.000000
vt  0.262500 0.128125 0.000000
vt  0.262500 0.128125 0.000000
vt  0.262500 0.128125 0.000000
vt  0.262500 0.128125 0.000000
vt  0.262500 0.128125 0.000000
vt  0.262500 0.128125 0.000000
vt  0.262500 0.128125 0.000000
vt  0.262500 0.128125 0.000000
vt  0.262500 0.128125 0.000000
vt  0.262500 0.128125 0.000000
vt  0.371875 0.184375 0.000000
vt  0.371875 0.184375 0.000000
vt  0.371875 0.184375 0.000000
vt  0.371875 0.184375 0.000000
vt  0.262500 0.128125 0.000000
vt  0.262500 0.128125 0.000000
vt  0.262500 0.128125 0.000000
vt  0.262500 0.128125 0.000000
vt  0.140625 0.850000 0.000000
vt  0.140625 0.850000 0.000000
vt  0.140625 0.850000 0.000000
vt  0.140625 0.850000 0.000000
vt  0.140625 0.850000 0.000000
vt  0.140625 0.850000 0.000000
vt  0.140625 0.850000 0.000000
vt  0.140625 0.850000 0.000000
vt  0.140625 0.850000 0.000000
vt  0.140625 0.850000 0.000000
vt  0.140625 0.850000 0.000000
vt  0.140625 0.850000 0.000000
vt  0.140625 0.850000 0.000000
vt  0.140625 0.850000 0.000000
vt  0.140625 0.850000 0.000000
vt  0.271875 0.178125 0.000000
vt  0.271875 0.178125 0.000000
vt  0.271875 0.178125 0.000000
vt  0.271875 0.178125 0.000000
vt  0.271875 0.178125 0.000000
vt  0.271875 0.178125 0.000000
vt  0.262500 0.128125 0.000000
vt  0.262500 0.128125 0.000000
vt  0.262500 0.128125 0.000000
vt  0.262500 0.128125 0.000000
vt  0.262500 0.128125 0.000000
vt  0.262500 0.128125 0.000000
vt  0.262500 0.128125 0.000000
vt  0.262500 0.128125 0.000000
vt  0.831250 0.662500 0.000000
vt  0.831250 0.662500 0.000000
vt  0.831250 0.662500 0.000000
vt  0.831250 0.662500 0.000000
vt  0.831250 0.662500 0.000000
vt  0.831250 0.662500 0.000000
vt  0.831250 0.784375 0.000000
vt  0.831250 0.784375 0.000000
vt  0.831250 0.784375 0.000000
vt  0.262500 0.128125 0.000000
vt  0.262500 0.128125 0.000000
vt  0.262500 0.128125 0.000000
vt  0.271875 0.178125 0.000000
vt  0.271875 0.178125 0.000000
vt  0.271875 0.178125 0.000000
vt  0.271875 0.178125 0.000000
vt  0.271875 0.178125 0.000000
vt  0.271875 0.178125 0.000000
vt  0.262500 0.128125 0.000000
vt  0.262500 0.128125 0.000000
vt  0.262500 0.128125 0.000000
vt  0.271875 0.178125 0.000000
vt  0.271875 0.178125 0.000000
vt  0.271875 0.178125 0.000000
vt  0.271875 0.178125 0.000000
vt  0.271875 0.178125 0.000000
vt  0.271875 0.178125 0.000000
vt  0.271875 0.178125 0.000000
vt  0.271875 0.178125 0.000000
vt  0.271875 0.178125 0.000000
vt  0.271875 0.178125 0.000000
vt  0.271875 0.178125 0.000000
vt  0.271875 0.178125 0.000000
vt  0.271875 0.178125 0.000000
vt  0.271875 0.178125 0.000000
vt  0.271875 0.178125 0.000000
vt  0.271875 0.178125 0.000000
vt  0.271875 0.178125 0.000000
vt  0.271875 0.178125 0.000000
vt  0.271875 0.178125 0.000000
vt  0.271875 0.178125 0.000000
vt  0.271875 0.178125 0.000000
vt  0.271875 0.178125 0.000000
vt  0.271875 0.178125 0.000000
vt  0.271875 0.178125 0.000000
vt  0.271875 0.178125 0.000000
vt  0.271875 0.178125 0.000000
vt  0.271875 0.178125 0.000000
vt  0.271875 0.178125 0.000000
vt  0.271875 0.178125 0.000000
vt  0.271875 0.178125 0.000000
vt  0.271875 0.178125 0.000000
vt  0.271875 0.178125 0.000000
vt  0.271875 0.178125 0.000000
vt  0.271875 0.178125 0.000000
vt  0.271875 0.178125 0.000000
vt  0.271875 0.178125 0.000000
vt  0.271875 0.178125 0.000000
vt  0.271875 0.178125 0.000000
vt  0.893750 0.653125 0.000000
vt  0.893750 0.653125 0.000000
vt  0.893750 0.653125 0.000000
vt  0.893750 0.653125 0.000000
vt  0.896875 0.550000 0.000000
vt  0.896875 0.550000 0.000000
vt  0.896875 0.550000 0.000000
vt  0.896875 0.550000 0.000000
vt  0.896875 0.550000 0.000000
vt  0.896875 0.550000 0.000000
vt  0.896875 0.550000 0.000000
vt  0.896875 0.550000 0.000000
vt  0.896875 0.550000 0.000000
vt  0.896875 0.550000 0.000000
vt  0.896875 0.550000 0.000000
vt  0.896875 0.550000 0.000000
vt  0.893750 0.653125 0.000000
vt  0.893750 0.653125 0.000000
vt  0.893750 0.653125 0.000000
vt  0.893750 0.653125 0.000000
vt  0.896875 0.550000 0.000000
vt  0.896875 0.550000 0.000000
vt  0.896875 0.550000 0.000000
vt  0.896875 0.550000 0.000000
vt  0.893750 0.653125 0.000000
vt  0.893750 0.653125 0.000000
vt  0.893750 0.653125 0.000000
vt  0.893750 0.653125 0.000000
vt  0.893750 0.653125 0.000000
vt  0.893750 0.653125 0.000000
vt  0.893750 0.653125 0.000000
vt  0.893750 0.653125 0.000000
vt  0.893750 0.653125 0.000000
vt  0.893750 0.653125 0.000000
vt  0.893750 0.653125 0.000000
vt  0.893750 0.653125 0.000000
vt  0.893750 0.653125 0.000000
vt  0.893750 0.653125 0.000000
vt  0.893750 0.653125 0.000000
vt  0.893750 0.653125 0.000000
vt  0.893750 0.653125 0.000000
vt  0.893750 0.653125 0.000000
vt  0.893750 0.653125 0.000000
vt  0.893750 0.653125 0.000000
vt  0.893750 0.653125 0.000000
vt  0.893750 0.653125 0.000000
vt  0.893750 0.653125 0.000000
vt  0.893750 0.653125 0.000000
vt  0.896875 0.550000 0.000000
vt  0.896875 0.550000 0.000000
vt  0.896875 0.550000 0.000000
vt  0.896875 0.550000 0.000000
vt  0.896875 0.550000 0.000000
vt  0.896875 0.550000 0.000000
vt  0.896875 0.550000 0.000000
vt  0.896875 0.550000 0.000000
vt  0.896875 0.550000 0.000000
vt  0.896875 0.550000 0.000000
vt  0.896875 0.550000 0.000000
vt  0.896875 0.550000 0.000000
vt  0.896875 0.550000 0.000000
vt  0.896875 0.550000 0.000000
vt  0.896875 0.550000 0.000000
vt  0.896875 0.550000 0.000000
vt  0.896875 0.550000 0.000000
vt  0.896875 0.550000 0.000000
vt  0.896875 0.550000 0.000000
vt  0.896875 0.550000 0.000000
vt  0.896875 0.550000 0.000000
vt  0.896875 0.550000 0.000000
vt  0.896875 0.550000 0.000000
vt  0.896875 0.550000 0.000000
vt  0.896875 0.550000 0.000000
vt  0.896875 0.550000 0.000000
vt  0.893750 0.653125 0.000000
vt  0.893750 0.653125 0.000000
vt  0.893750 0.653125 0.000000
vt  0.893750 0.653125 0.000000
vt  0.896875 0.550000 0.000000
vt  0.896875 0.550000 0.000000
vt  0.896875 0.550000 0.000000
vt  0.896875 0.550000 0.000000
vt  0.896875 0.550000 0.000000
vt  0.896875 0.550000 0.000000
vt  0.896875 0.550000 0.000000
vt  0.896875 0.550000 0.000000
vt  0.896875 0.550000 0.000000
vt  0.896875 0.550000 0.000000
vt  0.896875 0.550000 0.000000
vt  0.896875 0.550000 0.000000
vt  0.893750 0.653125 0.000000
vt  0.893750 0.653125 0.000000
vt  0.893750 0.653125 0.000000
vt  0.893750 0.653125 0.000000
vt  0.896875 0.550000 0.000000
vt  0.896875 0.550000 0.000000
vt  0.896875 0.550000 0.000000
vt  0.896875 0.550000 0.000000
vt  0.893750 0.653125 0.000000
vt  0.893750 0.653125 0.000000
vt  0.893750 0.653125 0.000000
vt  0.893750 0.653125 0.000000
vt  0.896875 0.550000 0.000000
vt  0.896875 0.550000 0.000000
vt  0.896875 0.550000 0.000000
vt  0.896875 0.550000 0.000000
vt  0.896875 0.550000 0.000000
vt  0.896875 0.550000 0.000000
vt  0.896875 0.550000 0.000000
vt  0.896875 0.550000 0.000000
vt  0.896875 0.550000 0.000000
vt  0.896875 0.550000 0.000000
vt  0.896875 0.550000 0.000000
vt  0.896875 0.550000 0.000000
vt  0.893750 0.653125 0.000000
vt  0.893750 0.653125 0.000000
vt  0.893750 0.653125 0.000000
vt  0.893750 0.653125 0.000000
vt  0.896875 0.550000 0.000000
vt  0.896875 0.550000 0.000000
vt  0.896875 0.550000 0.000000
vt  0.896875 0.550000 0.000000
vt  0.815625 0.778125 0.000000
vt  0.815625 0.778125 0.000000
vt  0.815625 0.778125 0.000000
vt  0.815625 0.778125 0.000000
vt  0.815625 0.778125 0.000000
vt  0.815625 0.778125 0.000000
vt  0.815625 0.778125 0.000000
vt  0.815625 0.778125 0.000000
vt  0.828125 0.537500 0.000000
vt  0.828125 0.537500 0.000000
vt  0.828125 0.537500 0.000000
vt  0.828125 0.537500 0.000000
vt  0.828125 0.537500 0.000000
vt  0.828125 0.537500 0.000000
vt  0.828125 0.537500 0.000000
vt  0.828125 0.537500 0.000000
vt  0.815625 0.778125 0.000000
vt  0.815625 0.778125 0.000000
vt  0.815625 0.778125 0.000000
vt  0.815625 0.778125 0.000000
vt  0.815625 0.778125 0.000000
vt  0.815625 0.778125 0.000000
vt  0.815625 0.778125 0.000000
vt  0.815625 0.778125 0.000000
vt  0.896875 0.550000 0.000000
vt  0.896875 0.550000 0.000000
vt  0.896875 0.550000 0.000000
vt  0.896875 0.550000 0.000000
vt  0.896875 0.550000 0.000000
vt  0.896875 0.550000 0.000000
vt  0.896875 0.550000 0.000000
vt  0.896875 0.550000 0.000000
vt  0.896875 0.550000 0.000000
vt  0.896875 0.550000 0.000000
vt  0.896875 0.550000 0.000000
vt  0.896875 0.550000 0.000000
vt  0.896875 0.550000 0.000000
vt  0.896875 0.550000 0.000000
vt  0.896875 0.550000 0.000000
vt  0.896875 0.550000 0.000000
vt  0.896875 0.550000 0.000000
vt  0.896875 0.550000 0.000000
vt  0.896875 0.550000 0.000000
vt  0.896875 0.550000 0.000000
vt  0.896875 0.550000 0.000000
vt  0.896875 0.550000 0.000000
vt  0.896875 0.550000 0.000000
vt  0.896875 0.550000 0.000000
vt  0.893750 0.653125 0.000000
vt  0.893750 0.653125 0.000000
vt  0.893750 0.653125 0.000000
vt  0.893750 0.653125 0.000000
vt  0.903125 0.540625 0.000000
vt  0.903125 0.540625 0.000000
vt  0.903125 0.540625 0.000000
vt  0.903125 0.540625 0.000000
vt  0.896875 0.550000 0.000000
vt  0.896875 0.550000 0.000000
vt  0.896875 0.550000 0.000000
vt  0.896875 0.550000 0.000000
vt  0.896875 0.550000 0.000000
vt  0.896875 0.550000 0.000000
vt  0.896875 0.550000 0.000000
vt  0.896875 0.550000 0.000000
vt  0.893750 0.653125 0.000000
vt  0.893750 0.653125 0.000000
vt  0.893750 0.653125 0.000000
vt  0.893750 0.653125 0.000000
vt  0.896875 0.550000 0.000000
vt  0.896875 0.550000 0.000000
vt  0.896875 0.550000 0.000000
vt  0.896875 0.550000 0.000000
vt  0.893750 0.653125 0.000000
vt  0.893750 0.653125 0.000000
vt  0.893750 0.653125 0.000000
vt  0.893750 0.653125 0.000000
vt  0.893750 0.653125 0.000000
vt  0.893750 0.653125 0.000000
vt  0.893750 0.653125 0.000000
vt  0.893750 0.653125 0.000000
vt  0.893750 0.653125 0.000000
vt  0.893750 0.653125 0.000000
vt  0.893750 0.653125 0.000000
vt  0.893750 0.653125 0.000000
vt  0.893750 0.653125 0.000000
vt  0.893750 0.653125 0.000000
vt  0.893750 0.653125 0.000000
vt  0.893750 0.653125 0.000000
vt  0.893750 0.653125 0.000000
vt  0.893750 0.653125 0.000000
vt  0.893750 0.653125 0.000000
vt  0.893750 0.653125 0.000000
vt  0.893750 0.653125 0.000000
vt  0.893750 0.653125 0.000000
vt  0.893750 0.653125 0.000000
vt  0.893750 0.653125 0.000000
vt  0.815625 0.778125 0.000000
vt  0.815625 0.778125 0.000000
vt  0.815625 0.778125 0.000000
vt  0.815625 0.778125 0.000000
vt  0.815625 0.778125 0.000000
vt  0.815625 0.778125 0.000000
vt  0.815625 0.778125 0.000000
vt  0.815625 0.778125 0.000000
vt  0.828125 0.537500 0.000000
vt  0.828125 0.537500 0.000000
vt  0.828125 0.537500 0.000000
vt  0.828125 0.537500 0.000000
vt  0.828125 0.537500 0.000000
vt  0.828125 0.537500 0.000000
vt  0.828125 0.537500 0.000000
vt  0.828125 0.537500 0.000000
vt  0.815625 0.778125 0.000000
vt  0.815625 0.778125 0.000000
vt  0.815625 0.778125 0.000000
vt  0.815625 0.778125 0.000000
vt  0.815625 0.778125 0.000000
vt  0.815625 0.778125 0.000000
vt  0.815625 0.778125 0.000000
vt  0.815625 0.778125 0.000000
vt  0.815625 0.778125 0.000000
vt  0.815625 0.778125 0.000000
vt  0.815625 0.778125 0.000000
vt  0.815625 0.778125 0.000000
vt  0.815625 0.778125 0.000000
vt  0.815625 0.778125 0.000000
vt  0.815625 0.778125 0.000000
vt  0.815625 0.778125 0.000000
vt  0.815625 0.778125 0.000000
vt  0.815625 0.778125 0.000000
vt  0.815625 0.778125 0.000000
vt  0.815625 0.778125 0.000000
vt  0.815625 0.778125 0.000000
vt  0.815625 0.778125 0.000000
vt  0.815625 0.778125 0.000000
vt  0.815625 0.778125 0.000000
vt  0.815625 0.778125 0.000000
vt  0.815625 0.778125 0.000000
vt  0.815625 0.778125 0.000000
vt  0.815625 0.778125 0.000000
vt  0.815625 0.778125 0.000000
vt  0.815625 0.778125 0.000000
vt  0.815625 0.778125 0.000000
vt  0.815625 0.778125 0.000000
vt  0.896875 0.540625 0.000000
vt  0.896875 0.540625 0.000000
vt  0.896875 0.540625 0.000000
vt  0.831250 0.662500 0.000000
vt  0.831250 0.662500 0.000000
vt  0.831250 0.662500 0.000000
vt  0.831250 0.662500 0.000000
vt  0.831250 0.662500 0.000000
vt  0.831250 0.662500 0.000000
vt  0.831250 0.784375 0.000000
vt  0.831250 0.784375 0.000000
vt  0.831250 0.784375 0.000000
vt  0.262500 0.128125 0.000000
vt  0.262500 0.128125 0.000000
vt  0.262500 0.128125 0.000000
vt  0.262500 0.128125 0.000000
vt  0.262500 0.128125 0.000000
vt  0.262500 0.128125 0.000000
vt  0.262500 0.128125 0.000000
vt  0.262500 0.128125 0.000000
vt  0.271875 0.178125 0.000000
vt  0.262500 0.128125 0.000000
vt  0.262500 0.128125 0.000000
vt  0.262500 0.128125 0.000000
vt  0.262500 0.128125 0.000000
vt  0.262500 0.128125 0.000000
vt  0.262500 0.128125 0.000000
vt  0.271875 0.178125 0.000000
vt  0.271875 0.178125 0.000000
vt  0.271875 0.178125 0.000000
vt  0.271875 0.178125 0.000000
vt  0.262500 0.128125 0.000000
vt  0.262500 0.128125 0.000000
vt  0.262500 0.128125 0.000000
vt  0.262500 0.128125 0.000000
vt  0.271875 0.178125 0.000000
vt  0.271875 0.178125 0.000000
vt  0.271875 0.178125 0.000000
vt  0.271875 0.178125 0.000000
vt  0.262500 0.128125 0.000000
vt  0.262500 0.128125 0.000000
vt  0.262500 0.128125 0.000000
vt  0.262500 0.128125 0.000000
vt  0.271875 0.178125 0.000000
vt  0.271875 0.178125 0.000000
vt  0.271875 0.178125 0.000000
vt  0.271875 0.178125 0.000000
vt  0.262500 0.128125 0.000000
vt  0.262500 0.128125 0.000000
vt  0.262500 0.128125 0.000000
vt  0.262500 0.128125 0.000000
vt  0.262500 0.128125 0.000000
vt  0.262500 0.128125 0.000000
vt  0.262500 0.128125 0.000000
vt  0.262500 0.128125 0.000000
vt  0.262500 0.128125 0.000000
vt  0.262500 0.128125 0.000000
vt  0.262500 0.128125 0.000000
vt  0.262500 0.128125 0.000000
vt  0.262500 0.128125 0.000000
vt  0.262500 0.128125 0.000000
vt  0.262500 0.128125 0.000000
vt  0.262500 0.128125 0.000000
vt  0.262500 0.128125 0.000000
vt  0.262500 0.128125 0.000000
vt  0.262500 0.128125 0.000000
vt  0.262500 0.128125 0.000000
vt  0.271875 0.178125 0.000000
vt  0.271875 0.178125 0.000000
vt  0.271875 0.178125 0.000000
vt  0.271875 0.178125 0.000000
vt  0.262500 0.128125 0.000000
vt  0.262500 0.128125 0.000000
vt  0.262500 0.128125 0.000000
vt  0.262500 0.128125 0.000000
vt  0.262500 0.128125 0.000000
vt  0.271875 0.178125 0.000000
vt  0.500000 0.609375 0.000000
vt  0.500000 0.609375 0.000000
vt  0.500000 0.609375 0.000000
vt  0.500000 0.609375 0.000000
vt  0.621875 0.584375 0.000000
vt  0.621875 0.584375 0.000000
vt  0.621875 0.584375 0.000000
vt  0.621875 0.584375 0.000000
vt  0.262500 0.128125 0.000000
vt  0.262500 0.128125 0.000000
vt  0.262500 0.128125 0.000000
vt  0.262500 0.128125 0.000000
vt  0.128125 0.118750 0.000000
vt  0.262500 0.128125 0.000000
vt  0.262500 0.128125 0.000000
vt  0.262500 0.128125 0.000000
vt  0.262500 0.128125 0.000000
vt  0.262500 0.128125 0.000000
vt  0.262500 0.128125 0.000000
vt  0.262500 0.128125 0.000000
vt  0.262500 0.128125 0.000000
vt  0.262500 0.128125 0.000000
vt  0.262500 0.128125 0.000000
vt  0.262500 0.128125 0.000000
vt  0.262500 0.128125 0.000000
vt  0.262500 0.128125 0.000000
vt  0.262500 0.128125 0.000000
vt  0.262500 0.128125 0.000000
vt  0.262500 0.128125 0.000000
vt  0.262500 0.128125 0.000000
vt  0.262500 0.128125 0.000000
vt  0.128125 0.118750 0.000000
vt  0.128125 0.118750 0.000000
vt  0.128125 0.118750 0.000000
vt  0.128125 0.118750 0.000000
vt  0.262500 0.128125 0.000000
vt  0.262500 0.128125 0.000000
vt  0.262500 0.128125 0.000000
vt  0.262500 0.128125 0.000000
vt  0.262500 0.128125 0.000000
vt  0.262500 0.128125 0.000000
vt  0.262500 0.128125 0.000000
vt  0.262500 0.128125 0.000000
vt  0.371875 0.184375 0.000000
vt  0.371875 0.184375 0.000000
vt  0.371875 0.184375 0.000000
vt  0.371875 0.184375 0.000000
vt  0.262500 0.128125 0.000000
vt  0.262500 0.128125 0.000000
vt  0.262500 0.128125 0.000000
vt  0.262500 0.128125 0.000000
vt  0.262500 0.128125 0.000000
vt  0.262500 0.128125 0.000000
vt  0.262500 0.128125 0.000000
vt  0.262500 0.128125 0.000000
vt  0.262500 0.128125 0.000000
vt  0.262500 0.128125 0.000000
vt  0.262500 0.128125 0.000000
vt  0.262500 0.128125 0.000000
vt  0.262500 0.128125 0.000000
vt  0.262500 0.128125 0.000000
vt  0.262500 0.128125 0.000000
vt  0.262500 0.128125 0.000000
vt  0.262500 0.128125 0.000000
vt  0.262500 0.128125 0.000000
vt  0.262500 0.128125 0.000000
vt  0.262500 0.128125 0.000000
vt  0.262500 0.128125 0.000000
vt  0.262500 0.128125 0.000000
vt  0.262500 0.128125 0.000000
vt  0.262500 0.128125 0.000000
vt  0.271875 0.178125 0.000000
vt  0.262500 0.128125 0.000000
vt  0.262500 0.128125 0.000000
vt  0.262500 0.128125 0.000000
vt  0.262500 0.128125 0.000000
vt  0.262500 0.128125 0.000000
vt  0.262500 0.128125 0.000000
vt  0.262500 0.128125 0.000000
vt  0.262500 0.128125 0.000000
vt  0.128125 0.118750 0.000000
vt  0.262500 0.128125 0.000000
vt  0.262500 0.128125 0.000000
vt  0.262500 0.128125 0.000000
vt  0.262500 0.128125 0.000000
vt  0.262500 0.128125 0.000000
vt  0.262500 0.128125 0.000000
vt  0.262500 0.128125 0.000000
vt  0.262500 0.128125 0.000000
vt  0.262500 0.128125 0.000000
vt  0.262500 0.128125 0.000000
vt  0.262500 0.128125 0.000000
vt  0.262500 0.128125 0.000000
vt  0.262500 0.128125 0.000000
vt  0.262500 0.128125 0.000000
vt  0.262500 0.128125 0.000000
vt  0.262500 0.128125 0.000000
vt  0.262500 0.128125 0.000000
vt  0.262500 0.128125 0.000000
vt  0.262500 0.128125 0.000000
vt  0.262500 0.128125 0.000000
vt  0.262500 0.128125 0.000000
vt  0.262500 0.128125 0.000000
vt  0.262500 0.128125 0.000000
vt  0.262500 0.128125 0.000000
vt  0.262500 0.128125 0.000000
vt  0.262500 0.128125 0.000000
vt  0.262500 0.128125 0.000000
vt  0.262500 0.128125 0.000000
vt  0.262500 0.128125 0.000000
vt  0.262500 0.128125 0.000000
vt  0.262500 0.128125 0.000000
vt  0.262500 0.128125 0.000000
vt  0.262500 0.128125 0.000000
vt  0.262500 0.128125 0.000000
vt  0.262500 0.128125 0.000000
vt  0.500000 0.609375 0.000000
vt  0.500000 0.609375 0.000000
vt  0.500000 0.609375 0.000000
vt  0.500000 0.609375 0.000000
vt  0.500000 0.609375 0.000000
vt  0.500000 0.609375 0.000000
vt  0.500000 0.609375 0.000000
vt  0.262500 0.128125 0.000000
vt  0.262500 0.128125 0.000000
vt  0.262500 0.128125 0.000000
vt  0.262500 0.128125 0.000000
vt  0.262500 0.128125 0.000000
vt  0.262500 0.128125 0.000000
vt  0.262500 0.128125 0.000000
vt  0.262500 0.128125 0.000000
vt  0.262500 0.128125 0.000000
vt  0.262500 0.128125 0.000000
vt  0.262500 0.128125 0.000000
vt  0.262500 0.128125 0.000000
vt  0.262500 0.128125 0.000000
vt  0.262500 0.128125 0.000000
vt  0.262500 0.128125 0.000000
vt  0.262500 0.128125 0.000000
vt  0.128125 0.118750 0.000000
vt  0.128125 0.118750 0.000000
vt  0.128125 0.118750 0.000000
vt  0.128125 0.118750 0.000000
vt  0.262500 0.128125 0.000000
vt  0.262500 0.128125 0.000000
vt  0.262500 0.128125 0.000000
vt  0.262500 0.128125 0.000000
vt  0.262500 0.128125 0.000000
vt  0.262500 0.128125 0.000000
vt  0.262500 0.128125 0.000000
vt  0.262500 0.128125 0.000000
vt  0.378125 0.806250 0.000000
vt  0.378125 0.806250 0.000000
vt  0.378125 0.806250 0.000000
vt  0.378125 0.806250 0.000000
vt  0.378125 0.806250 0.000000
vt  0.378125 0.806250 0.000000
vt  0.500000 0.609375 0.000000
vt  0.500000 0.609375 0.000000
vt  0.500000 0.609375 0.000000
vt  0.500000 0.609375 0.000000
vt  0.262500 0.128125 0.000000
vt  0.262500 0.128125 0.000000
vt  0.262500 0.128125 0.000000
vt  0.262500 0.128125 0.000000
vt  0.262500 0.128125 0.000000
vt  0.262500 0.128125 0.000000
vt  0.262500 0.128125 0.000000
vt  0.262500 0.128125 0.000000
vt  0.262500 0.128125 0.000000
vt  0.262500 0.128125 0.000000
vt  0.262500 0.128125 0.000000
vt  0.262500 0.128125 0.000000
vt  0.262500 0.128125 0.000000
vt  0.262500 0.128125 0.000000
vt  0.262500 0.128125 0.000000
vt  0.262500 0.128125 0.000000
vt  0.262500 0.128125 0.000000
vt  0.262500 0.128125 0.000000
vt  0.262500 0.128125 0.000000
vt  0.262500 0.128125 0.000000
vt  0.262500 0.128125 0.000000
vt  0.262500 0.128125 0.000000
vt  0.271875 0.178125 0.000000
vt  0.271875 0.178125 0.000000
vt  0.271875 0.178125 0.000000
vt  0.271875 0.178125 0.000000
vt  0.621875 0.584375 0.000000
vt  0.621875 0.584375 0.000000
vt  0.621875 0.584375 0.000000
vt  0.621875 0.584375 0.000000
vt  0.500000 0.609375 0.000000
vt  0.500000 0.609375 0.000000
vt  0.500000 0.609375 0.000000
vt  0.500000 0.609375 0.000000
vt  0.621875 0.584375 0.000000
vt  0.621875 0.584375 0.000000
vt  0.621875 0.584375 0.000000
vt  0.621875 0.584375 0.000000
vt  0.262500 0.128125 0.000000
vt  0.262500 0.128125 0.000000
vt  0.262500 0.128125 0.000000
vt  0.500000 0.609375 0.000000
vt  0.500000 0.609375 0.000000
vt  0.500000 0.609375 0.000000
vt  0.500000 0.609375 0.000000
vt  0.500000 0.609375 0.000000
vt  0.500000 0.609375 0.000000
vt  0.500000 0.609375 0.000000
vt  0.262500 0.128125 0.000000
vt  0.262500 0.128125 0.000000
vt  0.262500 0.128125 0.000000
vt  0.262500 0.128125 0.000000
vt  0.371875 0.184375 0.000000
vt  0.371875 0.184375 0.000000
vt  0.371875 0.184375 0.000000
vt  0.371875 0.184375 0.000000
vt  0.271875 0.178125 0.000000
vt  0.262500 0.128125 0.000000
vt  0.262500 0.128125 0.000000
vt  0.262500 0.128125 0.000000
vt  0.262500 0.128125 0.000000
vt  0.262500 0.128125 0.000000
vt  0.262500 0.128125 0.000000
vt  0.500000 0.609375 0.000000
vt  0.500000 0.609375 0.000000
vt  0.500000 0.609375 0.000000
vt  0.500000 0.609375 0.000000
vt  0.621875 0.584375 0.000000
vt  0.621875 0.584375 0.000000
vt  0.621875 0.584375 0.000000
vt  0.621875 0.584375 0.000000
vt  0.384375 0.612500 0.000000
vt  0.384375 0.612500 0.000000
vt  0.384375 0.612500 0.000000
vt  0.384375 0.612500 0.000000
vt  0.621875 0.584375 0.000000
vt  0.621875 0.584375 0.000000
vt  0.621875 0.584375 0.000000
vt  0.621875 0.584375 0.000000
vt  0.500000 0.609375 0.000000
vt  0.500000 0.609375 0.000000
vt  0.500000 0.609375 0.000000
vt  0.500000 0.609375 0.000000
vt  0.621875 0.584375 0.000000
vt  0.621875 0.584375 0.000000
vt  0.621875 0.584375 0.000000
vt  0.621875 0.584375 0.000000
vt  0.621875 0.584375 0.000000
vt  0.621875 0.584375 0.000000
vt  0.621875 0.584375 0.000000
vt  0.500000 0.609375 0.000000
vt  0.500000 0.609375 0.000000
vt  0.500000 0.609375 0.000000
vt  0.500000 0.609375 0.000000
vt  0.621875 0.584375 0.000000
vt  0.621875 0.584375 0.000000
vt  0.621875 0.584375 0.000000
vt  0.500000 0.609375 0.000000
vt  0.500000 0.609375 0.000000
vt  0.500000 0.609375 0.000000
vt  0.500000 0.609375 0.000000
vt  0.621875 0.584375 0.000000
vt  0.621875 0.584375 0.000000
vt  0.621875 0.584375 0.000000
vt  0.500000 0.609375 0.000000
vt  0.500000 0.609375 0.000000
vt  0.500000 0.609375 0.000000
vt  0.500000 0.609375 0.000000
vt  0.500000 0.609375 0.000000
vt  0.500000 0.609375 0.000000
vt  0.500000 0.609375 0.000000
vt  0.500000 0.609375 0.000000
vt  0.262500 0.128125 0.000000
vt  0.500000 0.609375 0.000000
vt  0.500000 0.609375 0.000000
vt  0.500000 0.609375 0.000000
vt  0.500000 0.609375 0.000000
vt  0.621875 0.584375 0.000000
vt  0.621875 0.584375 0.000000
vt  0.621875 0.584375 0.000000
vt  0.621875 0.584375 0.000000
vt  0.500000 0.609375 0.000000
vt  0.500000 0.609375 0.000000
vt  0.500000 0.609375 0.000000
vt  0.500000 0.609375 0.000000
vt  0.500000 0.609375 0.000000
vt  0.500000 0.609375 0.000000
vt  0.500000 0.609375 0.000000
vt  0.500000 0.609375 0.000000
vt  0.500000 0.609375 0.000000
vt  0.500000 0.609375 0.000000
vt  0.500000 0.609375 0.000000
vt  0.621875 0.584375 0.000000
vt  0.621875 0.584375 0.000000
vt  0.621875 0.584375 0.000000
vt  0.621875 0.584375 0.000000
vt  0.621875 0.584375 0.000000
vt  0.621875 0.584375 0.000000
vt  0.621875 0.584375 0.000000
vt  0.621875 0.584375 0.000000
vt  0.621875 0.584375 0.000000
vt  0.621875 0.584375 0.000000
vt  0.621875 0.584375 0.000000
vt  0.621875 0.584375 0.000000
vt  0.621875 0.584375 0.000000
vt  0.621875 0.584375 0.000000
vt  0.621875 0.584375 0.000000
vt  0.621875 0.584375 0.000000
vt  0.500000 0.609375 0.000000
vt  0.500000 0.609375 0.000000
vt  0.500000 0.609375 0.000000
vt  0.500000 0.609375 0.000000
vt  0.500000 0.609375 0.000000
vt  0.500000 0.609375 0.000000
vt  0.500000 0.609375 0.000000
vt  0.500000 0.609375 0.000000
vt  0.500000 0.609375 0.000000
vt  0.500000 0.609375 0.000000
vt  0.500000 0.609375 0.000000
vt  0.500000 0.609375 0.000000
vt  0.500000 0.609375 0.000000
vt  0.500000 0.609375 0.000000
vt  0.500000 0.609375 0.000000
vt  0.500000 0.609375 0.000000
vt  0.621875 0.584375 0.000000
vt  0.621875 0.584375 0.000000
vt  0.621875 0.584375 0.000000
vt  0.621875 0.584375 0.000000
vt  0.621875 0.584375 0.000000
vt  0.621875 0.584375 0.000000
vt  0.621875 0.584375 0.000000
vt  0.621875 0.584375 0.000000
vt  0.384375 0.612500 0.000000
vt  0.384375 0.612500 0.000000
vt  0.384375 0.612500 0.000000
vt  0.500000 0.609375 0.000000
vt  0.500000 0.609375 0.000000
vt  0.500000 0.609375 0.000000
vt  0.500000 0.609375 0.000000
vt  0.262500 0.128125 0.000000
vt  0.262500 0.128125 0.000000
vt  0.262500 0.128125 0.000000
vt  0.262500 0.825000 0.000000
vt  0.262500 0.825000 0.000000
vt  0.262500 0.825000 0.000000
vt  0.262500 0.825000 0.000000
vt  0.262500 0.825000 0.000000
vt  0.262500 0.825000 0.000000
vt  0.500000 0.609375 0.000000
vt  0.500000 0.609375 0.000000
vt  0.500000 0.609375 0.000000
vt  0.140625 0.850000 0.000000
vt  0.271875 0.178125 0.000000
vt  0.271875 0.178125 0.000000
vt  0.271875 0.178125 0.000000
vt  0.271875 0.178125 0.000000
vt  0.262500 0.128125 0.000000
vt  0.262500 0.128125 0.000000
vt  0.262500 0.128125 0.000000
vt  0.262500 0.128125 0.000000
vt  0.262500 0.128125 0.000000
vt  0.262500 0.128125 0.000000
vt  0.262500 0.128125 0.000000
vt  0.262500 0.128125 0.000000
vt  0.262500 0.128125 0.000000
vt  0.262500 0.128125 0.000000
vt  0.262500 0.128125 0.000000
vt  0.262500 0.128125 0.000000
vt  0.262500 0.128125 0.000000
vt  0.262500 0.128125 0.000000
vt  0.262500 0.128125 0.000000
vt  0.262500 0.128125 0.000000
vt  0.128125 0.118750 0.000000
vt  0.128125 0.118750 0.000000
vt  0.128125 0.118750 0.000000
vt  0.128125 0.118750 0.000000
vt  0.262500 0.128125 0.000000
vt  0.262500 0.128125 0.000000
vt  0.262500 0.128125 0.000000
vt  0.262500 0.128125 0.000000
vt  0.262500 0.128125 0.000000
vt  0.262500 0.128125 0.000000
vt  0.262500 0.128125 0.000000
vt  0.262500 0.128125 0.000000
vt  0.262500 0.128125 0.000000
vt  0.262500 0.128125 0.000000
vt  0.262500 0.128125 0.000000
vt  0.500000 0.609375 0.000000
vt  0.500000 0.609375 0.000000
vt  0.500000 0.609375 0.000000
vt  0.500000 0.609375 0.000000
vt  0.500000 0.609375 0.000000
vt  0.500000 0.609375 0.000000
vt  0.500000 0.609375 0.000000
vt  0.500000 0.609375 0.000000
vt  0.621875 0.584375 0.000000
vt  0.621875 0.584375 0.000000
vt  0.621875 0.584375 0.000000
vt  0.621875 0.584375 0.000000
vt  0.500000 0.609375 0.000000
vt  0.500000 0.609375 0.000000
vt  0.500000 0.609375 0.000000
vt  0.500000 0.609375 0.000000
vt  0.621875 0.584375 0.000000
vt  0.621875 0.584375 0.000000
vt  0.621875 0.584375 0.000000
vt  0.621875 0.584375 0.000000
vt  0.262500 0.128125 0.000000
vt  0.262500 0.128125 0.000000
vt  0.262500 0.128125 0.000000
vt  0.262500 0.128125 0.000000
vt  0.271875 0.178125 0.000000
vt  0.271875 0.178125 0.000000
vt  0.271875 0.178125 0.000000
vt  0.271875 0.178125 0.000000
vt  0.271875 0.178125 0.000000
vt  0.271875 0.178125 0.000000
vt  0.271875 0.178125 0.000000
vt  0.271875 0.178125 0.000000
vt  0.262500 0.128125 0.000000
vt  0.262500 0.128125 0.000000
vt  0.262500 0.128125 0.000000
vt  0.262500 0.128125 0.000000
vt  0.262500 0.128125 0.000000
vt  0.262500 0.128125 0.000000
vt  0.262500 0.128125 0.000000
vt  0.262500 0.128125 0.000000
vt  0.271875 0.178125 0.000000
vt  0.271875 0.178125 0.000000
vt  0.271875 0.178125 0.000000
vt  0.271875 0.178125 0.000000
vt  0.262500 0.128125 0.000000
vt  0.262500 0.128125 0.000000
vt  0.262500 0.128125 0.000000
vt  0.262500 0.128125 0.000000
vt  0.262500 0.128125 0.000000
vt  0.262500 0.128125 0.000000
vt  0.262500 0.128125 0.000000
vt  0.262500 0.128125 0.000000
vt  0.262500 0.128125 0.000000
vt  0.262500 0.128125 0.000000
vt  0.262500 0.128125 0.000000
vt  0.262500 0.128125 0.000000
vt  0.262500 0.128125 0.000000
vt  0.262500 0.128125 0.000000
vt  0.262500 0.128125 0.000000
vt  0.262500 0.128125 0.000000
vt  0.262500 0.128125 0.000000
vt  0.262500 0.128125 0.000000
vt  0.262500 0.128125 0.000000
vt  0.262500 0.128125 0.000000
vt  0.271875 0.178125 0.000000
vt  0.271875 0.178125 0.000000
vt  0.271875 0.178125 0.000000
vt  0.271875 0.178125 0.000000
vt  0.262500 0.128125 0.000000
vt  0.262500 0.128125 0.000000
vt  0.262500 0.128125 0.000000
vt  0.262500 0.128125 0.000000
vt  0.262500 0.128125 0.000000
vt  0.262500 0.128125 0.000000
vt  0.262500 0.128125 0.000000
vt  0.262500 0.128125 0.000000
vt  0.262500 0.128125 0.000000
vt  0.262500 0.128125 0.000000
vt  0.262500 0.128125 0.000000
vt  0.262500 0.128125 0.000000
vt  0.262500 0.128125 0.000000
vt  0.262500 0.128125 0.000000
vt  0.262500 0.128125 0.000000
vt  0.262500 0.128125 0.000000
vt  0.262500 0.128125 0.000000
vt  0.262500 0.128125 0.000000
vt  0.262500 0.128125 0.000000
vt  0.262500 0.128125 0.000000
vt  0.271875 0.178125 0.000000
vt  0.271875 0.178125 0.000000
vt  0.271875 0.178125 0.000000
vt  0.271875 0.178125 0.000000
vt  0.500000 0.609375 0.000000
vt  0.500000 0.609375 0.000000
vt  0.500000 0.609375 0.000000
vt  0.500000 0.609375 0.000000
vt  0.621875 0.584375 0.000000
vt  0.621875 0.584375 0.000000
vt  0.621875 0.584375 0.000000
vt  0.621875 0.584375 0.000000
vt  0.262500 0.128125 0.000000
vt  0.262500 0.128125 0.000000
vt  0.262500 0.128125 0.000000
vt  0.262500 0.128125 0.000000
vt  0.262500 0.128125 0.000000
vt  0.262500 0.128125 0.000000
vt  0.262500 0.128125 0.000000
vt  0.262500 0.128125 0.000000
vt  0.262500 0.128125 0.000000
vt  0.262500 0.128125 0.000000
vt  0.262500 0.128125 0.000000
vt  0.262500 0.128125 0.000000
vt  0.262500 0.128125 0.000000
vt  0.262500 0.128125 0.000000
vt  0.262500 0.128125 0.000000
vt  0.262500 0.128125 0.000000
vt  0.128125 0.118750 0.000000
vt  0.128125 0.118750 0.000000
vt  0.128125 0.118750 0.000000
vt  0.128125 0.118750 0.000000
vt  0.262500 0.128125 0.000000
vt  0.262500 0.128125 0.000000
vt  0.262500 0.128125 0.000000
vt  0.262500 0.128125 0.000000
vt  0.262500 0.128125 0.000000
vt  0.262500 0.128125 0.000000
vt  0.262500 0.128125 0.000000
vt  0.262500 0.128125 0.000000
vt  0.371875 0.184375 0.000000
vt  0.371875 0.184375 0.000000
vt  0.371875 0.184375 0.000000
vt  0.371875 0.184375 0.000000
vt  0.262500 0.128125 0.000000
vt  0.262500 0.128125 0.000000
vt  0.262500 0.128125 0.000000
vt  0.262500 0.128125 0.000000
vt  0.262500 0.128125 0.000000
vt  0.262500 0.128125 0.000000
vt  0.262500 0.128125 0.000000
vt  0.262500 0.128125 0.000000
vt  0.262500 0.128125 0.000000
vt  0.262500 0.128125 0.000000
vt  0.262500 0.128125 0.000000
vt  0.262500 0.128125 0.000000
vt  0.262500 0.128125 0.000000
vt  0.262500 0.128125 0.000000
vt  0.262500 0.128125 0.000000
vt  0.262500 0.128125 0.000000
vt  0.262500 0.128125 0.000000
vt  0.262500 0.128125 0.000000
vt  0.262500 0.128125 0.000000
vt  0.262500 0.128125 0.000000
vt  0.262500 0.128125 0.000000
vt  0.262500 0.128125 0.000000
vt  0.262500 0.128125 0.000000
vt  0.262500 0.128125 0.000000
vt  0.271875 0.178125 0.000000
vt  0.271875 0.178125 0.000000
vt  0.271875 0.178125 0.000000
vt  0.271875 0.178125 0.000000
vt  0.262500 0.128125 0.000000
vt  0.262500 0.128125 0.000000
vt  0.262500 0.128125 0.000000
vt  0.262500 0.128125 0.000000
vt  0.262500 0.128125 0.000000
vt  0.262500 0.128125 0.000000
vt  0.262500 0.128125 0.000000
vt  0.262500 0.128125 0.000000
vt  0.262500 0.128125 0.000000
vt  0.262500 0.128125 0.000000
vt  0.262500 0.128125 0.000000
vt  0.262500 0.128125 0.000000
vt  0.262500 0.128125 0.000000
vt  0.262500 0.128125 0.000000
vt  0.262500 0.128125 0.000000
vt  0.262500 0.128125 0.000000
vt  0.262500 0.128125 0.000000
vt  0.262500 0.128125 0.000000
vt  0.262500 0.128125 0.000000
vt  0.262500 0.128125 0.000000
vt  0.262500 0.128125 0.000000
vt  0.262500 0.128125 0.000000
vt  0.262500 0.128125 0.000000
vt  0.262500 0.128125 0.000000
vt  0.262500 0.128125 0.000000
vt  0.262500 0.128125 0.000000
vt  0.262500 0.128125 0.000000
vt  0.262500 0.128125 0.000000
vt  0.262500 0.128125 0.000000
vt  0.262500 0.128125 0.000000
vt  0.262500 0.128125 0.000000
vt  0.262500 0.128125 0.000000
vt  0.262500 0.128125 0.000000
vt  0.262500 0.128125 0.000000
vt  0.262500 0.128125 0.000000
vt  0.262500 0.128125 0.000000
vt  0.262500 0.128125 0.000000
vt  0.262500 0.128125 0.000000
vt  0.262500 0.128125 0.000000
vt  0.262500 0.128125 0.000000
vt  0.262500 0.128125 0.000000
vt  0.262500 0.128125 0.000000
vt  0.262500 0.128125 0.000000
vt  0.262500 0.128125 0.000000
vt  0.262500 0.128125 0.000000
vt  0.262500 0.128125 0.000000
vt  0.262500 0.128125 0.000000
vt  0.262500 0.128125 0.000000
vt  0.262500 0.128125 0.000000
vt  0.262500 0.128125 0.000000
vt  0.262500 0.128125 0.000000
vt  0.262500 0.128125 0.000000
vt  0.262500 0.128125 0.000000
vt  0.262500 0.128125 0.000000
vt  0.262500 0.128125 0.000000
vt  0.262500 0.128125 0.000000
vt  0.262500 0.128125 0.000000
vt  0.262500 0.128125 0.000000
vt  0.262500 0.128125 0.000000
vt  0.262500 0.128125 0.000000
vt  0.262500 0.128125 0.000000
vt  0.262500 0.128125 0.000000
vt  0.262500 0.128125 0.000000
vt  0.262500 0.128125 0.000000
vt  0.262500 0.128125 0.000000
vt  0.262500 0.128125 0.000000
vt  0.262500 0.128125 0.000000
vt  0.262500 0.128125 0.000000
vt  0.262500 0.128125 0.000000
vt  0.262500 0.128125 0.000000
vt  0.500000 0.609375 0.000000
vt  0.500000 0.609375 0.000000
vt  0.500000 0.609375 0.000000
vt  0.500000 0.609375 0.000000
vt  0.500000 0.609375 0.000000
vt  0.500000 0.609375 0.000000
vt  0.500000 0.609375 0.000000
vt  0.262500 0.128125 0.000000
vt  0.262500 0.128125 0.000000
vt  0.262500 0.128125 0.000000
vt  0.262500 0.128125 0.000000
vt  0.262500 0.128125 0.000000
vt  0.262500 0.128125 0.000000
vt  0.262500 0.128125 0.000000
vt  0.262500 0.128125 0.000000
vt  0.262500 0.128125 0.000000
vt  0.262500 0.128125 0.000000
vt  0.262500 0.128125 0.000000
vt  0.262500 0.128125 0.000000
vt  0.262500 0.128125 0.000000
vt  0.262500 0.128125 0.000000
vt  0.262500 0.128125 0.000000
vt  0.128125 0.118750 0.000000
vt  0.128125 0.118750 0.000000
vt  0.128125 0.118750 0.000000
vt  0.128125 0.118750 0.000000
vt  0.262500 0.128125 0.000000
vt  0.262500 0.128125 0.000000
vt  0.262500 0.128125 0.000000
vt  0.262500 0.128125 0.000000
vt  0.262500 0.128125 0.000000
vt  0.262500 0.128125 0.000000
vt  0.262500 0.128125 0.000000
vt  0.140625 0.850000 0.000000
vt  0.140625 0.850000 0.000000
vt  0.378125 0.806250 0.000000
vt  0.378125 0.806250 0.000000
vt  0.378125 0.806250 0.000000
vt  0.500000 0.609375 0.000000
vt  0.500000 0.609375 0.000000
vt  0.500000 0.609375 0.000000
vt  0.500000 0.609375 0.000000
vt  0.262500 0.128125 0.000000
vt  0.262500 0.128125 0.000000
vt  0.262500 0.128125 0.000000
vt  0.262500 0.128125 0.000000
vt  0.262500 0.128125 0.000000
vt  0.262500 0.128125 0.000000
vt  0.262500 0.128125 0.000000
vt  0.500000 0.609375 0.000000
vt  0.500000 0.609375 0.000000
vt  0.500000 0.609375 0.000000
vt  0.500000 0.609375 0.000000
vt  0.500000 0.609375 0.000000
vt  0.500000 0.609375 0.000000
vt  0.500000 0.609375 0.000000
vt  0.262500 0.128125 0.000000
vt  0.262500 0.128125 0.000000
vt  0.262500 0.128125 0.000000
vt  0.500000 0.609375 0.000000
vt  0.500000 0.609375 0.000000
vt  0.500000 0.609375 0.000000
vt  0.500000 0.609375 0.000000
vt  0.500000 0.609375 0.000000
vt  0.500000 0.609375 0.000000
vt  0.621875 0.584375 0.000000
vt  0.621875 0.584375 0.000000
vt  0.621875 0.584375 0.000000
vt  0.621875 0.584375 0.000000
vt  0.262500 0.128125 0.000000
vt  0.262500 0.128125 0.000000
vt  0.262500 0.128125 0.000000
vt  0.262500 0.128125 0.000000
vt  0.500000 0.609375 0.000000
vt  0.500000 0.609375 0.000000
vt  0.500000 0.609375 0.000000
vt  0.500000 0.609375 0.000000
vt  0.500000 0.609375 0.000000
vt  0.500000 0.609375 0.000000
vt  0.500000 0.609375 0.000000
vt  0.371875 0.184375 0.000000
vt  0.371875 0.184375 0.000000
vt  0.371875 0.184375 0.000000
vt  0.262500 0.128125 0.000000
vt  0.262500 0.128125 0.000000
vt  0.262500 0.128125 0.000000
vt  0.262500 0.128125 0.000000
vt  0.371875 0.184375 0.000000
vt  0.262500 0.128125 0.000000
vt  0.262500 0.128125 0.000000
vt  0.262500 0.128125 0.000000
vt  0.262500 0.128125 0.000000
vt  0.262500 0.128125 0.000000
vt  0.500000 0.609375 0.000000
vt  0.500000 0.609375 0.000000
vt  0.500000 0.609375 0.000000
vt  0.500000 0.609375 0.000000
vt  0.500000 0.609375 0.000000
vt  0.500000 0.609375 0.000000
vt  0.500000 0.609375 0.000000
vt  0.500000 0.609375 0.000000
vt  0.384375 0.612500 0.000000
vt  0.384375 0.612500 0.000000
vt  0.384375 0.612500 0.000000
vt  0.384375 0.612500 0.000000
vt  0.621875 0.584375 0.000000
vt  0.621875 0.584375 0.000000
vt  0.621875 0.584375 0.000000
vt  0.621875 0.584375 0.000000
vt  0.500000 0.609375 0.000000
vt  0.500000 0.609375 0.000000
vt  0.500000 0.609375 0.000000
vt  0.500000 0.609375 0.000000
vt  0.621875 0.584375 0.000000
vt  0.621875 0.584375 0.000000
vt  0.621875 0.584375 0.000000
vt  0.621875 0.584375 0.000000
vt  0.621875 0.584375 0.000000
vt  0.621875 0.584375 0.000000
vt  0.621875 0.584375 0.000000
vt  0.500000 0.609375 0.000000
vt  0.500000 0.609375 0.000000
vt  0.500000 0.609375 0.000000
vt  0.500000 0.609375 0.000000
vt  0.500000 0.609375 0.000000
vt  0.500000 0.609375 0.000000
vt  0.500000 0.609375 0.000000
vt  0.384375 0.612500 0.000000
vt  0.384375 0.612500 0.000000
vt  0.384375 0.612500 0.000000
vt  0.384375 0.612500 0.000000
vt  0.500000 0.609375 0.000000
vt  0.500000 0.609375 0.000000
vt  0.500000 0.609375 0.000000
vt  0.500000 0.609375 0.000000
vt  0.500000 0.609375 0.000000
vt  0.500000 0.609375 0.000000
vt  0.621875 0.584375 0.000000
vt  0.621875 0.584375 0.000000
vt  0.621875 0.584375 0.000000
vt  0.500000 0.609375 0.000000
vt  0.500000 0.609375 0.000000
vt  0.500000 0.609375 0.000000
vt  0.500000 0.609375 0.000000
vt  0.500000 0.609375 0.000000
vt  0.500000 0.609375 0.000000
vt  0.500000 0.609375 0.000000
vt  0.500000 0.609375 0.000000
vt  0.500000 0.609375 0.000000
vt  0.500000 0.609375 0.000000
vt  0.500000 0.609375 0.000000
vt  0.500000 0.609375 0.000000
vt  0.621875 0.584375 0.000000
vt  0.621875 0.584375 0.000000
vt  0.621875 0.584375 0.000000
vt  0.621875 0.584375 0.000000
vt  0.500000 0.609375 0.000000
vt  0.500000 0.609375 0.000000
vt  0.500000 0.609375 0.000000
vt  0.500000 0.609375 0.000000
vt  0.500000 0.609375 0.000000
vt  0.500000 0.609375 0.000000
vt  0.500000 0.609375 0.000000
vt  0.500000 0.609375 0.000000
vt  0.500000 0.609375 0.000000
vt  0.500000 0.609375 0.000000
vt  0.500000 0.609375 0.000000
vt  0.500000 0.609375 0.000000
vt  0.500000 0.609375 0.000000
vt  0.500000 0.609375 0.000000
vt  0.500000 0.609375 0.000000
vt  0.621875 0.584375 0.000000
vt  0.621875 0.584375 0.000000
vt  0.621875 0.584375 0.000000
vt  0.621875 0.584375 0.000000
vt  0.621875 0.584375 0.000000
vt  0.621875 0.584375 0.000000
vt  0.621875 0.584375 0.000000
vt  0.500000 0.609375 0.000000
vt  0.500000 0.609375 0.000000
vt  0.500000 0.609375 0.000000
vt  0.500000 0.609375 0.000000
vt  0.500000 0.609375 0.000000
vt  0.500000 0.609375 0.000000
vt  0.500000 0.609375 0.000000
vt  0.500000 0.609375 0.000000
vt  0.500000 0.609375 0.000000
vt  0.500000 0.609375 0.000000
vt  0.500000 0.609375 0.000000
vt  0.500000 0.609375 0.000000
vt  0.500000 0.609375 0.000000
vt  0.500000 0.609375 0.000000
vt  0.500000 0.609375 0.000000
vt  0.500000 0.609375 0.000000
vt  0.500000 0.609375 0.000000
vt  0.500000 0.609375 0.000000
vt  0.500000 0.609375 0.000000
vt  0.500000 0.609375 0.000000
vt  0.500000 0.609375 0.000000
vt  0.500000 0.609375 0.000000
vt  0.500000 0.609375 0.000000
vt  0.500000 0.609375 0.000000
vt  0.500000 0.609375 0.000000
vt  0.500000 0.609375 0.000000
vt  0.500000 0.609375 0.000000
vt  0.621875 0.584375 0.000000
vt  0.621875 0.584375 0.000000
vt  0.621875 0.584375 0.000000
vt  0.621875 0.584375 0.000000
vt  0.621875 0.584375 0.000000
vt  0.621875 0.584375 0.000000
vt  0.621875 0.584375 0.000000
vt  0.621875 0.584375 0.000000
vt  0.384375 0.612500 0.000000
vt  0.384375 0.612500 0.000000
vt  0.384375 0.612500 0.000000
vt  0.500000 0.609375 0.000000
vt  0.500000 0.609375 0.000000
vt  0.500000 0.609375 0.000000
vt  0.262500 0.128125 0.000000
vt  0.262500 0.128125 0.000000
vt  0.262500 0.128125 0.000000
vt  0.262500 0.825000 0.000000
vt  0.262500 0.825000 0.000000
vt  0.262500 0.825000 0.000000
vt  0.500000 0.609375 0.000000
vt  0.500000 0.609375 0.000000
vt  0.500000 0.609375 0.000000
vt  0.500000 0.609375 0.000000
vt  0.500000 0.609375 0.000000
vt  0.500000 0.609375 0.000000
vt  0.140625 0.850000 0.000000
vt  0.271875 0.178125 0.000000
vt  0.271875 0.178125 0.000000
vt  0.262500 0.128125 0.000000
vt  0.262500 0.128125 0.000000
vt  0.262500 0.128125 0.000000
vt  0.262500 0.128125 0.000000
vt  0.262500 0.128125 0.000000
vt  0.262500 0.128125 0.000000
vt  0.262500 0.128125 0.000000
vt  0.262500 0.128125 0.000000
vt  0.262500 0.128125 0.000000
vt  0.262500 0.128125 0.000000
vt  0.262500 0.128125 0.000000
vt  0.262500 0.128125 0.000000
vt  0.262500 0.128125 0.000000
vt  0.262500 0.128125 0.000000
vt  0.262500 0.128125 0.000000
vt  0.262500 0.128125 0.000000
vt  0.128125 0.118750 0.000000
vt  0.128125 0.118750 0.000000
vt  0.128125 0.118750 0.000000
vt  0.128125 0.118750 0.000000
vt  0.262500 0.128125 0.000000
vt  0.262500 0.128125 0.000000
vt  0.262500 0.128125 0.000000
vt  0.262500 0.128125 0.000000
vt  0.262500 0.128125 0.000000
vt  0.262500 0.128125 0.000000
vt  0.262500 0.128125 0.000000
vt  0.262500 0.128125 0.000000
vt  0.500000 0.609375 0.000000
vt  0.500000 0.609375 0.000000
vt  0.500000 0.609375 0.000000
vt  0.500000 0.609375 0.000000
vt  0.500000 0.609375 0.000000
vt  0.500000 0.609375 0.000000
vt  0.500000 0.609375 0.000000
vt  0.500000 0.609375 0.000000
vt  0.500000 0.609375 0.000000
vt  0.500000 0.609375 0.000000
vt  0.500000 0.609375 0.000000
vt  0.500000 0.609375 0.000000
vt  0.500000 0.609375 0.000000
vt  0.500000 0.609375 0.000000
vt  0.500000 0.609375 0.000000
vt  0.500000 0.609375 0.000000
vt  0.500000 0.609375 0.000000
vt  0.500000 0.609375 0.000000
vt  0.500000 0.609375 0.000000
vt  0.896875 0.540625 0.000000
vt  0.896875 0.540625 0.000000
vt  0.896875 0.540625 0.000000
vt  0.896875 0.540625 0.000000
vt  0.896875 0.540625 0.000000
vt  0.896875 0.540625 0.000000
vt  0.896875 0.540625 0.000000
vt  0.896875 0.540625 0.000000
vt  0.896875 0.540625 0.000000
vt  0.896875 0.540625 0.000000
vt  0.896875 0.540625 0.000000
vt  0.896875 0.540625 0.000000
vt  0.896875 0.540625 0.000000
vt  0.896875 0.540625 0.000000
vt  0.896875 0.540625 0.000000
vt  0.896875 0.540625 0.000000
vt  0.896875 0.540625 0.000000
vt  0.896875 0.540625 0.000000
vt  0.896875 0.540625 0.000000
vt  0.896875 0.540625 0.000000
vt  0.896875 0.540625 0.000000
vt  0.896875 0.540625 0.000000
vt  0.896875 0.540625 0.000000
vt  0.896875 0.540625 0.000000
vt  0.896875 0.540625 0.000000
vt  0.896875 0.540625 0.000000
vt  0.896875 0.540625 0.000000
vt  0.896875 0.540625 0.000000
vt  0.896875 0.540625 0.000000
vt  0.896875 0.540625 0.000000
vt  0.896875 0.540625 0.000000
vt  0.896875 0.540625 0.000000
vt  0.896875 0.540625 0.000000
vt  0.896875 0.540625 0.000000
vt  0.896875 0.540625 0.000000
vt  0.896875 0.540625 0.000000
vt  0.896875 0.540625 0.000000
vt  0.896875 0.540625 0.000000
vt  0.896875 0.540625 0.000000
vt  0.896875 0.540625 0.000000
vt  0.896875 0.540625 0.000000
vt  0.896875 0.540625 0.000000
vt  0.896875 0.540625 0.000000
vt  0.896875 0.540625 0.000000
vt  0.896875 0.540625 0.000000
vt  0.896875 0.540625 0.000000
vt  0.896875 0.540625 0.000000
vt  0.896875 0.540625 0.000000
vt  0.896875 0.540625 0.000000
vt  0.896875 0.540625 0.000000
vt  0.896875 0.540625 0.000000
vt  0.896875 0.540625 0.000000
vt  0.896875 0.540625 0.000000
vt  0.896875 0.540625 0.000000
vt  0.896875 0.540625 0.000000
vt  0.896875 0.540625 0.000000
vt  0.896875 0.540625 0.000000
vt  0.896875 0.540625 0.000000
vt  0.896875 0.540625 0.000000
vt  0.896875 0.540625 0.000000
vt  0.896875 0.540625 0.000000
vt  0.896875 0.540625 0.000000
vt  0.896875 0.540625 0.000000
vt  0.896875 0.540625 0.000000
vt  0.896875 0.540625 0.000000
vt  0.896875 0.540625 0.000000
vt  0.896875 0.540625 0.000000
vt  0.896875 0.540625 0.000000
vt  0.896875 0.540625 0.000000
vt  0.896875 0.540625 0.000000
vt  0.896875 0.540625 0.000000
vt  0.896875 0.540625 0.000000
vt  0.831250 0.662500 0.000000
vt  0.831250 0.662500 0.000000
vt  0.831250 0.662500 0.000000
vt  0.831250 0.662500 0.000000
vt  0.831250 0.662500 0.000000
vt  0.831250 0.662500 0.000000
vt  0.831250 0.662500 0.000000
vt  0.831250 0.662500 0.000000
vt  0.831250 0.662500 0.000000
vt  0.831250 0.662500 0.000000
vt  0.831250 0.662500 0.000000
vt  0.831250 0.662500 0.000000
vt  0.831250 0.662500 0.000000
vt  0.831250 0.662500 0.000000
vt  0.831250 0.662500 0.000000
vt  0.831250 0.662500 0.000000
vt  0.831250 0.662500 0.000000
vt  0.831250 0.662500 0.000000
vt  0.831250 0.662500 0.000000
vt  0.831250 0.662500 0.000000
vt  0.831250 0.662500 0.000000
vt  0.831250 0.662500 0.000000
vt  0.831250 0.662500 0.000000
vt  0.831250 0.662500 0.000000
vt  0.831250 0.662500 0.000000
vt  0.831250 0.662500 0.000000
vt  0.831250 0.662500 0.000000
vt  0.831250 0.662500 0.000000
vt  0.831250 0.662500 0.000000
vt  0.831250 0.662500 0.000000
vt  0.831250 0.662500 0.000000
vt  0.831250 0.662500 0.000000
vt  0.831250 0.662500 0.000000
vt  0.831250 0.662500 0.000000
vt  0.831250 0.784375 0.000000
vt  0.831250 0.784375 0.000000
vt  0.831250 0.784375 0.000000
vt  0.831250 0.784375 0.000000
vt  0.831250 0.784375 0.000000
vt  0.831250 0.784375 0.000000
vt  0.831250 0.784375 0.000000
vt  0.831250 0.784375 0.000000
vt  0.831250 0.784375 0.000000
vt  0.831250 0.784375 0.000000
vt  0.831250 0.784375 0.000000
vt  0.831250 0.784375 0.000000
vt  0.831250 0.662500 0.000000
vt  0.831250 0.662500 0.000000
vt  0.831250 0.662500 0.000000
vt  0.831250 0.662500 0.000000
vt  0.831250 0.784375 0.000000
vt  0.831250 0.784375 0.000000
vt  0.831250 0.784375 0.000000
vt  0.831250 0.784375 0.000000
vt  0.896875 0.540625 0.000000
vt  0.896875 0.540625 0.000000
vt  0.896875 0.540625 0.000000
vt  0.896875 0.540625 0.000000
vt  0.896875 0.540625 0.000000
vt  0.896875 0.540625 0.000000
vt  0.896875 0.540625 0.000000
vt  0.896875 0.540625 0.000000
vt  0.896875 0.540625 0.000000
vt  0.896875 0.540625 0.000000
vt  0.896875 0.540625 0.000000
vt  0.896875 0.540625 0.000000
vt  0.896875 0.540625 0.000000
vt  0.896875 0.540625 0.000000
vt  0.896875 0.540625 0.000000
vt  0.896875 0.540625 0.000000
vt  0.896875 0.540625 0.000000
vt  0.896875 0.540625 0.000000
vt  0.896875 0.540625 0.000000
vt  0.896875 0.540625 0.000000
vt  0.896875 0.540625 0.000000
vt  0.896875 0.540625 0.000000
vt  0.896875 0.540625 0.000000
vt  0.896875 0.540625 0.000000
vt  0.896875 0.540625 0.000000
vt  0.896875 0.540625 0.000000
vt  0.896875 0.540625 0.000000
vt  0.896875 0.540625 0.000000
vt  0.896875 0.540625 0.000000
vt  0.831250 0.662500 0.000000
vt  0.831250 0.662500 0.000000
vt  0.831250 0.662500 0.000000
vt  0.896875 0.540625 0.000000
vt  0.896875 0.540625 0.000000
vt  0.896875 0.540625 0.000000
vt  0.896875 0.540625 0.000000
vt  0.828125 0.787500 0.000000
vt  0.828125 0.787500 0.000000
vt  0.828125 0.787500 0.000000
vt  0.828125 0.787500 0.000000
vt  0.828125 0.787500 0.000000
vt  0.828125 0.787500 0.000000
vt  0.828125 0.787500 0.000000
vt  0.828125 0.787500 0.000000
vt  0.840625 0.546875 0.000000
vt  0.840625 0.546875 0.000000
vt  0.840625 0.546875 0.000000
vt  0.840625 0.546875 0.000000
vt  0.840625 0.546875 0.000000
vt  0.840625 0.546875 0.000000
vt  0.840625 0.546875 0.000000
vt  0.840625 0.546875 0.000000
vt  0.831250 0.662500 0.000000
vt  0.831250 0.662500 0.000000
vt  0.831250 0.662500 0.000000
vt  0.831250 0.662500 0.000000
vt  0.831250 0.662500 0.000000
vt  0.831250 0.662500 0.000000
vt  0.831250 0.662500 0.000000
vt  0.831250 0.662500 0.000000
vt  0.831250 0.662500 0.000000
vt  0.831250 0.662500 0.000000
vt  0.831250 0.662500 0.000000
vt  0.831250 0.662500 0.000000
vt  0.831250 0.662500 0.000000
vt  0.831250 0.662500 0.000000
vt  0.831250 0.662500 0.000000
vt  0.831250 0.662500 0.000000
vt  0.831250 0.662500 0.000000
vt  0.831250 0.662500 0.000000
vt  0.831250 0.662500 0.000000
vt  0.831250 0.662500 0.000000
vt  0.831250 0.662500 0.000000
vt  0.831250 0.662500 0.000000
vt  0.831250 0.662500 0.000000
vt  0.831250 0.662500 0.000000
vt  0.840625 0.546875 0.000000
vt  0.840625 0.546875 0.000000
vt  0.840625 0.546875 0.000000
vt  0.840625 0.546875 0.000000
vt  0.831250 0.662500 0.000000
vt  0.831250 0.662500 0.000000
vt  0.831250 0.662500 0.000000
vt  0.831250 0.662500 0.000000
vt  0.831250 0.662500 0.000000
vt  0.831250 0.662500 0.000000
vt  0.831250 0.662500 0.000000
vt  0.831250 0.662500 0.000000
vt  0.840625 0.546875 0.000000
vt  0.840625 0.546875 0.000000
vt  0.840625 0.546875 0.000000
vt  0.840625 0.546875 0.000000
vt  0.828125 0.787500 0.000000
vt  0.828125 0.787500 0.000000
vt  0.828125 0.787500 0.000000
vt  0.840625 0.546875 0.000000
vt  0.840625 0.546875 0.000000
vt  0.840625 0.546875 0.000000
vt  0.840625 0.546875 0.000000
vt  0.831250 0.662500 0.000000
vt  0.831250 0.662500 0.000000
vt  0.831250 0.662500 0.000000
vt  0.831250 0.662500 0.000000
vt  0.831250 0.662500 0.000000
vt  0.831250 0.662500 0.000000
vt  0.831250 0.662500 0.000000
vt  0.831250 0.662500 0.000000
vt  0.831250 0.662500 0.000000
vt  0.831250 0.662500 0.000000
vt  0.831250 0.662500 0.000000
vt  0.831250 0.662500 0.000000
vt  0.840625 0.546875 0.000000
vt  0.840625 0.546875 0.000000
vt  0.840625 0.546875 0.000000
vt  0.840625 0.546875 0.000000
vt  0.831250 0.662500 0.000000
vt  0.831250 0.662500 0.000000
vt  0.831250 0.662500 0.000000
vt  0.831250 0.662500 0.000000
vt  0.262500 0.128125 0.000000
vt  0.271875 0.178125 0.000000
vt  0.271875 0.178125 0.000000
vt  0.262500 0.128125 0.000000
vt  0.271875 0.178125 0.000000
vt  0.271875 0.178125 0.000000
vt  0.896875 0.540625 0.000000
vt  0.896875 0.540625 0.000000
vt  0.896875 0.540625 0.000000
vt  0.896875 0.540625 0.000000
vt  0.896875 0.540625 0.000000
vt  0.896875 0.540625 0.000000
vt  0.896875 0.540625 0.000000
vt  0.896875 0.540625 0.000000
vt  0.896875 0.540625 0.000000
vt  0.896875 0.540625 0.000000
vt  0.896875 0.540625 0.000000
vt  0.896875 0.540625 0.000000
vt  0.896875 0.540625 0.000000
vt  0.896875 0.540625 0.000000
vt  0.896875 0.540625 0.000000
vt  0.896875 0.540625 0.000000
vt  0.896875 0.540625 0.000000
vt  0.896875 0.540625 0.000000
vt  0.896875 0.540625 0.000000
vt  0.896875 0.540625 0.000000
vt  0.896875 0.540625 0.000000
vt  0.896875 0.540625 0.000000
vt  0.896875 0.540625 0.000000
vt  0.896875 0.540625 0.000000
vt  0.896875 0.540625 0.000000
vt  0.896875 0.540625 0.000000
vt  0.896875 0.540625 0.000000
vt  0.896875 0.540625 0.000000
vt  0.896875 0.540625 0.000000
vt  0.896875 0.540625 0.000000
vt  0.896875 0.540625 0.000000
vt  0.896875 0.540625 0.000000
vt  0.896875 0.540625 0.000000
vt  0.896875 0.540625 0.000000
vt  0.896875 0.540625 0.000000
vt  0.896875 0.540625 0.000000
vt  0.896875 0.540625 0.000000
vt  0.896875 0.540625 0.000000
vt  0.896875 0.540625 0.000000
vt  0.896875 0.540625 0.000000
vt  0.896875 0.540625 0.000000
vt  0.896875 0.540625 0.000000
vt  0.896875 0.540625 0.000000
vt  0.896875 0.540625 0.000000
vt  0.896875 0.540625 0.000000
vt  0.896875 0.540625 0.000000
vt  0.896875 0.540625 0.000000
vt  0.896875 0.540625 0.000000
vt  0.896875 0.540625 0.000000
vt  0.896875 0.540625 0.000000
vt  0.896875 0.540625 0.000000
vt  0.896875 0.540625 0.000000
vt  0.896875 0.540625 0.000000
vt  0.896875 0.540625 0.000000
vt  0.896875 0.540625 0.000000
vt  0.896875 0.540625 0.000000
vt  0.896875 0.540625 0.000000
vt  0.896875 0.540625 0.000000
vt  0.896875 0.540625 0.000000
vt  0.896875 0.540625 0.000000
vt  0.896875 0.540625 0.000000
vt  0.896875 0.540625 0.000000
vt  0.896875 0.540625 0.000000
vt  0.896875 0.540625 0.000000
vt  0.896875 0.540625 0.000000
vt  0.896875 0.540625 0.000000
vt  0.896875 0.540625 0.000000
vt  0.896875 0.540625 0.000000
vt  0.896875 0.540625 0.000000
vt  0.896875 0.540625 0.000000
vt  0.896875 0.540625 0.000000
vt  0.896875 0.540625 0.000000
vt  0.896875 0.540625 0.000000
vt  0.896875 0.540625 0.000000
vt  0.896875 0.540625 0.000000
vt  0.831250 0.662500 0.000000
vt  0.831250 0.662500 0.000000
vt  0.831250 0.662500 0.000000
vt  0.831250 0.662500 0.000000
vt  0.831250 0.662500 0.000000
vt  0.831250 0.662500 0.000000
vt  0.831250 0.662500 0.000000
vt  0.831250 0.662500 0.000000
vt  0.831250 0.662500 0.000000
vt  0.831250 0.662500 0.000000
vt  0.831250 0.662500 0.000000
vt  0.831250 0.662500 0.000000
vt  0.831250 0.662500 0.000000
vt  0.831250 0.662500 0.000000
vt  0.831250 0.662500 0.000000
vt  0.831250 0.662500 0.000000
vt  0.831250 0.662500 0.000000
vt  0.831250 0.662500 0.000000
vt  0.831250 0.662500 0.000000
vt  0.831250 0.662500 0.000000
vt  0.831250 0.662500 0.000000
vt  0.831250 0.662500 0.000000
vt  0.831250 0.662500 0.000000
vt  0.831250 0.662500 0.000000
vt  0.831250 0.662500 0.000000
vt  0.831250 0.662500 0.000000
vt  0.831250 0.662500 0.000000
vt  0.831250 0.662500 0.000000
vt  0.831250 0.662500 0.000000
vt  0.831250 0.662500 0.000000
vt  0.831250 0.662500 0.000000
vt  0.831250 0.662500 0.000000
vt  0.831250 0.662500 0.000000
vt  0.831250 0.662500 0.000000
vt  0.831250 0.784375 0.000000
vt  0.831250 0.784375 0.000000
vt  0.831250 0.784375 0.000000
vt  0.831250 0.784375 0.000000
vt  0.831250 0.784375 0.000000
vt  0.831250 0.784375 0.000000
vt  0.831250 0.784375 0.000000
vt  0.831250 0.784375 0.000000
vt  0.831250 0.784375 0.000000
vt  0.831250 0.784375 0.000000
vt  0.831250 0.784375 0.000000
vt  0.831250 0.784375 0.000000
vt  0.831250 0.662500 0.000000
vt  0.831250 0.662500 0.000000
vt  0.831250 0.662500 0.000000
vt  0.831250 0.662500 0.000000
vt  0.831250 0.784375 0.000000
vt  0.831250 0.784375 0.000000
vt  0.831250 0.784375 0.000000
vt  0.831250 0.784375 0.000000
vt  0.896875 0.540625 0.000000
vt  0.896875 0.540625 0.000000
vt  0.896875 0.540625 0.000000
vt  0.896875 0.540625 0.000000
vt  0.896875 0.540625 0.000000
vt  0.896875 0.540625 0.000000
vt  0.896875 0.540625 0.000000
vt  0.896875 0.540625 0.000000
vt  0.896875 0.540625 0.000000
vt  0.896875 0.540625 0.000000
vt  0.896875 0.540625 0.000000
vt  0.896875 0.540625 0.000000
vt  0.896875 0.540625 0.000000
vt  0.896875 0.540625 0.000000
vt  0.896875 0.540625 0.000000
vt  0.896875 0.540625 0.000000
vt  0.896875 0.540625 0.000000
vt  0.896875 0.540625 0.000000
vt  0.896875 0.540625 0.000000
vt  0.896875 0.540625 0.000000
vt  0.896875 0.540625 0.000000
vt  0.896875 0.540625 0.000000
vt  0.896875 0.540625 0.000000
vt  0.896875 0.540625 0.000000
vt  0.896875 0.540625 0.000000
vt  0.896875 0.540625 0.000000
vt  0.896875 0.540625 0.000000
vt  0.896875 0.540625 0.000000
vt  0.831250 0.662500 0.000000
vt  0.831250 0.662500 0.000000
vt  0.831250 0.662500 0.000000
vt  0.896875 0.540625 0.000000
vt  0.896875 0.540625 0.000000
vt  0.896875 0.540625 0.000000
vt  0.828125 0.787500 0.000000
vt  0.828125 0.787500 0.000000
vt  0.828125 0.787500 0.000000
vt  0.828125 0.787500 0.000000
vt  0.828125 0.787500 0.000000
vt  0.828125 0.787500 0.000000
vt  0.828125 0.787500 0.000000
vt  0.828125 0.787500 0.000000
vt  0.840625 0.546875 0.000000
vt  0.840625 0.546875 0.000000
vt  0.840625 0.546875 0.000000
vt  0.840625 0.546875 0.000000
vt  0.840625 0.546875 0.000000
vt  0.840625 0.546875 0.000000
vt  0.840625 0.546875 0.000000
vt  0.840625 0.546875 0.000000
vt  0.831250 0.662500 0.000000
vt  0.831250 0.662500 0.000000
vt  0.831250 0.662500 0.000000
vt  0.831250 0.662500 0.000000
vt  0.831250 0.662500 0.000000
vt  0.831250 0.662500 0.000000
vt  0.831250 0.662500 0.000000
vt  0.831250 0.662500 0.000000
vt  0.831250 0.662500 0.000000
vt  0.831250 0.662500 0.000000
vt  0.831250 0.662500 0.000000
vt  0.831250 0.662500 0.000000
vt  0.831250 0.662500 0.000000
vt  0.831250 0.662500 0.000000
vt  0.831250 0.662500 0.000000
vt  0.831250 0.662500 0.000000
vt  0.831250 0.662500 0.000000
vt  0.831250 0.662500 0.000000
vt  0.831250 0.662500 0.000000
vt  0.831250 0.662500 0.000000
vt  0.831250 0.662500 0.000000
vt  0.831250 0.662500 0.000000
vt  0.831250 0.662500 0.000000
vt  0.831250 0.662500 0.000000
vt  0.840625 0.546875 0.000000
vt  0.840625 0.546875 0.000000
vt  0.840625 0.546875 0.000000
vt  0.840625 0.546875 0.000000
vt  0.831250 0.662500 0.000000
vt  0.831250 0.662500 0.000000
vt  0.831250 0.662500 0.000000
vt  0.831250 0.662500 0.000000
vt  0.831250 0.662500 0.000000
vt  0.831250 0.662500 0.000000
vt  0.831250 0.662500 0.000000
vt  0.831250 0.662500 0.000000
vt  0.840625 0.546875 0.000000
vt  0.840625 0.546875 0.000000
vt  0.840625 0.546875 0.000000
vt  0.840625 0.546875 0.000000
vt  0.828125 0.787500 0.000000
vt  0.828125 0.787500 0.000000
vt  0.828125 0.787500 0.000000
vt  0.840625 0.546875 0.000000
vt  0.840625 0.546875 0.000000
vt  0.840625 0.546875 0.000000
vt  0.840625 0.546875 0.000000
vt  0.840625 0.546875 0.000000
vt  0.840625 0.546875 0.000000
vt  0.831250 0.662500 0.000000
vt  0.831250 0.662500 0.000000
vt  0.831250 0.662500 0.000000
vt  0.831250 0.662500 0.000000
vt  0.831250 0.662500 0.000000
vt  0.831250 0.662500 0.000000
vt  0.831250 0.662500 0.000000
vt  0.831250 0.662500 0.000000
vt  0.831250 0.662500 0.000000
vt  0.831250 0.662500 0.000000
vt  0.831250 0.662500 0.000000
vt  0.831250 0.662500 0.000000
vt  0.840625 0.546875 0.000000
vt  0.840625 0.546875 0.000000
vt  0.840625 0.546875 0.000000
vt  0.831250 0.662500 0.000000
vt  0.831250 0.662500 0.000000
vt  0.831250 0.662500 0.000000
vt  0.831250 0.662500 0.000000
vt  0.840625 0.546875 0.000000
vt  0.840625 0.546875 0.000000
vt  0.840625 0.546875 0.000000
vt  0.896875 0.540625 0.000000
vt  0.896875 0.540625 0.000000
vt  0.896875 0.540625 0.000000
vt  0.896875 0.540625 0.000000
vt  0.896875 0.540625 0.000000
vt  0.896875 0.540625 0.000000
vt  0.896875 0.540625 0.000000
vt  0.896875 0.540625 0.000000
vt  0.896875 0.540625 0.000000
vt  0.896875 0.540625 0.000000
vt  0.896875 0.540625 0.000000
vt  0.896875 0.540625 0.000000
vt  0.896875 0.540625 0.000000
vt  0.896875 0.540625 0.000000
vt  0.896875 0.540625 0.000000
vt  0.896875 0.540625 0.000000
vt  0.896875 0.540625 0.000000
vt  0.896875 0.540625 0.000000
vt  0.500000 0.609375 0.000000
vt  0.500000 0.609375 0.000000
vt  0.500000 0.609375 0.000000
vt  0.621875 0.584375 0.000000
vt  0.621875 0.584375 0.000000
vt  0.621875 0.584375 0.000000
vt  0.621875 0.584375 0.000000
vt  0.621875 0.584375 0.000000
vt  0.621875 0.584375 0.000000
vt  0.621875 0.584375 0.000000
vt  0.621875 0.584375 0.000000
vt  0.621875 0.584375 0.000000
vt  0.262500 0.128125 0.000000
vt  0.262500 0.128125 0.000000
vt  0.262500 0.128125 0.000000
vt  0.262500 0.128125 0.000000
vt  0.262500 0.128125 0.000000
vt  0.262500 0.128125 0.000000
vt  0.262500 0.128125 0.000000
vt  0.371875 0.184375 0.000000
vt  0.371875 0.184375 0.000000
vt  0.371875 0.184375 0.000000
vt  0.371875 0.184375 0.000000
vt  0.262500 0.128125 0.000000
vt  0.262500 0.128125 0.000000
vt  0.262500 0.128125 0.000000
vt  0.262500 0.128125 0.000000
vt  0.262500 0.128125 0.000000
vt  0.262500 0.128125 0.000000
vt  0.262500 0.128125 0.000000
vt  0.262500 0.128125 0.000000
vt  0.262500 0.128125 0.000000
vt  0.262500 0.128125 0.000000
vt  0.262500 0.128125 0.000000
vt  0.262500 0.128125 0.000000
vt  0.128125 0.118750 0.000000
vt  0.128125 0.118750 0.000000
vt  0.128125 0.118750 0.000000
vt  0.128125 0.118750 0.000000
vt  0.262500 0.128125 0.000000
vt  0.262500 0.128125 0.000000
vt  0.262500 0.128125 0.000000
vt  0.262500 0.128125 0.000000
vt  0.371875 0.184375 0.000000
vt  0.371875 0.184375 0.000000
vt  0.371875 0.184375 0.000000
vt  0.371875 0.184375 0.000000
vt  0.271875 0.178125 0.000000
vt  0.262500 0.128125 0.000000
vt  0.262500 0.128125 0.000000
vt  0.262500 0.128125 0.000000
vt  0.262500 0.128125 0.000000
vt  0.262500 0.128125 0.000000
vt  0.271875 0.178125 0.000000
vt  0.262500 0.128125 0.000000
vt  0.262500 0.128125 0.000000
vt  0.262500 0.128125 0.000000
vt  0.262500 0.128125 0.000000
vt  0.262500 0.128125 0.000000
vt  0.262500 0.128125 0.000000
vt  0.262500 0.128125 0.000000
vt  0.262500 0.128125 0.000000
vt  0.262500 0.128125 0.000000
vt  0.262500 0.128125 0.000000
vt  0.262500 0.128125 0.000000
vt  0.262500 0.128125 0.000000
vt  0.262500 0.128125 0.000000
vt  0.262500 0.128125 0.000000
vt  0.262500 0.128125 0.000000
vt  0.262500 0.128125 0.000000
vt  0.262500 0.128125 0.000000
vt  0.262500 0.128125 0.000000
vt  0.262500 0.128125 0.000000
vt  0.262500 0.128125 0.000000
vt  0.262500 0.128125 0.000000
vt  0.262500 0.128125 0.000000
vt  0.262500 0.128125 0.000000
vt  0.262500 0.128125 0.000000
vt  0.262500 0.128125 0.000000
vt  0.262500 0.128125 0.000000
vt  0.262500 0.128125 0.000000
vt  0.262500 0.128125 0.000000
vt  0.262500 0.128125 0.000000
vt  0.262500 0.128125 0.000000
vt  0.262500 0.128125 0.000000
vt  0.262500 0.128125 0.000000
vt  0.262500 0.128125 0.000000
vt  0.262500 0.128125 0.000000
vt  0.262500 0.128125 0.000000
vt  0.262500 0.128125 0.000000
vt  0.262500 0.128125 0.000000
vt  0.262500 0.128125 0.000000
vt  0.262500 0.128125 0.000000
vt  0.262500 0.128125 0.000000
vt  0.262500 0.128125 0.000000
vt  0.262500 0.128125 0.000000
vt  0.262500 0.128125 0.000000
vt  0.262500 0.128125 0.000000
vt  0.262500 0.128125 0.000000
vt  0.371875 0.184375 0.000000
vt  0.371875 0.184375 0.000000
vt  0.371875 0.184375 0.000000
vt  0.128125 0.118750 0.000000
vt  0.128125 0.118750 0.000000
vt  0.128125 0.118750 0.000000
vt  0.262500 0.128125 0.000000
vt  0.262500 0.128125 0.000000
vt  0.262500 0.128125 0.000000
vt  0.262500 0.128125 0.000000
vt  0.262500 0.128125 0.000000
vt  0.262500 0.128125 0.000000
vt  0.262500 0.128125 0.000000
vt  0.262500 0.128125 0.000000
vt  0.128125 0.118750 0.000000
vt  0.128125 0.118750 0.000000
vt  0.128125 0.118750 0.000000
vt  0.128125 0.118750 0.000000
vt  0.371875 0.184375 0.000000
vt  0.371875 0.184375 0.000000
vt  0.371875 0.184375 0.000000
vt  0.371875 0.184375 0.000000
vt  0.262500 0.128125 0.000000
vt  0.371875 0.184375 0.000000
vt  0.371875 0.184375 0.000000
vt  0.371875 0.184375 0.000000
vt  0.262500 0.128125 0.000000
vt  0.262500 0.128125 0.000000
vt  0.262500 0.128125 0.000000
vt  0.262500 0.128125 0.000000
vt  0.262500 0.128125 0.000000
vt  0.262500 0.128125 0.000000
vt  0.262500 0.128125 0.000000
vt  0.262500 0.128125 0.000000
vt  0.262500 0.128125 0.000000
vt  0.262500 0.128125 0.000000
vt  0.262500 0.128125 0.000000
vt  0.262500 0.128125 0.000000
vt  0.262500 0.128125 0.000000
vt  0.262500 0.128125 0.000000
vt  0.262500 0.128125 0.000000
vt  0.262500 0.128125 0.000000
vt  0.262500 0.128125 0.000000
vt  0.262500 0.128125 0.000000
vt  0.262500 0.128125 0.000000
vt  0.262500 0.128125 0.000000
vt  0.262500 0.128125 0.000000
vt  0.262500 0.128125 0.000000
vt  0.262500 0.128125 0.000000
vt  0.262500 0.128125 0.000000
vt  0.262500 0.128125 0.000000
vt  0.262500 0.128125 0.000000
vt  0.262500 0.128125 0.000000
vt  0.262500 0.128125 0.000000
vt  0.262500 0.128125 0.000000
vt  0.262500 0.128125 0.000000
vt  0.262500 0.128125 0.000000
vt  0.500000 0.609375 0.000000
vt  0.500000 0.609375 0.000000
vt  0.500000 0.609375 0.000000
vt  0.500000 0.609375 0.000000
vt  0.140625 0.850000 0.000000
vt  0.140625 0.850000 0.000000
vt  0.378125 0.806250 0.000000
vt  0.378125 0.806250 0.000000
vt  0.378125 0.806250 0.000000
vt  0.378125 0.806250 0.000000
vt  0.271875 0.178125 0.000000
vt  0.271875 0.178125 0.000000
vt  0.271875 0.178125 0.000000
vt  0.262500 0.128125 0.000000
vt  0.262500 0.825000 0.000000
vt  0.262500 0.825000 0.000000
vt  0.262500 0.825000 0.000000
vt  0.262500 0.825000 0.000000
vt  0.262500 0.128125 0.000000
vt  0.262500 0.128125 0.000000
vt  0.262500 0.128125 0.000000
vt  0.262500 0.128125 0.000000
vt  0.262500 0.128125 0.000000
vt  0.371875 0.184375 0.000000
vt  0.371875 0.184375 0.000000
vt  0.371875 0.184375 0.000000
vt  0.262500 0.128125 0.000000
vt  0.262500 0.128125 0.000000
vt  0.262500 0.128125 0.000000
vt  0.500000 0.609375 0.000000
vt  0.500000 0.609375 0.000000
vt  0.500000 0.609375 0.000000
vt  0.500000 0.609375 0.000000
vt  0.262500 0.128125 0.000000
vt  0.262500 0.128125 0.000000
vt  0.262500 0.128125 0.000000
vt  0.262500 0.128125 0.000000
vt  0.621875 0.584375 0.000000
vt  0.621875 0.584375 0.000000
vt  0.621875 0.584375 0.000000
vt  0.621875 0.584375 0.000000
vt  0.621875 0.584375 0.000000
vt  0.621875 0.584375 0.000000
vt  0.621875 0.584375 0.000000
vt  0.621875 0.584375 0.000000
vt  0.621875 0.584375 0.000000
vt  0.621875 0.584375 0.000000
vt  0.621875 0.584375 0.000000
vt  0.500000 0.609375 0.000000
vt  0.500000 0.609375 0.000000
vt  0.500000 0.609375 0.000000
vt  0.500000 0.609375 0.000000
vt  0.621875 0.584375 0.000000
vt  0.621875 0.584375 0.000000
vt  0.621875 0.584375 0.000000
vt  0.621875 0.584375 0.000000
vt  0.621875 0.584375 0.000000
vt  0.621875 0.584375 0.000000
vt  0.621875 0.584375 0.000000
vt  0.621875 0.584375 0.000000
vt  0.262500 0.128125 0.000000
vt  0.262500 0.128125 0.000000
vt  0.262500 0.128125 0.000000
vt  0.262500 0.128125 0.000000
vt  0.500000 0.609375 0.000000
vt  0.500000 0.609375 0.000000
vt  0.500000 0.609375 0.000000
vt  0.500000 0.609375 0.000000
vt  0.262500 0.128125 0.000000
vt  0.262500 0.128125 0.000000
vt  0.262500 0.128125 0.000000
vt  0.262500 0.128125 0.000000
vt  0.262500 0.128125 0.000000
vt  0.262500 0.128125 0.000000
vt  0.262500 0.825000 0.000000
vt  0.262500 0.825000 0.000000
vt  0.262500 0.825000 0.000000
vt  0.262500 0.825000 0.000000
vt  0.262500 0.825000 0.000000
vt  0.262500 0.825000 0.000000
vt  0.262500 0.825000 0.000000
vt  0.262500 0.825000 0.000000
vt  0.262500 0.825000 0.000000
vt  0.262500 0.825000 0.000000
vt  0.262500 0.825000 0.000000
vt  0.262500 0.825000 0.000000
vt  0.262500 0.825000 0.000000
vt  0.378125 0.806250 0.000000
vt  0.378125 0.806250 0.000000
vt  0.378125 0.806250 0.000000
vt  0.378125 0.806250 0.000000
vt  0.262500 0.825000 0.000000
vt  0.262500 0.825000 0.000000
vt  0.262500 0.825000 0.000000
vt  0.262500 0.825000 0.000000
vt  0.262500 0.825000 0.000000
vt  0.262500 0.825000 0.000000
vt  0.262500 0.825000 0.000000
vt  0.262500 0.825000 0.000000
vt  0.140625 0.850000 0.000000
vt  0.140625 0.850000 0.000000
vt  0.140625 0.850000 0.000000
vt  0.140625 0.850000 0.000000
vt  0.262500 0.825000 0.000000
vt  0.262500 0.825000 0.000000
vt  0.262500 0.825000 0.000000
vt  0.371875 0.184375 0.000000
vt  0.371875 0.184375 0.000000
vt  0.371875 0.184375 0.000000
vt  0.371875 0.184375 0.000000
vt  0.371875 0.184375 0.000000
vt  0.371875 0.184375 0.000000
vt  0.262500 0.128125 0.000000
vt  0.262500 0.128125 0.000000
vt  0.262500 0.128125 0.000000
vt  0.271875 0.178125 0.000000
vt  0.271875 0.178125 0.000000
vt  0.271875 0.178125 0.000000
vt  0.271875 0.178125 0.000000
vt  0.371875 0.184375 0.000000
vt  0.371875 0.184375 0.000000
vt  0.371875 0.184375 0.000000
vt  0.371875 0.184375 0.000000
vt  0.262500 0.128125 0.000000
vt  0.262500 0.128125 0.000000
vt  0.262500 0.128125 0.000000
vt  0.262500 0.128125 0.000000
vt  0.271875 0.178125 0.000000
vt  0.271875 0.178125 0.000000
vt  0.271875 0.178125 0.000000
vt  0.271875 0.178125 0.000000
vt  0.371875 0.184375 0.000000
vt  0.371875 0.184375 0.000000
vt  0.371875 0.184375 0.000000
vt  0.371875 0.184375 0.000000
vt  0.262500 0.128125 0.000000
vt  0.262500 0.128125 0.000000
vt  0.262500 0.128125 0.000000
vt  0.262500 0.128125 0.000000
vt  0.262500 0.128125 0.000000
vt  0.262500 0.128125 0.000000
vt  0.262500 0.128125 0.000000
vt  0.262500 0.128125 0.000000
vt  0.262500 0.128125 0.000000
vt  0.262500 0.128125 0.000000
vt  0.262500 0.128125 0.000000
vt  0.262500 0.128125 0.000000
vt  0.262500 0.128125 0.000000
vt  0.262500 0.128125 0.000000
vt  0.262500 0.128125 0.000000
vt  0.262500 0.128125 0.000000
vt  0.262500 0.128125 0.000000
vt  0.262500 0.128125 0.000000
vt  0.262500 0.128125 0.000000
vt  0.262500 0.128125 0.000000
vt  0.262500 0.128125 0.000000
vt  0.262500 0.128125 0.000000
vt  0.262500 0.128125 0.000000
vt  0.262500 0.128125 0.000000
vt  0.262500 0.128125 0.000000
vt  0.262500 0.128125 0.000000
vt  0.262500 0.128125 0.000000
vt  0.262500 0.128125 0.000000
vt  0.262500 0.128125 0.000000
vt  0.371875 0.184375 0.000000
vt  0.371875 0.184375 0.000000
vt  0.371875 0.184375 0.000000
vt  0.371875 0.184375 0.000000
vt  0.371875 0.184375 0.000000
vt  0.262500 0.128125 0.000000
vt  0.262500 0.128125 0.000000
vt  0.262500 0.128125 0.000000
vt  0.262500 0.128125 0.000000
vt  0.271875 0.178125 0.000000
vt  0.271875 0.178125 0.000000
vt  0.271875 0.178125 0.000000
vt  0.271875 0.178125 0.000000
vt  0.371875 0.184375 0.000000
vt  0.371875 0.184375 0.000000
vt  0.371875 0.184375 0.000000
vt  0.262500 0.128125 0.000000
vt  0.262500 0.128125 0.000000
vt  0.262500 0.128125 0.000000
vt  0.262500 0.128125 0.000000
vt  0.262500 0.128125 0.000000
vt  0.621875 0.584375 0.000000
vt  0.262500 0.128125 0.000000
vt  0.262500 0.128125 0.000000
vt  0.262500 0.128125 0.000000
vt  0.262500 0.128125 0.000000
vt  0.262500 0.128125 0.000000
vt  0.262500 0.128125 0.000000
vt  0.262500 0.128125 0.000000
vt  0.271875 0.178125 0.000000
vt  0.271875 0.178125 0.000000
vt  0.271875 0.178125 0.000000
vt  0.271875 0.178125 0.000000
vt  0.371875 0.184375 0.000000
vt  0.371875 0.184375 0.000000
vt  0.371875 0.184375 0.000000
vt  0.371875 0.184375 0.000000
vt  0.262500 0.825000 0.000000
vt  0.262500 0.825000 0.000000
vt  0.262500 0.825000 0.000000
vt  0.621875 0.584375 0.000000
vt  0.621875 0.584375 0.000000
vt  0.621875 0.584375 0.000000
vt  0.621875 0.584375 0.000000
vt  0.621875 0.584375 0.000000
vt  0.621875 0.584375 0.000000
vt  0.621875 0.584375 0.000000
vt  0.621875 0.584375 0.000000
vt  0.621875 0.584375 0.000000
vt  0.500000 0.609375 0.000000
vt  0.500000 0.609375 0.000000
vt  0.500000 0.609375 0.000000
vt  0.500000 0.609375 0.000000
vt  0.621875 0.584375 0.000000
vt  0.621875 0.584375 0.000000
vt  0.621875 0.584375 0.000000
vt  0.621875 0.584375 0.000000
vt  0.621875 0.584375 0.000000
vt  0.621875 0.584375 0.000000
vt  0.621875 0.584375 0.000000
vt  0.500000 0.609375 0.000000
vt  0.500000 0.609375 0.000000
vt  0.500000 0.609375 0.000000
vt  0.621875 0.584375 0.000000
vt  0.621875 0.584375 0.000000
vt  0.621875 0.584375 0.000000
vt  0.621875 0.584375 0.000000
vt  0.621875 0.584375 0.000000
vt  0.621875 0.584375 0.000000
vt  0.621875 0.584375 0.000000
vt  0.621875 0.584375 0.000000
vt  0.621875 0.584375 0.000000
vt  0.621875 0.584375 0.000000
vt  0.621875 0.584375 0.000000
vt  0.621875 0.584375 0.000000
vt  0.262500 0.128125 0.000000
vt  0.262500 0.128125 0.000000
vt  0.262500 0.128125 0.000000
vt  0.621875 0.584375 0.000000
vt  0.621875 0.584375 0.000000
vt  0.621875 0.584375 0.000000
vt  0.500000 0.609375 0.000000
vt  0.500000 0.609375 0.000000
vt  0.500000 0.609375 0.000000
vt  0.384375 0.612500 0.000000
vt  0.262500 0.128125 0.000000
vt  0.621875 0.584375 0.000000
vt  0.621875 0.584375 0.000000
vt  0.621875 0.584375 0.000000
vt  0.262500 0.825000 0.000000
vt  0.262500 0.825000 0.000000
vt  0.262500 0.825000 0.000000
vt  0.262500 0.825000 0.000000
vt  0.262500 0.825000 0.000000
vt  0.262500 0.825000 0.000000
vt  0.378125 0.806250 0.000000
vt  0.378125 0.806250 0.000000
vt  0.378125 0.806250 0.000000
vt  0.140625 0.850000 0.000000
vt  0.500000 0.609375 0.000000
vt  0.500000 0.609375 0.000000
vt  0.500000 0.609375 0.000000
vt  0.500000 0.609375 0.000000
vt  0.262500 0.128125 0.000000
vt  0.262500 0.128125 0.000000
vt  0.262500 0.128125 0.000000
vt  0.500000 0.609375 0.000000
vt  0.500000 0.609375 0.000000
vt  0.500000 0.609375 0.000000
vt  0.500000 0.609375 0.000000
vt  0.500000 0.609375 0.000000
vt  0.500000 0.609375 0.000000
vt  0.500000 0.609375 0.000000
vt  0.500000 0.609375 0.000000
vt  0.262500 0.825000 0.000000
vt  0.262500 0.825000 0.000000
vt  0.262500 0.825000 0.000000
vt  0.371875 0.184375 0.000000
vt  0.371875 0.184375 0.000000
vt  0.371875 0.184375 0.000000
vt  0.371875 0.184375 0.000000
vt  0.371875 0.184375 0.000000
vt  0.371875 0.184375 0.000000
vt  0.371875 0.184375 0.000000
vt  0.371875 0.184375 0.000000
vt  0.271875 0.178125 0.000000
vt  0.271875 0.178125 0.000000
vt  0.271875 0.178125 0.000000
vt  0.271875 0.178125 0.000000
vt  0.271875 0.178125 0.000000
vt  0.271875 0.178125 0.000000
vt  0.271875 0.178125 0.000000
vt  0.271875 0.178125 0.000000
vt  0.621875 0.584375 0.000000
vt  0.621875 0.584375 0.000000
vt  0.621875 0.584375 0.000000
vt  0.621875 0.584375 0.000000
vt  0.262500 0.825000 0.000000
vt  0.262500 0.825000 0.000000
vt  0.262500 0.825000 0.000000
vt  0.262500 0.825000 0.000000
vt  0.500000 0.609375 0.000000
vt  0.500000 0.609375 0.000000
vt  0.500000 0.609375 0.000000
vt  0.500000 0.609375 0.000000
vt  0.500000 0.609375 0.000000
vt  0.500000 0.609375 0.000000
vt  0.500000 0.609375 0.000000
vt  0.500000 0.609375 0.000000
vt  0.500000 0.609375 0.000000
vt  0.621875 0.584375 0.000000
vt  0.621875 0.584375 0.000000
vt  0.621875 0.584375 0.000000
vt  0.621875 0.584375 0.000000
vt  0.262500 0.128125 0.000000
vt  0.262500 0.128125 0.000000
vt  0.262500 0.128125 0.000000
vt  0.262500 0.128125 0.000000
vt  0.262500 0.128125 0.000000
vt  0.262500 0.128125 0.000000
vt  0.262500 0.128125 0.000000
vt  0.262500 0.128125 0.000000
vt  0.128125 0.118750 0.000000
vt  0.128125 0.118750 0.000000
vt  0.128125 0.118750 0.000000
vt  0.371875 0.184375 0.000000
vt  0.371875 0.184375 0.000000
vt  0.371875 0.184375 0.000000
vt  0.371875 0.184375 0.000000
vt  0.262500 0.128125 0.000000
vt  0.262500 0.128125 0.000000
vt  0.262500 0.128125 0.000000
vt  0.262500 0.128125 0.000000
vt  0.262500 0.128125 0.000000
vt  0.262500 0.128125 0.000000
vt  0.262500 0.128125 0.000000
vt  0.262500 0.128125 0.000000
vt  0.262500 0.128125 0.000000
vt  0.262500 0.128125 0.000000
vt  0.262500 0.128125 0.000000
vt  0.262500 0.128125 0.000000
vt  0.128125 0.118750 0.000000
vt  0.128125 0.118750 0.000000
vt  0.128125 0.118750 0.000000
vt  0.128125 0.118750 0.000000
vt  0.262500 0.128125 0.000000
vt  0.262500 0.128125 0.000000
vt  0.262500 0.128125 0.000000
vt  0.262500 0.128125 0.000000
vt  0.371875 0.184375 0.000000
vt  0.371875 0.184375 0.000000
vt  0.371875 0.184375 0.000000
vt  0.371875 0.184375 0.000000
vt  0.271875 0.178125 0.000000
vt  0.271875 0.178125 0.000000
vt  0.271875 0.178125 0.000000
vt  0.271875 0.178125 0.000000
vt  0.262500 0.128125 0.000000
vt  0.262500 0.128125 0.000000
vt  0.262500 0.128125 0.000000
vt  0.262500 0.128125 0.000000
vt  0.262500 0.128125 0.000000
vt  0.262500 0.128125 0.000000
vt  0.262500 0.128125 0.000000
vt  0.262500 0.128125 0.000000
vt  0.262500 0.128125 0.000000
vt  0.262500 0.128125 0.000000
vt  0.262500 0.128125 0.000000
vt  0.262500 0.128125 0.000000
vt  0.262500 0.128125 0.000000
vt  0.262500 0.128125 0.000000
vt  0.262500 0.128125 0.000000
vt  0.262500 0.128125 0.000000
vt  0.262500 0.128125 0.000000
vt  0.262500 0.128125 0.000000
vt  0.262500 0.128125 0.000000
vt  0.262500 0.128125 0.000000
vt  0.271875 0.178125 0.000000
vt  0.271875 0.178125 0.000000
vt  0.271875 0.178125 0.000000
vt  0.271875 0.178125 0.000000
vt  0.262500 0.128125 0.000000
vt  0.262500 0.128125 0.000000
vt  0.262500 0.128125 0.000000
vt  0.262500 0.128125 0.000000
vt  0.262500 0.128125 0.000000
vt  0.262500 0.128125 0.000000
vt  0.262500 0.128125 0.000000
vt  0.262500 0.128125 0.000000
vt  0.262500 0.128125 0.000000
vt  0.262500 0.128125 0.000000
vt  0.262500 0.128125 0.000000
vt  0.262500 0.128125 0.000000
vt  0.262500 0.128125 0.000000
vt  0.262500 0.128125 0.000000
vt  0.262500 0.128125 0.000000
vt  0.262500 0.128125 0.000000
vt  0.262500 0.128125 0.000000
vt  0.262500 0.128125 0.000000
vt  0.262500 0.128125 0.000000
vt  0.262500 0.128125 0.000000
vt  0.262500 0.128125 0.000000
vt  0.262500 0.128125 0.000000
vt  0.262500 0.128125 0.000000
vt  0.262500 0.128125 0.000000
vt  0.262500 0.128125 0.000000
vt  0.262500 0.128125 0.000000
vt  0.262500 0.128125 0.000000
vt  0.262500 0.128125 0.000000
vt  0.262500 0.128125 0.000000
vt  0.262500 0.128125 0.000000
vt  0.262500 0.128125 0.000000
vt  0.262500 0.128125 0.000000
vt  0.262500 0.128125 0.000000
vt  0.262500 0.128125 0.000000
vt  0.262500 0.128125 0.000000
vt  0.128125 0.118750 0.000000
vt  0.128125 0.118750 0.000000
vt  0.128125 0.118750 0.000000
vt  0.262500 0.128125 0.000000
vt  0.262500 0.128125 0.000000
vt  0.262500 0.128125 0.000000
vt  0.262500 0.128125 0.000000
vt  0.262500 0.128125 0.000000
vt  0.262500 0.128125 0.000000
vt  0.262500 0.128125 0.000000
vt  0.262500 0.128125 0.000000
vt  0.128125 0.118750 0.000000
vt  0.128125 0.118750 0.000000
vt  0.128125 0.118750 0.000000
vt  0.128125 0.118750 0.000000
vt  0.371875 0.184375 0.000000
vt  0.371875 0.184375 0.000000
vt  0.371875 0.184375 0.000000
vt  0.262500 0.128125 0.000000
vt  0.262500 0.128125 0.000000
vt  0.262500 0.128125 0.000000
vt  0.262500 0.128125 0.000000
vt  0.262500 0.128125 0.000000
vt  0.262500 0.128125 0.000000
vt  0.262500 0.128125 0.000000
vt  0.262500 0.128125 0.000000
vt  0.262500 0.128125 0.000000
vt  0.262500 0.128125 0.000000
vt  0.262500 0.128125 0.000000
vt  0.262500 0.128125 0.000000
vt  0.262500 0.128125 0.000000
vt  0.262500 0.128125 0.000000
vt  0.262500 0.128125 0.000000
vt  0.262500 0.128125 0.000000
vt  0.262500 0.128125 0.000000
vt  0.262500 0.128125 0.000000
vt  0.262500 0.128125 0.000000
vt  0.262500 0.128125 0.000000
vt  0.262500 0.128125 0.000000
vt  0.262500 0.128125 0.000000
vt  0.262500 0.128125 0.000000
vt  0.262500 0.128125 0.000000
vt  0.262500 0.128125 0.000000
vt  0.262500 0.128125 0.000000
vt  0.262500 0.128125 0.000000
vt  0.262500 0.128125 0.000000
vt  0.262500 0.128125 0.000000
vt  0.262500 0.128125 0.000000
vt  0.262500 0.128125 0.000000
vt  0.262500 0.128125 0.000000
vt  0.262500 0.128125 0.000000
vt  0.262500 0.128125 0.000000
vt  0.262500 0.128125 0.000000
vt  0.262500 0.128125 0.000000
vt  0.262500 0.128125 0.000000
vt  0.500000 0.609375 0.000000
vt  0.500000 0.609375 0.000000
vt  0.500000 0.609375 0.000000
vt  0.500000 0.609375 0.000000
vt  0.500000 0.609375 0.000000
vt  0.262500 0.128125 0.000000
vt  0.262500 0.128125 0.000000
vt  0.140625 0.850000 0.000000
vt  0.378125 0.806250 0.000000
vt  0.262500 0.825000 0.000000
vt  0.262500 0.825000 0.000000
vt  0.262500 0.825000 0.000000
vt  0.262500 0.128125 0.000000
vt  0.262500 0.128125 0.000000
vt  0.262500 0.128125 0.000000
vt  0.262500 0.128125 0.000000
vt  0.262500 0.128125 0.000000
vt  0.262500 0.128125 0.000000
vt  0.262500 0.128125 0.000000
vt  0.262500 0.128125 0.000000
vt  0.262500 0.128125 0.000000
vt  0.262500 0.128125 0.000000
vt  0.262500 0.128125 0.000000
vt  0.262500 0.128125 0.000000
vt  0.262500 0.128125 0.000000
vt  0.500000 0.609375 0.000000
vt  0.262500 0.128125 0.000000
vt  0.621875 0.584375 0.000000
vt  0.621875 0.584375 0.000000
vt  0.621875 0.584375 0.000000
vt  0.500000 0.609375 0.000000
vt  0.500000 0.609375 0.000000
vt  0.500000 0.609375 0.000000
vt  0.500000 0.609375 0.000000
vt  0.621875 0.584375 0.000000
vt  0.621875 0.584375 0.000000
vt  0.621875 0.584375 0.000000
vt  0.621875 0.584375 0.000000
vt  0.621875 0.584375 0.000000
vt  0.621875 0.584375 0.000000
vt  0.621875 0.584375 0.000000
vt  0.500000 0.609375 0.000000
vt  0.621875 0.584375 0.000000
vt  0.621875 0.584375 0.000000
vt  0.621875 0.584375 0.000000
vt  0.621875 0.584375 0.000000
vt  0.621875 0.584375 0.000000
vt  0.621875 0.584375 0.000000
vt  0.621875 0.584375 0.000000
vt  0.621875 0.584375 0.000000
vt  0.621875 0.584375 0.000000
vt  0.621875 0.584375 0.000000
vt  0.621875 0.584375 0.000000
vt  0.262500 0.128125 0.000000
vt  0.262500 0.128125 0.000000
vt  0.262500 0.128125 0.000000
vt  0.500000 0.609375 0.000000
vt  0.500000 0.609375 0.000000
vt  0.500000 0.609375 0.000000
vt  0.262500 0.128125 0.000000
vt  0.262500 0.128125 0.000000
vt  0.262500 0.128125 0.000000
vt  0.262500 0.128125 0.000000
vt  0.262500 0.128125 0.000000
vt  0.262500 0.128125 0.000000
vt  0.378125 0.806250 0.000000
vt  0.378125 0.806250 0.000000
vt  0.378125 0.806250 0.000000
vt  0.262500 0.825000 0.000000
vt  0.262500 0.825000 0.000000
vt  0.262500 0.825000 0.000000
vt  0.262500 0.825000 0.000000
vt  0.262500 0.825000 0.000000
vt  0.262500 0.825000 0.000000
vt  0.262500 0.825000 0.000000
vt  0.378125 0.806250 0.000000
vt  0.378125 0.806250 0.000000
vt  0.378125 0.806250 0.000000
vt  0.378125 0.806250 0.000000
vt  0.378125 0.806250 0.000000
vt  0.378125 0.806250 0.000000
vt  0.378125 0.806250 0.000000
vt  0.262500 0.825000 0.000000
vt  0.262500 0.825000 0.000000
vt  0.262500 0.825000 0.000000
vt  0.262500 0.825000 0.000000
vt  0.262500 0.825000 0.000000
vt  0.262500 0.825000 0.000000
vt  0.262500 0.825000 0.000000
vt  0.262500 0.825000 0.000000
vt  0.140625 0.850000 0.000000
vt  0.140625 0.850000 0.000000
vt  0.140625 0.850000 0.000000
vt  0.262500 0.128125 0.000000
vt  0.262500 0.128125 0.000000
vt  0.262500 0.128125 0.000000
vt  0.262500 0.128125 0.000000
vt  0.271875 0.178125 0.000000
vt  0.271875 0.178125 0.000000
vt  0.271875 0.178125 0.000000
vt  0.271875 0.178125 0.000000
vt  0.371875 0.184375 0.000000
vt  0.371875 0.184375 0.000000
vt  0.371875 0.184375 0.000000
vt  0.371875 0.184375 0.000000
vt  0.262500 0.128125 0.000000
vt  0.262500 0.128125 0.000000
vt  0.262500 0.128125 0.000000
vt  0.262500 0.128125 0.000000
vt  0.271875 0.178125 0.000000
vt  0.271875 0.178125 0.000000
vt  0.271875 0.178125 0.000000
vt  0.271875 0.178125 0.000000
vt  0.371875 0.184375 0.000000
vt  0.262500 0.128125 0.000000
vt  0.262500 0.128125 0.000000
vt  0.262500 0.128125 0.000000
vt  0.262500 0.128125 0.000000
vt  0.262500 0.128125 0.000000
vt  0.262500 0.128125 0.000000
vt  0.262500 0.128125 0.000000
vt  0.262500 0.128125 0.000000
vt  0.262500 0.128125 0.000000
vt  0.262500 0.128125 0.000000
vt  0.262500 0.128125 0.000000
vt  0.262500 0.128125 0.000000
vt  0.262500 0.128125 0.000000
vt  0.262500 0.128125 0.000000
vt  0.262500 0.128125 0.000000
vt  0.262500 0.128125 0.000000
vt  0.262500 0.128125 0.000000
vt  0.262500 0.128125 0.000000
vt  0.262500 0.128125 0.000000
vt  0.262500 0.128125 0.000000
vt  0.262500 0.128125 0.000000
vt  0.262500 0.128125 0.000000
vt  0.262500 0.128125 0.000000
vt  0.262500 0.128125 0.000000
vt  0.262500 0.128125 0.000000
vt  0.371875 0.184375 0.000000
vt  0.371875 0.184375 0.000000
vt  0.371875 0.184375 0.000000
vt  0.371875 0.184375 0.000000
vt  0.262500 0.128125 0.000000
vt  0.271875 0.178125 0.000000
vt  0.371875 0.184375 0.000000
vt  0.371875 0.184375 0.000000
vt  0.371875 0.184375 0.000000
vt  0.262500 0.128125 0.000000
vt  0.621875 0.584375 0.000000
vt  0.262500 0.128125 0.000000
vt  0.262500 0.128125 0.000000
vt  0.262500 0.128125 0.000000
vt  0.262500 0.128125 0.000000
vt  0.262500 0.128125 0.000000
vt  0.262500 0.128125 0.000000
vt  0.262500 0.128125 0.000000
vt  0.271875 0.178125 0.000000
vt  0.271875 0.178125 0.000000
vt  0.271875 0.178125 0.000000
vt  0.271875 0.178125 0.000000
vt  0.371875 0.184375 0.000000
vt  0.371875 0.184375 0.000000
vt  0.371875 0.184375 0.000000
vt  0.371875 0.184375 0.000000
vt  0.500000 0.609375 0.000000
vt  0.500000 0.609375 0.000000
vt  0.500000 0.609375 0.000000
vt  0.500000 0.609375 0.000000
vt  0.500000 0.609375 0.000000
vt  0.500000 0.609375 0.000000
vt  0.500000 0.609375 0.000000
vt  0.621875 0.584375 0.000000
vt  0.621875 0.584375 0.000000
vt  0.621875 0.584375 0.000000
vt  0.621875 0.584375 0.000000
vt  0.621875 0.584375 0.000000
vt  0.621875 0.584375 0.000000
vt  0.621875 0.584375 0.000000
vt  0.621875 0.584375 0.000000
vt  0.621875 0.584375 0.000000
vt  0.621875 0.584375 0.000000
vt  0.621875 0.584375 0.000000
vt  0.621875 0.584375 0.000000
vt  0.621875 0.584375 0.000000
vt  0.621875 0.584375 0.000000
vt  0.621875 0.584375 0.000000
vt  0.621875 0.584375 0.000000
vt  0.621875 0.584375 0.000000
vt  0.621875 0.584375 0.000000
vt  0.621875 0.584375 0.000000
vt  0.621875 0.584375 0.000000
vt  0.500000 0.609375 0.000000
vt  0.500000 0.609375 0.000000
vt  0.500000 0.609375 0.000000
vt  0.500000 0.609375 0.000000
vt  0.262500 0.128125 0.000000
vt  0.262500 0.128125 0.000000
vt  0.262500 0.128125 0.000000
vt  0.621875 0.584375 0.000000
vt  0.500000 0.609375 0.000000
vt  0.384375 0.612500 0.000000
vt  0.500000 0.609375 0.000000
vt  0.262500 0.128125 0.000000
vt  0.621875 0.584375 0.000000
vt  0.621875 0.584375 0.000000
vt  0.621875 0.584375 0.000000
vt  0.262500 0.825000 0.000000
vt  0.262500 0.825000 0.000000
vt  0.262500 0.825000 0.000000
vt  0.262500 0.825000 0.000000
vt  0.262500 0.825000 0.000000
vt  0.262500 0.825000 0.000000
vt  0.262500 0.825000 0.000000
vt  0.262500 0.825000 0.000000
vt  0.262500 0.825000 0.000000
vt  0.378125 0.806250 0.000000
vt  0.378125 0.806250 0.000000
vt  0.378125 0.806250 0.000000
vt  0.378125 0.806250 0.000000
vt  0.140625 0.850000 0.000000
vt  0.140625 0.850000 0.000000
vt  0.140625 0.850000 0.000000
vt  0.262500 0.128125 0.000000
vt  0.262500 0.128125 0.000000
vt  0.262500 0.128125 0.000000
vt  0.500000 0.609375 0.000000
vt  0.262500 0.128125 0.000000
vt  0.262500 0.128125 0.000000
vt  0.262500 0.128125 0.000000
vt  0.500000 0.609375 0.000000
vt  0.500000 0.609375 0.000000
vt  0.500000 0.609375 0.000000
vt  0.500000 0.609375 0.000000
vt  0.621875 0.584375 0.000000
vt  0.621875 0.584375 0.000000
vt  0.621875 0.584375 0.000000
vt  0.621875 0.584375 0.000000
vt  0.262500 0.825000 0.000000
vt  0.262500 0.825000 0.000000
vt  0.262500 0.825000 0.000000
vt  0.371875 0.184375 0.000000
vt  0.371875 0.184375 0.000000
vt  0.371875 0.184375 0.000000
vt  0.371875 0.184375 0.000000
vt  0.371875 0.184375 0.000000
vt  0.371875 0.184375 0.000000
vt  0.371875 0.184375 0.000000
vt  0.271875 0.178125 0.000000
vt  0.271875 0.178125 0.000000
vt  0.271875 0.178125 0.000000
vt  0.271875 0.178125 0.000000
vt  0.271875 0.178125 0.000000
vt  0.271875 0.178125 0.000000
vt  0.271875 0.178125 0.000000
vt  0.271875 0.178125 0.000000
vt  0.621875 0.584375 0.000000
vt  0.621875 0.584375 0.000000
vt  0.621875 0.584375 0.000000
vt  0.262500 0.825000 0.000000
vt  0.262500 0.825000 0.000000
vt  0.262500 0.825000 0.000000
vt  0.500000 0.609375 0.000000
vt  0.896875 0.540625 0.000000
vt  0.896875 0.540625 0.000000
vt  0.896875 0.540625 0.000000
vt  0.896875 0.540625 0.000000
vt  0.896875 0.540625 0.000000
vt  0.896875 0.540625 0.000000
vt  0.896875 0.540625 0.000000
vt  0.896875 0.540625 0.000000
vt  0.896875 0.540625 0.000000
vt  0.896875 0.540625 0.000000
vt  0.896875 0.540625 0.000000
vt  0.896875 0.540625 0.000000
vt  0.896875 0.540625 0.000000
vt  0.896875 0.540625 0.000000
vt  0.896875 0.540625 0.000000
vt  0.896875 0.540625 0.000000
vt  0.896875 0.540625 0.000000
vt  0.896875 0.540625 0.000000
vt  0.896875 0.540625 0.000000
vt  0.896875 0.540625 0.000000
vt  0.896875 0.540625 0.000000
vt  0.896875 0.540625 0.000000
vt  0.896875 0.540625 0.000000
vt  0.896875 0.540625 0.000000
vt  0.828125 0.787500 0.000000
vt  0.828125 0.787500 0.000000
vt  0.828125 0.787500 0.000000
vt  0.828125 0.787500 0.000000
vt  0.896875 0.540625 0.000000
vt  0.896875 0.540625 0.000000
vt  0.896875 0.540625 0.000000
vt  0.896875 0.540625 0.000000
vt  0.896875 0.540625 0.000000
vt  0.896875 0.540625 0.000000
vt  0.896875 0.540625 0.000000
vt  0.896875 0.540625 0.000000
vt  0.828125 0.787500 0.000000
vt  0.828125 0.787500 0.000000
vt  0.828125 0.787500 0.000000
vt  0.828125 0.787500 0.000000
vt  0.828125 0.787500 0.000000
vt  0.828125 0.787500 0.000000
vt  0.828125 0.787500 0.000000
vt  0.896875 0.540625 0.000000
vt  0.896875 0.540625 0.000000
vt  0.896875 0.540625 0.000000
vt  0.896875 0.540625 0.000000
vt  0.896875 0.540625 0.000000
vt  0.896875 0.540625 0.000000
vt  0.896875 0.540625 0.000000
vt  0.896875 0.540625 0.000000
vt  0.828125 0.787500 0.000000
vt  0.828125 0.787500 0.000000
vt  0.828125 0.787500 0.000000
vt  0.896875 0.540625 0.000000
vt  0.828125 0.787500 0.000000
vt  0.828125 0.787500 0.000000
vt  0.828125 0.787500 0.000000
vt  0.828125 0.787500 0.000000
vt  0.828125 0.787500 0.000000
vt  0.840625 0.546875 0.000000
vt  0.840625 0.546875 0.000000
vt  0.840625 0.546875 0.000000
vt  0.840625 0.546875 0.000000
vt  0.831250 0.662500 0.000000
vt  0.831250 0.662500 0.000000
vt  0.831250 0.662500 0.000000
vt  0.831250 0.662500 0.000000
vt  0.831250 0.662500 0.000000
vt  0.831250 0.662500 0.000000
vt  0.831250 0.662500 0.000000
vt  0.831250 0.662500 0.000000
vt  0.831250 0.662500 0.000000
vt  0.831250 0.662500 0.000000
vt  0.831250 0.662500 0.000000
vt  0.831250 0.662500 0.000000
vt  0.831250 0.662500 0.000000
vt  0.831250 0.662500 0.000000
vt  0.831250 0.662500 0.000000
vt  0.831250 0.662500 0.000000
vt  0.840625 0.546875 0.000000
vt  0.840625 0.546875 0.000000
vt  0.840625 0.546875 0.000000
vt  0.840625 0.546875 0.000000
vt  0.828125 0.787500 0.000000
vt  0.828125 0.787500 0.000000
vt  0.828125 0.787500 0.000000
vt  0.828125 0.787500 0.000000
vt  0.828125 0.787500 0.000000
vt  0.828125 0.787500 0.000000
vt  0.828125 0.787500 0.000000
vt  0.828125 0.787500 0.000000
vt  0.840625 0.546875 0.000000
vt  0.840625 0.546875 0.000000
vt  0.840625 0.546875 0.000000
vt  0.840625 0.546875 0.000000
vt  0.840625 0.546875 0.000000
vt  0.840625 0.546875 0.000000
vt  0.840625 0.546875 0.000000
vt  0.840625 0.546875 0.000000
vt  0.831250 0.662500 0.000000
vt  0.831250 0.662500 0.000000
vt  0.831250 0.662500 0.000000
vt  0.831250 0.662500 0.000000
vt  0.831250 0.662500 0.000000
vt  0.831250 0.662500 0.000000
vt  0.831250 0.662500 0.000000
vt  0.831250 0.662500 0.000000
vt  0.831250 0.662500 0.000000
vt  0.831250 0.662500 0.000000
vt  0.831250 0.662500 0.000000
vt  0.831250 0.662500 0.000000
vt  0.831250 0.662500 0.000000
vt  0.831250 0.662500 0.000000
vt  0.831250 0.662500 0.000000
vt  0.831250 0.662500 0.000000
vt  0.831250 0.662500 0.000000
vt  0.831250 0.662500 0.000000
vt  0.831250 0.662500 0.000000
vt  0.831250 0.662500 0.000000
vt  0.831250 0.662500 0.000000
vt  0.831250 0.662500 0.000000
vt  0.831250 0.662500 0.000000
vt  0.831250 0.662500 0.000000
vt  0.840625 0.546875 0.000000
vt  0.840625 0.546875 0.000000
vt  0.840625 0.546875 0.000000
vt  0.840625 0.546875 0.000000
vt  0.831250 0.662500 0.000000
vt  0.831250 0.662500 0.000000
vt  0.831250 0.662500 0.000000
vt  0.831250 0.662500 0.000000
vt  0.831250 0.662500 0.000000
vt  0.831250 0.662500 0.000000
vt  0.831250 0.662500 0.000000
vt  0.831250 0.662500 0.000000
vt  0.840625 0.546875 0.000000
vt  0.840625 0.546875 0.000000
vt  0.840625 0.546875 0.000000
vt  0.840625 0.546875 0.000000
vt  0.896875 0.540625 0.000000
vt  0.896875 0.540625 0.000000
vt  0.896875 0.540625 0.000000
vt  0.896875 0.540625 0.000000
vt  0.896875 0.540625 0.000000
vt  0.896875 0.540625 0.000000
vt  0.896875 0.540625 0.000000
vt  0.896875 0.540625 0.000000
vt  0.896875 0.540625 0.000000
vt  0.896875 0.540625 0.000000
vt  0.896875 0.540625 0.000000
vt  0.896875 0.540625 0.000000
vt  0.896875 0.540625 0.000000
vt  0.896875 0.540625 0.000000
vt  0.896875 0.540625 0.000000
vt  0.896875 0.540625 0.000000
vt  0.896875 0.540625 0.000000
vt  0.896875 0.540625 0.000000
vt  0.896875 0.540625 0.000000
vt  0.828125 0.787500 0.000000
vt  0.828125 0.787500 0.000000
vt  0.828125 0.787500 0.000000
vt  0.828125 0.787500 0.000000
vt  0.896875 0.540625 0.000000
vt  0.896875 0.540625 0.000000
vt  0.896875 0.540625 0.000000
vt  0.896875 0.540625 0.000000
vt  0.896875 0.540625 0.000000
vt  0.896875 0.540625 0.000000
vt  0.896875 0.540625 0.000000
vt  0.896875 0.540625 0.000000
vt  0.828125 0.787500 0.000000
vt  0.828125 0.787500 0.000000
vt  0.828125 0.787500 0.000000
vt  0.828125 0.787500 0.000000
vt  0.828125 0.787500 0.000000
vt  0.828125 0.787500 0.000000
vt  0.828125 0.787500 0.000000
vt  0.896875 0.540625 0.000000
vt  0.896875 0.540625 0.000000
vt  0.896875 0.540625 0.000000
vt  0.896875 0.540625 0.000000
vt  0.896875 0.540625 0.000000
vt  0.896875 0.540625 0.000000
vt  0.896875 0.540625 0.000000
vt  0.896875 0.540625 0.000000
vt  0.828125 0.787500 0.000000
vt  0.828125 0.787500 0.000000
vt  0.828125 0.787500 0.000000
vt  0.896875 0.540625 0.000000
vt  0.896875 0.540625 0.000000
vt  0.828125 0.787500 0.000000
vt  0.828125 0.787500 0.000000
vt  0.828125 0.787500 0.000000
vt  0.828125 0.787500 0.000000
vt  0.828125 0.787500 0.000000
vt  0.840625 0.546875 0.000000
vt  0.840625 0.546875 0.000000
vt  0.831250 0.662500 0.000000
vt  0.831250 0.662500 0.000000
vt  0.831250 0.662500 0.000000
vt  0.831250 0.662500 0.000000
vt  0.831250 0.662500 0.000000
vt  0.831250 0.662500 0.000000
vt  0.831250 0.662500 0.000000
vt  0.831250 0.662500 0.000000
vt  0.831250 0.662500 0.000000
vt  0.831250 0.662500 0.000000
vt  0.831250 0.662500 0.000000
vt  0.831250 0.662500 0.000000
vt  0.840625 0.546875 0.000000
vt  0.831250 0.662500 0.000000
vt  0.831250 0.662500 0.000000
vt  0.831250 0.662500 0.000000
vt  0.831250 0.662500 0.000000
vt  0.840625 0.546875 0.000000
vt  0.828125 0.787500 0.000000
vt  0.828125 0.787500 0.000000
vt  0.828125 0.787500 0.000000
vt  0.828125 0.787500 0.000000
vt  0.828125 0.787500 0.000000
vt  0.828125 0.787500 0.000000
vt  0.828125 0.787500 0.000000
vt  0.828125 0.787500 0.000000
vt  0.840625 0.546875 0.000000
vt  0.840625 0.546875 0.000000
vt  0.840625 0.546875 0.000000
vt  0.840625 0.546875 0.000000
vt  0.840625 0.546875 0.000000
vt  0.840625 0.546875 0.000000
vt  0.840625 0.546875 0.000000
vt  0.840625 0.546875 0.000000
vt  0.831250 0.662500 0.000000
vt  0.831250 0.662500 0.000000
vt  0.831250 0.662500 0.000000
vt  0.831250 0.662500 0.000000
vt  0.831250 0.662500 0.000000
vt  0.831250 0.662500 0.000000
vt  0.831250 0.662500 0.000000
vt  0.831250 0.662500 0.000000
vt  0.831250 0.662500 0.000000
vt  0.831250 0.662500 0.000000
vt  0.831250 0.662500 0.000000
vt  0.831250 0.662500 0.000000
vt  0.831250 0.662500 0.000000
vt  0.831250 0.662500 0.000000
vt  0.831250 0.662500 0.000000
vt  0.831250 0.662500 0.000000
vt  0.831250 0.662500 0.000000
vt  0.831250 0.662500 0.000000
vt  0.831250 0.662500 0.000000
vt  0.831250 0.662500 0.000000
vt  0.831250 0.662500 0.000000
vt  0.831250 0.662500 0.000000
vt  0.831250 0.662500 0.000000
vt  0.831250 0.662500 0.000000
vt  0.840625 0.546875 0.000000
vt  0.840625 0.546875 0.000000
vt  0.840625 0.546875 0.000000
vt  0.840625 0.546875 0.000000
vt  0.831250 0.662500 0.000000
vt  0.831250 0.662500 0.000000
vt  0.831250 0.662500 0.000000
vt  0.831250 0.662500 0.000000
vt  0.831250 0.662500 0.000000
vt  0.831250 0.662500 0.000000
vt  0.831250 0.662500 0.000000
vt  0.831250 0.662500 0.000000
vt  0.840625 0.546875 0.000000
vt  0.840625 0.546875 0.000000
vt  0.840625 0.546875 0.000000
vt  0.840625 0.546875 0.000000
vt  0.500000 0.609375 0.000000
vt  0.621875 0.584375 0.000000
vt  0.500000 0.609375 0.000000
vt  0.500000 0.609375 0.000000
vt  0.500000 0.609375 0.000000
vt  0.500000 0.609375 0.000000
vt  0.621875 0.584375 0.000000
vt  0.500000 0.609375 0.000000
vt  0.500000 0.609375 0.000000
vt  0.500000 0.609375 0.000000
vt  0.500000 0.609375 0.000000
vt  0.621875 0.584375 0.000000
vt  0.262500 0.128125 0.000000
vt  0.262500 0.128125 0.000000
vt  0.262500 0.128125 0.000000
vt  0.262500 0.128125 0.000000
vt  0.262500 0.128125 0.000000
vt  0.128125 0.118750 0.000000
vt  0.128125 0.118750 0.000000
vt  0.128125 0.118750 0.000000
vt  0.128125 0.118750 0.000000
vt  0.262500 0.128125 0.000000
vt  0.262500 0.128125 0.000000
vt  0.262500 0.128125 0.000000
vt  0.262500 0.128125 0.000000
vt  0.262500 0.128125 0.000000
vt  0.262500 0.128125 0.000000
vt  0.262500 0.128125 0.000000
vt  0.262500 0.128125 0.000000
vt  0.262500 0.128125 0.000000
vt  0.262500 0.128125 0.000000
vt  0.262500 0.128125 0.000000
vt  0.262500 0.128125 0.000000
vt  0.262500 0.128125 0.000000
vt  0.262500 0.128125 0.000000
vt  0.262500 0.128125 0.000000
vt  0.262500 0.128125 0.000000
vt  0.262500 0.128125 0.000000
vt  0.262500 0.128125 0.000000
vt  0.262500 0.128125 0.000000
vt  0.262500 0.128125 0.000000
vt  0.262500 0.128125 0.000000
vt  0.262500 0.128125 0.000000
vt  0.262500 0.128125 0.000000
vt  0.262500 0.128125 0.000000
vt  0.262500 0.128125 0.000000
vt  0.262500 0.128125 0.000000
vt  0.262500 0.128125 0.000000
vt  0.262500 0.128125 0.000000
vt  0.262500 0.128125 0.000000
vt  0.262500 0.128125 0.000000
vt  0.262500 0.128125 0.000000
vt  0.262500 0.128125 0.000000
vt  0.262500 0.128125 0.000000
vt  0.262500 0.128125 0.000000
vt  0.262500 0.128125 0.000000
vt  0.262500 0.128125 0.000000
vt  0.262500 0.128125 0.000000
vt  0.262500 0.128125 0.000000
vt  0.262500 0.128125 0.000000
vt  0.262500 0.128125 0.000000
vt  0.262500 0.128125 0.000000
vt  0.262500 0.128125 0.000000
vt  0.262500 0.128125 0.000000
vt  0.371875 0.184375 0.000000
vt  0.371875 0.184375 0.000000
vt  0.371875 0.184375 0.000000
vt  0.371875 0.184375 0.000000
vt  0.262500 0.128125 0.000000
vt  0.262500 0.128125 0.000000
vt  0.262500 0.128125 0.000000
vt  0.262500 0.128125 0.000000
vt  0.262500 0.128125 0.000000
vt  0.262500 0.128125 0.000000
vt  0.262500 0.128125 0.000000
vt  0.262500 0.128125 0.000000
vt  0.262500 0.128125 0.000000
vt  0.262500 0.128125 0.000000
vt  0.262500 0.128125 0.000000
vt  0.262500 0.128125 0.000000
vt  0.262500 0.128125 0.000000
vt  0.262500 0.128125 0.000000
vt  0.262500 0.128125 0.000000
vt  0.262500 0.128125 0.000000
vt  0.262500 0.128125 0.000000
vt  0.262500 0.128125 0.000000
vt  0.262500 0.128125 0.000000
vt  0.262500 0.128125 0.000000
vt  0.262500 0.128125 0.000000
vt  0.262500 0.128125 0.000000
vt  0.262500 0.128125 0.000000
vt  0.262500 0.128125 0.000000
vt  0.262500 0.128125 0.000000
vt  0.262500 0.128125 0.000000
vt  0.262500 0.128125 0.000000
vt  0.262500 0.128125 0.000000
vt  0.262500 0.128125 0.000000
vt  0.262500 0.128125 0.000000
vt  0.262500 0.128125 0.000000
vt  0.262500 0.128125 0.000000
vt  0.262500 0.128125 0.000000
vt  0.262500 0.128125 0.000000
vt  0.262500 0.128125 0.000000
vt  0.262500 0.128125 0.000000
vt  0.262500 0.128125 0.000000
vt  0.262500 0.128125 0.000000
vt  0.371875 0.184375 0.000000
vt  0.262500 0.128125 0.000000
vt  0.262500 0.128125 0.000000
vt  0.262500 0.128125 0.000000
vt  0.262500 0.128125 0.000000
vt  0.262500 0.128125 0.000000
vt  0.262500 0.128125 0.000000
vt  0.262500 0.128125 0.000000
vt  0.262500 0.128125 0.000000
vt  0.128125 0.118750 0.000000
vt  0.371875 0.184375 0.000000
vt  0.371875 0.184375 0.000000
vt  0.371875 0.184375 0.000000
vt  0.371875 0.184375 0.000000
vt  0.262500 0.128125 0.000000
vt  0.262500 0.128125 0.000000
vt  0.262500 0.128125 0.000000
vt  0.262500 0.128125 0.000000
vt  0.371875 0.184375 0.000000
vt  0.262500 0.128125 0.000000
vt  0.371875 0.184375 0.000000
vt  0.371875 0.184375 0.000000
vt  0.371875 0.184375 0.000000
vt  0.262500 0.128125 0.000000
vt  0.262500 0.128125 0.000000
vt  0.262500 0.128125 0.000000
vt  0.262500 0.128125 0.000000
vt  0.262500 0.128125 0.000000
vt  0.262500 0.128125 0.000000
vt  0.262500 0.128125 0.000000
vt  0.262500 0.128125 0.000000
vt  0.262500 0.128125 0.000000
vt  0.262500 0.128125 0.000000
vt  0.262500 0.128125 0.000000
vt  0.262500 0.128125 0.000000
vt  0.262500 0.128125 0.000000
vt  0.262500 0.128125 0.000000
vt  0.262500 0.128125 0.000000
vt  0.262500 0.128125 0.000000
vt  0.500000 0.609375 0.000000
vt  0.262500 0.128125 0.000000
vt  0.262500 0.128125 0.000000
vt  0.262500 0.128125 0.000000
vt  0.378125 0.806250 0.000000
vt  0.378125 0.806250 0.000000
vt  0.271875 0.178125 0.000000
vt  0.262500 0.128125 0.000000
vt  0.262500 0.128125 0.000000
vt  0.262500 0.128125 0.000000
vt  0.262500 0.128125 0.000000
vt  0.262500 0.128125 0.000000
vt  0.262500 0.128125 0.000000
vt  0.262500 0.128125 0.000000
vt  0.262500 0.128125 0.000000
vt  0.262500 0.128125 0.000000
vt  0.262500 0.128125 0.000000
vt  0.262500 0.128125 0.000000
vt  0.262500 0.128125 0.000000
vt  0.262500 0.128125 0.000000
vt  0.262500 0.128125 0.000000
vt  0.262500 0.128125 0.000000
vt  0.371875 0.184375 0.000000
vt  0.262500 0.128125 0.000000
vt  0.262500 0.128125 0.000000
vt  0.262500 0.128125 0.000000
vt  0.262500 0.128125 0.000000
vt  0.262500 0.128125 0.000000
vt  0.262500 0.128125 0.000000
vt  0.262500 0.128125 0.000000
vt  0.262500 0.128125 0.000000
vt  0.262500 0.128125 0.000000
vt  0.621875 0.584375 0.000000
vt  0.621875 0.584375 0.000000
vt  0.621875 0.584375 0.000000
vt  0.621875 0.584375 0.000000
vt  0.378125 0.806250 0.000000
vt  0.378125 0.806250 0.000000
vt  0.378125 0.806250 0.000000
vt  0.378125 0.806250 0.000000
vt  0.621875 0.584375 0.000000
vt  0.621875 0.584375 0.000000
vt  0.621875 0.584375 0.000000
vt  0.621875 0.584375 0.000000
vt  0.621875 0.584375 0.000000
vt  0.621875 0.584375 0.000000
vt  0.621875 0.584375 0.000000
vt  0.621875 0.584375 0.000000
vt  0.262500 0.128125 0.000000
vt  0.262500 0.128125 0.000000
vt  0.262500 0.128125 0.000000
vt  0.262500 0.128125 0.000000
vt  0.262500 0.128125 0.000000
vt  0.262500 0.128125 0.000000
vt  0.262500 0.128125 0.000000
vt  0.262500 0.128125 0.000000
vt  0.262500 0.128125 0.000000
vt  0.128125 0.118750 0.000000
vt  0.128125 0.118750 0.000000
vt  0.128125 0.118750 0.000000
vt  0.128125 0.118750 0.000000
vt  0.262500 0.128125 0.000000
vt  0.378125 0.806250 0.000000
vt  0.378125 0.806250 0.000000
vt  0.378125 0.806250 0.000000
vt  0.378125 0.806250 0.000000
vt  0.262500 0.825000 0.000000
vt  0.262500 0.825000 0.000000
vt  0.262500 0.825000 0.000000
vt  0.262500 0.825000 0.000000
vt  0.262500 0.825000 0.000000
vt  0.262500 0.825000 0.000000
vt  0.378125 0.806250 0.000000
vt  0.378125 0.806250 0.000000
vt  0.378125 0.806250 0.000000
vt  0.378125 0.806250 0.000000
vt  0.378125 0.806250 0.000000
vt  0.378125 0.806250 0.000000
vt  0.378125 0.806250 0.000000
vt  0.378125 0.806250 0.000000
vt  0.378125 0.806250 0.000000
vt  0.378125 0.806250 0.000000
vt  0.378125 0.806250 0.000000
vt  0.378125 0.806250 0.000000
vt  0.262500 0.825000 0.000000
vt  0.378125 0.806250 0.000000
vt  0.378125 0.806250 0.000000
vt  0.378125 0.806250 0.000000
vt  0.378125 0.806250 0.000000
vt  0.262500 0.825000 0.000000
vt  0.262500 0.825000 0.000000
vt  0.262500 0.825000 0.000000
vt  0.262500 0.825000 0.000000
vt  0.371875 0.184375 0.000000
vt  0.371875 0.184375 0.000000
vt  0.371875 0.184375 0.000000
vt  0.371875 0.184375 0.000000
vt  0.262500 0.128125 0.000000
vt  0.262500 0.128125 0.000000
vt  0.262500 0.128125 0.000000
vt  0.262500 0.128125 0.000000
vt  0.371875 0.184375 0.000000
vt  0.371875 0.184375 0.000000
vt  0.371875 0.184375 0.000000
vt  0.371875 0.184375 0.000000
vt  0.371875 0.184375 0.000000
vt  0.262500 0.128125 0.000000
vt  0.262500 0.128125 0.000000
vt  0.262500 0.128125 0.000000
vt  0.262500 0.128125 0.000000
vt  0.262500 0.128125 0.000000
vt  0.262500 0.128125 0.000000
vt  0.262500 0.128125 0.000000
vt  0.262500 0.128125 0.000000
vt  0.262500 0.128125 0.000000
vt  0.262500 0.825000 0.000000
vt  0.262500 0.825000 0.000000
vt  0.262500 0.825000 0.000000
vt  0.262500 0.825000 0.000000
vt  0.262500 0.128125 0.000000
vt  0.262500 0.128125 0.000000
vt  0.262500 0.128125 0.000000
vt  0.262500 0.128125 0.000000
vt  0.262500 0.128125 0.000000
vt  0.262500 0.128125 0.000000
vt  0.262500 0.128125 0.000000
vt  0.262500 0.128125 0.000000
vt  0.262500 0.128125 0.000000
vt  0.262500 0.128125 0.000000
vt  0.262500 0.128125 0.000000
vt  0.262500 0.128125 0.000000
vt  0.262500 0.128125 0.000000
vt  0.262500 0.128125 0.000000
vt  0.262500 0.128125 0.000000
vt  0.262500 0.128125 0.000000
vt  0.262500 0.128125 0.000000
vt  0.262500 0.825000 0.000000
vt  0.378125 0.806250 0.000000
vt  0.378125 0.806250 0.000000
vt  0.378125 0.806250 0.000000
vt  0.378125 0.806250 0.000000
vt  0.262500 0.825000 0.000000
vt  0.262500 0.825000 0.000000
vt  0.262500 0.825000 0.000000
vt  0.262500 0.825000 0.000000
vt  0.621875 0.584375 0.000000
vt  0.621875 0.584375 0.000000
vt  0.621875 0.584375 0.000000
vt  0.621875 0.584375 0.000000
vt  0.378125 0.806250 0.000000
vt  0.378125 0.806250 0.000000
vt  0.378125 0.806250 0.000000
vt  0.378125 0.806250 0.000000
vt  0.262500 0.825000 0.000000
vt  0.262500 0.825000 0.000000
vt  0.262500 0.825000 0.000000
vt  0.262500 0.825000 0.000000
vt  0.621875 0.584375 0.000000
vt  0.621875 0.584375 0.000000
vt  0.621875 0.584375 0.000000
vt  0.621875 0.584375 0.000000
vt  0.621875 0.584375 0.000000
vt  0.621875 0.584375 0.000000
vt  0.621875 0.584375 0.000000
vt  0.621875 0.584375 0.000000
vt  0.500000 0.609375 0.000000
vt  0.621875 0.584375 0.000000
vt  0.621875 0.584375 0.000000
vt  0.621875 0.584375 0.000000
vt  0.621875 0.584375 0.000000
vt  0.378125 0.806250 0.000000
vt  0.378125 0.806250 0.000000
vt  0.378125 0.806250 0.000000
vt  0.621875 0.584375 0.000000
vt  0.262500 0.825000 0.000000
vt  0.262500 0.825000 0.000000
vt  0.262500 0.825000 0.000000
vt  0.621875 0.584375 0.000000
vt  0.500000 0.609375 0.000000
vt  0.378125 0.806250 0.000000
vt  0.378125 0.806250 0.000000
vt  0.378125 0.806250 0.000000
vt  0.378125 0.806250 0.000000
vt  0.378125 0.806250 0.000000
vt  0.500000 0.609375 0.000000
vt  0.500000 0.609375 0.000000
vt  0.500000 0.609375 0.000000
vt  0.500000 0.609375 0.000000
vt  0.262500 0.128125 0.000000
vt  0.262500 0.128125 0.000000
vt  0.262500 0.128125 0.000000
vt  0.262500 0.128125 0.000000
vt  0.500000 0.609375 0.000000
vt  0.500000 0.609375 0.000000
vt  0.500000 0.609375 0.000000
vt  0.500000 0.609375 0.000000
vt  0.500000 0.609375 0.000000
vt  0.500000 0.609375 0.000000
vt  0.500000 0.609375 0.000000
vt  0.500000 0.609375 0.000000
vt  0.500000 0.609375 0.000000
vt  0.500000 0.609375 0.000000
vt  0.500000 0.609375 0.000000
vt  0.500000 0.609375 0.000000
vt  0.500000 0.609375 0.000000
vt  0.500000 0.609375 0.000000
vt  0.500000 0.609375 0.000000
vt  0.500000 0.609375 0.000000
vt  0.262500 0.128125 0.000000
vt  0.262500 0.128125 0.000000
vt  0.262500 0.128125 0.000000
vt  0.262500 0.128125 0.000000
vt  0.262500 0.128125 0.000000
vt  0.262500 0.128125 0.000000
vt  0.262500 0.825000 0.000000
vt  0.262500 0.825000 0.000000
vt  0.262500 0.825000 0.000000
vt  0.262500 0.825000 0.000000
vt  0.262500 0.825000 0.000000
vt  0.378125 0.806250 0.000000
vt  0.378125 0.806250 0.000000
vt  0.378125 0.806250 0.000000
vt  0.378125 0.806250 0.000000
vt  0.500000 0.609375 0.000000
vt  0.500000 0.609375 0.000000
vt  0.500000 0.609375 0.000000
vt  0.500000 0.609375 0.000000
vt  0.500000 0.609375 0.000000
vt  0.500000 0.609375 0.000000
vt  0.621875 0.584375 0.000000
vt  0.621875 0.584375 0.000000
vt  0.621875 0.584375 0.000000
vt  0.621875 0.584375 0.000000
vt  0.500000 0.609375 0.000000
vt  0.262500 0.128125 0.000000
vt  0.262500 0.128125 0.000000
vt  0.262500 0.128125 0.000000
vt  0.262500 0.128125 0.000000
vt  0.128125 0.118750 0.000000
vt  0.262500 0.128125 0.000000
vt  0.262500 0.128125 0.000000
vt  0.262500 0.128125 0.000000
vt  0.262500 0.128125 0.000000
vt  0.262500 0.128125 0.000000
vt  0.262500 0.128125 0.000000
vt  0.262500 0.128125 0.000000
vt  0.262500 0.128125 0.000000
vt  0.262500 0.128125 0.000000
vt  0.262500 0.128125 0.000000
vt  0.262500 0.128125 0.000000
vt  0.262500 0.128125 0.000000
vt  0.262500 0.128125 0.000000
vt  0.262500 0.128125 0.000000
vt  0.262500 0.128125 0.000000
vt  0.262500 0.128125 0.000000
vt  0.262500 0.128125 0.000000
vt  0.262500 0.128125 0.000000
vt  0.262500 0.128125 0.000000
vt  0.262500 0.128125 0.000000
vt  0.262500 0.128125 0.000000
vt  0.262500 0.128125 0.000000
vt  0.262500 0.128125 0.000000
vt  0.262500 0.128125 0.000000
vt  0.262500 0.128125 0.000000
vt  0.262500 0.128125 0.000000
vt  0.262500 0.128125 0.000000
vt  0.262500 0.128125 0.000000
vt  0.262500 0.128125 0.000000
vt  0.262500 0.128125 0.000000
vt  0.262500 0.128125 0.000000
vt  0.262500 0.128125 0.000000
vt  0.262500 0.128125 0.000000
vt  0.262500 0.128125 0.000000
vt  0.262500 0.128125 0.000000
vt  0.262500 0.128125 0.000000
vt  0.262500 0.128125 0.000000
vt  0.371875 0.184375 0.000000
vt  0.371875 0.184375 0.000000
vt  0.371875 0.184375 0.000000
vt  0.371875 0.184375 0.000000
vt  0.262500 0.128125 0.000000
vt  0.262500 0.128125 0.000000
vt  0.262500 0.128125 0.000000
vt  0.262500 0.128125 0.000000
vt  0.262500 0.128125 0.000000
vt  0.262500 0.128125 0.000000
vt  0.262500 0.128125 0.000000
vt  0.262500 0.128125 0.000000
vt  0.262500 0.128125 0.000000
vt  0.262500 0.128125 0.000000
vt  0.262500 0.128125 0.000000
vt  0.262500 0.128125 0.000000
vt  0.262500 0.128125 0.000000
vt  0.262500 0.128125 0.000000
vt  0.262500 0.128125 0.000000
vt  0.262500 0.128125 0.000000
vt  0.262500 0.128125 0.000000
vt  0.262500 0.128125 0.000000
vt  0.262500 0.128125 0.000000
vt  0.262500 0.128125 0.000000
vt  0.262500 0.128125 0.000000
vt  0.262500 0.128125 0.000000
vt  0.262500 0.128125 0.000000
vt  0.262500 0.128125 0.000000
vt  0.262500 0.128125 0.000000
vt  0.262500 0.128125 0.000000
vt  0.262500 0.128125 0.000000
vt  0.262500 0.128125 0.000000
vt  0.262500 0.128125 0.000000
vt  0.262500 0.128125 0.000000
vt  0.262500 0.128125 0.000000
vt  0.262500 0.128125 0.000000
vt  0.262500 0.128125 0.000000
vt  0.262500 0.128125 0.000000
vt  0.262500 0.128125 0.000000
vt  0.262500 0.128125 0.000000
vt  0.262500 0.128125 0.000000
vt  0.262500 0.128125 0.000000
vt  0.262500 0.128125 0.000000
vt  0.262500 0.128125 0.000000
vt  0.262500 0.128125 0.000000
vt  0.262500 0.128125 0.000000
vt  0.262500 0.128125 0.000000
vt  0.262500 0.128125 0.000000
vt  0.262500 0.128125 0.000000
vt  0.371875 0.184375 0.000000
vt  0.371875 0.184375 0.000000
vt  0.371875 0.184375 0.000000
vt  0.371875 0.184375 0.000000
vt  0.262500 0.128125 0.000000
vt  0.262500 0.128125 0.000000
vt  0.262500 0.128125 0.000000
vt  0.262500 0.128125 0.000000
vt  0.262500 0.128125 0.000000
vt  0.262500 0.128125 0.000000
vt  0.262500 0.128125 0.000000
vt  0.262500 0.128125 0.000000
vt  0.128125 0.118750 0.000000
vt  0.371875 0.184375 0.000000
vt  0.371875 0.184375 0.000000
vt  0.371875 0.184375 0.000000
vt  0.371875 0.184375 0.000000
vt  0.371875 0.184375 0.000000
vt  0.262500 0.128125 0.000000
vt  0.371875 0.184375 0.000000
vt  0.371875 0.184375 0.000000
vt  0.371875 0.184375 0.000000
vt  0.371875 0.184375 0.000000
vt  0.262500 0.128125 0.000000
vt  0.371875 0.184375 0.000000
vt  0.371875 0.184375 0.000000
vt  0.371875 0.184375 0.000000
vt  0.262500 0.128125 0.000000
vt  0.262500 0.128125 0.000000
vt  0.262500 0.128125 0.000000
vt  0.262500 0.128125 0.000000
vt  0.262500 0.128125 0.000000
vt  0.262500 0.128125 0.000000
vt  0.262500 0.128125 0.000000
vt  0.262500 0.128125 0.000000
vt  0.262500 0.128125 0.000000
vt  0.262500 0.128125 0.000000
vt  0.262500 0.128125 0.000000
vt  0.262500 0.128125 0.000000
vt  0.262500 0.128125 0.000000
vt  0.262500 0.128125 0.000000
vt  0.262500 0.128125 0.000000
vt  0.262500 0.128125 0.000000
vt  0.262500 0.128125 0.000000
vt  0.262500 0.128125 0.000000
vt  0.262500 0.128125 0.000000
vt  0.378125 0.806250 0.000000
vt  0.378125 0.806250 0.000000
vt  0.378125 0.806250 0.000000
vt  0.378125 0.806250 0.000000
vt  0.378125 0.806250 0.000000
vt  0.378125 0.806250 0.000000
vt  0.378125 0.806250 0.000000
vt  0.378125 0.806250 0.000000
vt  0.271875 0.178125 0.000000
vt  0.271875 0.178125 0.000000
vt  0.271875 0.178125 0.000000
vt  0.271875 0.178125 0.000000
vt  0.262500 0.825000 0.000000
vt  0.262500 0.128125 0.000000
vt  0.262500 0.128125 0.000000
vt  0.262500 0.128125 0.000000
vt  0.262500 0.128125 0.000000
vt  0.262500 0.128125 0.000000
vt  0.262500 0.128125 0.000000
vt  0.262500 0.128125 0.000000
vt  0.262500 0.128125 0.000000
vt  0.262500 0.128125 0.000000
vt  0.262500 0.128125 0.000000
vt  0.262500 0.128125 0.000000
vt  0.262500 0.128125 0.000000
vt  0.371875 0.184375 0.000000
vt  0.371875 0.184375 0.000000
vt  0.371875 0.184375 0.000000
vt  0.371875 0.184375 0.000000
vt  0.262500 0.128125 0.000000
vt  0.262500 0.128125 0.000000
vt  0.262500 0.128125 0.000000
vt  0.621875 0.584375 0.000000
vt  0.500000 0.609375 0.000000
vt  0.262500 0.825000 0.000000
vt  0.262500 0.825000 0.000000
vt  0.262500 0.825000 0.000000
vt  0.262500 0.825000 0.000000
vt  0.621875 0.584375 0.000000
vt  0.621875 0.584375 0.000000
vt  0.621875 0.584375 0.000000
vt  0.621875 0.584375 0.000000
vt  0.621875 0.584375 0.000000
vt  0.262500 0.128125 0.000000
vt  0.262500 0.128125 0.000000
vt  0.262500 0.128125 0.000000
vt  0.262500 0.128125 0.000000
vt  0.500000 0.609375 0.000000
vt  0.262500 0.128125 0.000000
vt  0.262500 0.128125 0.000000
vt  0.262500 0.128125 0.000000
vt  0.262500 0.128125 0.000000
vt  0.262500 0.128125 0.000000
vt  0.128125 0.118750 0.000000
vt  0.128125 0.118750 0.000000
vt  0.128125 0.118750 0.000000
vt  0.128125 0.118750 0.000000
vt  0.262500 0.128125 0.000000
vt  0.378125 0.806250 0.000000
vt  0.378125 0.806250 0.000000
vt  0.378125 0.806250 0.000000
vt  0.378125 0.806250 0.000000
vt  0.262500 0.825000 0.000000
vt  0.262500 0.825000 0.000000
vt  0.262500 0.825000 0.000000
vt  0.262500 0.825000 0.000000
vt  0.262500 0.825000 0.000000
vt  0.262500 0.825000 0.000000
vt  0.262500 0.825000 0.000000
vt  0.262500 0.825000 0.000000
vt  0.262500 0.825000 0.000000
vt  0.262500 0.825000 0.000000
vt  0.262500 0.825000 0.000000
vt  0.262500 0.825000 0.000000
vt  0.378125 0.806250 0.000000
vt  0.378125 0.806250 0.000000
vt  0.378125 0.806250 0.000000
vt  0.378125 0.806250 0.000000
vt  0.378125 0.806250 0.000000
vt  0.378125 0.806250 0.000000
vt  0.378125 0.806250 0.000000
vt  0.378125 0.806250 0.000000
vt  0.378125 0.806250 0.000000
vt  0.262500 0.825000 0.000000
vt  0.378125 0.806250 0.000000
vt  0.262500 0.825000 0.000000
vt  0.262500 0.825000 0.000000
vt  0.262500 0.825000 0.000000
vt  0.140625 0.850000 0.000000
vt  0.262500 0.825000 0.000000
vt  0.262500 0.825000 0.000000
vt  0.262500 0.825000 0.000000
vt  0.262500 0.825000 0.000000
vt  0.371875 0.184375 0.000000
vt  0.371875 0.184375 0.000000
vt  0.371875 0.184375 0.000000
vt  0.371875 0.184375 0.000000
vt  0.262500 0.128125 0.000000
vt  0.262500 0.128125 0.000000
vt  0.262500 0.128125 0.000000
vt  0.262500 0.128125 0.000000
vt  0.371875 0.184375 0.000000
vt  0.371875 0.184375 0.000000
vt  0.371875 0.184375 0.000000
vt  0.371875 0.184375 0.000000
vt  0.371875 0.184375 0.000000
vt  0.371875 0.184375 0.000000
vt  0.371875 0.184375 0.000000
vt  0.371875 0.184375 0.000000
vt  0.371875 0.184375 0.000000
vt  0.371875 0.184375 0.000000
vt  0.371875 0.184375 0.000000
vt  0.262500 0.128125 0.000000
vt  0.262500 0.128125 0.000000
vt  0.262500 0.128125 0.000000
vt  0.262500 0.128125 0.000000
vt  0.262500 0.128125 0.000000
vt  0.262500 0.128125 0.000000
vt  0.262500 0.128125 0.000000
vt  0.262500 0.128125 0.000000
vt  0.262500 0.825000 0.000000
vt  0.262500 0.825000 0.000000
vt  0.262500 0.825000 0.000000
vt  0.262500 0.825000 0.000000
vt  0.262500 0.128125 0.000000
vt  0.262500 0.128125 0.000000
vt  0.262500 0.128125 0.000000
vt  0.262500 0.128125 0.000000
vt  0.262500 0.128125 0.000000
vt  0.262500 0.128125 0.000000
vt  0.262500 0.128125 0.000000
vt  0.262500 0.128125 0.000000
vt  0.262500 0.128125 0.000000
vt  0.262500 0.128125 0.000000
vt  0.262500 0.128125 0.000000
vt  0.262500 0.128125 0.000000
vt  0.262500 0.128125 0.000000
vt  0.262500 0.128125 0.000000
vt  0.262500 0.128125 0.000000
vt  0.262500 0.128125 0.000000
vt  0.262500 0.128125 0.000000
vt  0.262500 0.128125 0.000000
vt  0.262500 0.128125 0.000000
vt  0.262500 0.128125 0.000000
vt  0.262500 0.825000 0.000000
vt  0.262500 0.825000 0.000000
vt  0.262500 0.825000 0.000000
vt  0.262500 0.825000 0.000000
vt  0.262500 0.825000 0.000000
vt  0.262500 0.825000 0.000000
vt  0.262500 0.825000 0.000000
vt  0.262500 0.825000 0.000000
vt  0.262500 0.825000 0.000000
vt  0.262500 0.825000 0.000000
vt  0.262500 0.825000 0.000000
vt  0.262500 0.825000 0.000000
vt  0.621875 0.584375 0.000000
vt  0.621875 0.584375 0.000000
vt  0.621875 0.584375 0.000000
vt  0.621875 0.584375 0.000000
vt  0.262500 0.825000 0.000000
vt  0.262500 0.825000 0.000000
vt  0.262500 0.825000 0.000000
vt  0.262500 0.825000 0.000000
vt  0.262500 0.825000 0.000000
vt  0.262500 0.825000 0.000000
vt  0.262500 0.825000 0.000000
vt  0.262500 0.825000 0.000000
vt  0.621875 0.584375 0.000000
vt  0.621875 0.584375 0.000000
vt  0.621875 0.584375 0.000000
vt  0.621875 0.584375 0.000000
vt  0.621875 0.584375 0.000000
vt  0.621875 0.584375 0.000000
vt  0.621875 0.584375 0.000000
vt  0.621875 0.584375 0.000000
vt  0.621875 0.584375 0.000000
vt  0.621875 0.584375 0.000000
vt  0.621875 0.584375 0.000000
vt  0.621875 0.584375 0.000000
vt  0.262500 0.825000 0.000000
vt  0.262500 0.825000 0.000000
vt  0.262500 0.825000 0.000000
vt  0.262500 0.825000 0.000000
vt  0.262500 0.825000 0.000000
vt  0.262500 0.825000 0.000000
vt  0.378125 0.806250 0.000000
vt  0.378125 0.806250 0.000000
vt  0.378125 0.806250 0.000000
vt  0.378125 0.806250 0.000000
vt  0.140625 0.850000 0.000000
vt  0.500000 0.609375 0.000000
vt  0.500000 0.609375 0.000000
vt  0.500000 0.609375 0.000000
vt  0.500000 0.609375 0.000000
vt  0.262500 0.128125 0.000000
vt  0.500000 0.609375 0.000000
vt  0.500000 0.609375 0.000000
vt  0.500000 0.609375 0.000000
vt  0.500000 0.609375 0.000000
vt  0.500000 0.609375 0.000000
vt  0.500000 0.609375 0.000000
vt  0.500000 0.609375 0.000000
vt  0.500000 0.609375 0.000000
vt  0.500000 0.609375 0.000000
vt  0.500000 0.609375 0.000000
vt  0.500000 0.609375 0.000000
vt  0.500000 0.609375 0.000000
vt  0.500000 0.609375 0.000000
vt  0.500000 0.609375 0.000000
vt  0.500000 0.609375 0.000000
vt  0.500000 0.609375 0.000000
vt  0.262500 0.128125 0.000000
vt  0.262500 0.128125 0.000000
vt  0.262500 0.128125 0.000000
vt  0.262500 0.128125 0.000000
vt  0.262500 0.128125 0.000000
vt  0.262500 0.128125 0.000000
vt  0.262500 0.128125 0.000000
vt  0.262500 0.128125 0.000000
vt  0.262500 0.128125 0.000000
vt  0.262500 0.825000 0.000000
vt  0.262500 0.825000 0.000000
vt  0.262500 0.825000 0.000000
vt  0.262500 0.825000 0.000000
vt  0.262500 0.825000 0.000000
vt  0.378125 0.806250 0.000000
vt  0.378125 0.806250 0.000000
vt  0.378125 0.806250 0.000000
vt  0.378125 0.806250 0.000000
vt  0.371875 0.184375 0.000000
vt  0.621875 0.584375 0.000000
vt  0.262500 0.825000 0.000000

vn  -0.585779 -0.049313 0.808969
vn  -0.585779 -0.049313 0.808969
vn  -0.585779 -0.049313 0.808969
vn  -0.332638 -0.156584 -0.929964
vn  -0.332638 -0.156584 -0.929964
vn  -0.332638 -0.156584 -0.929964
vn  -0.332638 -0.156584 -0.929964
vn  0.356515 -0.052022 0.932840
vn  0.356515 -0.052022 0.932840
vn  0.356515 -0.052022 0.932840
vn  0.356515 -0.052022 0.932840
vn  0.979352 -0.202073 0.005980
vn  0.979352 -0.202073 0.005980
vn  0.979352 -0.202073 0.005980
vn  0.979352 -0.202073 0.005980
vn  0.494146 -0.199431 -0.846196
vn  0.494146 -0.199431 -0.846196
vn  0.494146 -0.199431 -0.846196
vn  0.494146 -0.199431 -0.846196
vn  -0.995708 0.022358 -0.089808
vn  -0.995708 0.022358 -0.089808
vn  -0.995708 0.022358 -0.089808
vn  -0.995708 0.022358 -0.089808
vn  -0.637059 -0.145863 0.756888
vn  -0.637059 -0.145863 0.756888
vn  -0.637059 -0.145863 0.756888
vn  -0.637059 -0.145863 0.756888
vn  -0.262003 0.058938 -0.963266
vn  -0.262003 0.058938 -0.963266
vn  -0.262003 0.058938 -0.963266
vn  -0.262003 0.058938 -0.963266
vn  0.284463 -0.228182 0.931136
vn  0.284463 -0.228182 0.931136
vn  0.284463 -0.228182 0.931136
vn  0.284463 -0.228182 0.931136
vn  0.984200 -0.170662 0.047165
vn  0.984200 -0.170662 0.047165
vn  0.984200 -0.170662 0.047165
vn  0.984200 -0.170662 0.047165
vn  0.516595 0.001588 -0.856228
vn  0.516595 0.001588 -0.856228
vn  0.516595 0.001588 -0.856228
vn  0.516595 0.001588 -0.856228
vn  -0.982836 0.165403 -0.081706
vn  -0.982836 0.165403 -0.081706
vn  -0.982836 0.165403 -0.081706
vn  -0.642553 -0.137571 0.753790
vn  -0.642553 -0.137571 0.753790
vn  -0.642553 -0.137571 0.753790
vn  -0.261868 0.487517 -0.832918
vn  -0.261868 0.487517 -0.832918
vn  -0.261868 0.487517 -0.832918
vn  0.294830 -0.215433 0.930948
vn  0.294830 -0.215433 0.930948
vn  0.294830 -0.215433 0.930948
vn  0.996562 0.037384 0.073938
vn  0.996562 0.037384 0.073938
vn  0.996562 0.037384 0.073938
vn  0.526442 0.378371 -0.761376
vn  0.526442 0.378371 -0.761377
vn  0.526442 0.378371 -0.761376
vn  -0.989377 -0.035537 -0.140964
vn  -0.989377 -0.035537 -0.140964
vn  -0.989377 -0.035537 -0.140964
vn  -0.631840 -0.048493 0.773580
vn  -0.631840 -0.048493 0.773580
vn  -0.631840 -0.048493 0.773580
vn  -0.414559 -0.181463 -0.891746
vn  -0.414560 -0.181463 -0.891746
vn  -0.414559 -0.181463 -0.891746
vn  0.319081 -0.173346 0.931739
vn  0.319081 -0.173346 0.931739
vn  0.319081 -0.173346 0.931739
vn  0.963472 -0.258668 0.069372
vn  0.963472 -0.258668 0.069372
vn  0.963472 -0.258668 0.069372
vn  0.348646 -0.313156 -0.883391
vn  0.348646 -0.313156 -0.883391
vn  0.348646 -0.313156 -0.883391
vn  -0.978893 -0.113374 -0.170041
vn  -0.978893 -0.113374 -0.170041
vn  -0.978893 -0.113374 -0.170041
vn  -0.978893 -0.113374 -0.170041
vn  -0.624846 -0.067924 0.777787
vn  -0.624847 -0.067924 0.777787
vn  -0.624846 -0.067924 0.777787
vn  -0.624846 -0.067924 0.777787
vn  -0.432006 -0.187124 -0.882245
vn  -0.432006 -0.187124 -0.882245
vn  -0.432006 -0.187124 -0.882245
vn  -0.432006 -0.187124 -0.882245
vn  -0.083500 -0.995899 0.034843
vn  -0.087474 -0.995585 0.034037
vn  -0.083500 -0.995899 0.034843
vn  -0.088742 -0.594632 -0.799085
vn  -0.089030 -0.594233 -0.799350
vn  -0.088742 -0.594632 -0.799085
vn  -0.048570 0.241012 -0.969306
vn  -0.045134 0.241399 -0.969376
vn  -0.048570 0.241012 -0.969306
vn  -0.096772 0.935671 -0.339346
vn  -0.090817 0.936399 -0.338982
vn  -0.096772 0.935671 -0.339346
vn  -0.123404 0.932822 0.338547
vn  -0.117342 0.933326 0.339312
vn  -0.123404 0.932822 0.338547
vn  -0.236045 0.367710 0.899484
vn  -0.236617 0.368563 0.898985
vn  -0.236045 0.367710 0.899484
vn  -0.161441 -0.438159 0.884281
vn  -0.180288 -0.435536 0.881933
vn  -0.161441 -0.438159 0.884281
vn  -0.030672 -0.989982 0.137820
vn  -0.030672 -0.989982 0.137820
vn  -0.030672 -0.989982 0.137820
vn  0.015593 -0.668915 -0.743175
vn  0.015593 -0.668915 -0.743175
vn  0.015593 -0.668915 -0.743175
vn  0.005726 0.258121 -0.966096
vn  0.005726 0.258121 -0.966096
vn  0.005726 0.258121 -0.966096
vn  0.043204 0.897930 -0.438013
vn  0.043204 0.897930 -0.438013
vn  0.043204 0.897930 -0.438013
vn  0.025571 0.976397 0.214464
vn  0.025571 0.976397 0.214464
vn  0.025571 0.976397 0.214464
vn  -0.041789 0.457227 0.888368
vn  -0.041789 0.457227 0.888368
vn  -0.041789 0.457227 0.888368
vn  -0.056059 -0.301725 0.951745
vn  -0.056059 -0.301725 0.951745
vn  -0.056059 -0.301725 0.951745
vn  -0.030987 -0.990777 0.131910
vn  -0.030987 -0.990777 0.131910
vn  -0.030987 -0.990777 0.131910
vn  -0.177055 -0.669965 -0.720971
vn  -0.177055 -0.669965 -0.720971
vn  -0.177055 -0.669965 -0.720971
vn  -0.181708 0.023596 -0.983069
vn  -0.181708 0.023596 -0.983069
vn  -0.181708 0.023596 -0.983069
vn  -0.120891 0.807941 -0.576729
vn  -0.120891 0.807941 -0.576729
vn  -0.120891 0.807941 -0.576729
vn  -0.007422 0.999460 0.032025
vn  -0.007422 0.999460 0.032025
vn  -0.007422 0.999460 0.032025
vn  0.197355 0.440969 0.875556
vn  0.197355 0.440969 0.875556
vn  0.197355 0.440969 0.875556
vn  0.205497 -0.250653 0.946015
vn  0.205497 -0.250653 0.946015
vn  0.205497 -0.250653 0.946015
vn  -0.152686 -0.976656 0.151099
vn  -0.152686 -0.976656 0.151099
vn  -0.152686 -0.976656 0.151099
vn  -0.152686 -0.976656 0.151099
vn  -0.267919 -0.764867 -0.585832
vn  -0.267919 -0.764866 -0.585832
vn  -0.267919 -0.764867 -0.585832
vn  -0.267919 -0.764867 -0.585832
vn  -0.323839 0.039993 -0.945267
vn  -0.323839 0.039993 -0.945267
vn  -0.323839 0.039993 -0.945267
vn  -0.238035 0.764524 -0.599035
vn  -0.238035 0.764524 -0.599035
vn  -0.238035 0.764524 -0.599035
vn  -0.070833 0.997094 0.028055
vn  -0.070833 0.997094 0.028055
vn  -0.070833 0.997094 0.028055
vn  0.093362 0.441545 0.892369
vn  0.093362 0.441545 0.892369
vn  0.093362 0.441545 0.892369
vn  0.093362 0.441545 0.892369
vn  0.063415 -0.446087 0.892740
vn  0.063415 -0.446087 0.892740
vn  0.063415 -0.446087 0.892740
vn  0.063415 -0.446086 0.892740
vn  0.360778 -0.230429 -0.903738
vn  0.360778 -0.230429 -0.903738
vn  0.360778 -0.230429 -0.903738
vn  0.360778 -0.230429 -0.903738
vn  -0.989744 -0.060036 -0.129624
vn  -0.989744 -0.060036 -0.129624
vn  -0.989744 -0.060036 -0.129624
vn  -0.989744 -0.060036 -0.129624
vn  -0.618717 -0.090482 0.780386
vn  -0.618717 -0.090482 0.780386
vn  -0.618717 -0.090482 0.780386
vn  -0.618717 -0.090482 0.780386
vn  -0.386371 -0.102639 -0.916615
vn  -0.386371 -0.102639 -0.916615
vn  -0.386371 -0.102639 -0.916615
vn  0.293122 -0.129943 0.947203
vn  0.293122 -0.129943 0.947203
vn  0.293122 -0.129943 0.947203
vn  -0.526490 0.504308 0.684458
vn  -0.526490 0.504308 0.684458
vn  -0.526490 0.504308 0.684458
vn  -0.526490 0.504308 0.684458
vn  -0.145382 -0.447721 0.882275
vn  -0.145382 -0.447721 0.882275
vn  -0.145382 -0.447721 0.882275
vn  -0.145382 -0.447721 0.882275
vn  -0.066709 0.100126 0.992736
vn  -0.066709 0.100126 0.992736
vn  -0.066709 0.100126 0.992736
vn  -0.066709 0.100126 0.992736
vn  -0.872886 0.271838 0.405183
vn  -0.872886 0.271838 0.405183
vn  -0.872886 0.271838 0.405183
vn  -0.320896 -0.606852 0.727156
vn  -0.320896 -0.606852 0.727156
vn  -0.320896 -0.606852 0.727156
vn  -0.320896 -0.606852 0.727156
vn  -0.453152 -0.452062 0.768305
vn  -0.453152 -0.452062 0.768305
vn  -0.453152 -0.452062 0.768305
vn  -0.453152 -0.452062 0.768305
vn  -0.385265 0.401951 0.830666
vn  -0.385265 0.401951 0.830666
vn  -0.385265 0.401951 0.830666
vn  -0.331945 0.388350 0.859649
vn  -0.331945 0.388350 0.859649
vn  -0.331945 0.388350 0.859649
vn  -0.331945 0.388350 0.859649
vn  -0.437992 0.040093 0.898085
vn  -0.437992 0.040093 0.898085
vn  -0.437992 0.040093 0.898085
vn  -0.437992 0.040093 0.898085
vn  -0.703644 0.015283 0.710389
vn  -0.703644 0.015283 0.710389
vn  -0.703644 0.015283 0.710389
vn  -0.703644 0.015283 0.710389
vn  -0.855914 -0.022793 0.516615
vn  -0.855914 -0.022793 0.516615
vn  -0.855914 -0.022793 0.516615
vn  -0.855914 -0.022793 0.516615
vn  -0.900140 -0.035008 0.434191
vn  -0.900140 -0.035008 0.434191
vn  -0.900140 -0.035008 0.434191
vn  -0.900140 -0.035008 0.434191
vn  -0.163381 0.487073 0.857943
vn  -0.163381 0.487073 0.857943
vn  -0.163381 0.487073 0.857943
vn  -0.163381 0.487073 0.857943
vn  -0.532394 0.462533 0.708957
vn  -0.532394 0.462533 0.708957
vn  -0.532394 0.462533 0.708957
vn  -0.532394 0.462533 0.708957
vn  -0.787437 0.351645 0.506249
vn  -0.787437 0.351645 0.506249
vn  -0.787437 0.351645 0.506249
vn  -0.787437 0.351645 0.506249
vn  -0.956599 0.123083 0.264137
vn  -0.956599 0.123084 0.264137
vn  -0.956599 0.123083 0.264137
vn  -0.956599 0.123083 0.264137
vn  -0.982215 -0.143068 0.121597
vn  -0.982215 -0.143068 0.121597
vn  -0.982215 -0.143068 0.121597
vn  -0.982215 -0.143068 0.121597
vn  -0.977393 -0.087569 0.192443
vn  -0.977393 -0.087569 0.192443
vn  -0.977393 -0.087569 0.192443
vn  -0.977393 -0.087569 0.192443
vn  -0.195122 0.972925 0.123875
vn  -0.195122 0.972925 0.123875
vn  -0.195122 0.972925 0.123875
vn  -0.195122 0.972925 0.123875
vn  -0.532286 0.838777 0.114562
vn  -0.532286 0.838777 0.114562
vn  -0.532286 0.838777 0.114562
vn  -0.532286 0.838777 0.114562
vn  -0.835133 0.546098 0.065807
vn  -0.835133 0.546098 0.065807
vn  -0.835133 0.546098 0.065807
vn  -0.835133 0.546098 0.065807
vn  -0.984787 0.173708 -0.004427
vn  -0.984787 0.173708 -0.004427
vn  -0.984787 0.173708 -0.004427
vn  -0.984787 0.173708 -0.004427
vn  -0.257767 0.928277 -0.268063
vn  -0.257767 0.928277 -0.268063
vn  -0.257767 0.928277 -0.268063
vn  -0.257767 0.928277 -0.268063
vn  -0.567641 0.778263 -0.268499
vn  -0.567641 0.778263 -0.268499
vn  -0.567641 0.778263 -0.268499
vn  -0.567641 0.778263 -0.268499
vn  -0.863518 0.484564 -0.139766
vn  -0.863518 0.484564 -0.139766
vn  -0.863518 0.484564 -0.139766
vn  -0.863518 0.484564 -0.139766
vn  -0.989976 0.128297 -0.059045
vn  -0.989976 0.128297 -0.059045
vn  -0.989976 0.128297 -0.059045
vn  -0.944234 -0.010474 -0.329110
vn  -0.944234 -0.010474 -0.329110
vn  -0.944234 -0.010474 -0.329110
vn  -0.944234 -0.010474 -0.329110
vn  -0.691892 -0.455274 -0.560367
vn  -0.691892 -0.455274 -0.560367
vn  -0.691892 -0.455274 -0.560367
vn  -0.956454 -0.210015 0.202706
vn  -0.956454 -0.210015 0.202706
vn  -0.956454 -0.210015 0.202706
vn  -0.956454 -0.210015 0.202706
vn  -0.113970 0.364118 -0.924353
vn  -0.113970 0.364118 -0.924353
vn  -0.113970 0.364118 -0.924353
vn  -0.113970 0.364118 -0.924353
vn  -0.291265 0.441222 -0.848816
vn  -0.291265 0.441222 -0.848816
vn  -0.291265 0.441222 -0.848816
vn  -0.291265 0.441222 -0.848816
vn  -0.533130 0.394783 -0.748277
vn  -0.533130 0.394783 -0.748277
vn  -0.533130 0.394783 -0.748277
vn  -0.533130 0.394783 -0.748277
vn  -0.305252 -0.281216 -0.909802
vn  -0.305252 -0.281216 -0.909802
vn  -0.305252 -0.281216 -0.909802
vn  -0.535762 -0.237094 -0.810398
vn  -0.535762 -0.237094 -0.810398
vn  -0.535762 -0.237094 -0.810398
vn  -0.836875 0.096456 -0.538829
vn  -0.836875 0.096456 -0.538829
vn  -0.836875 0.096456 -0.538829
vn  -0.836875 0.096456 -0.538829
vn  -0.357813 0.259422 0.897034
vn  -0.357813 0.259422 0.897034
vn  -0.357813 0.259422 0.897034
vn  -0.143362 0.977669 0.153657
vn  -0.143362 0.977669 0.153657
vn  -0.143362 0.977669 0.153657
vn  -0.143362 0.977669 0.153657
vn  -0.498394 0.291885 0.816337
vn  -0.498394 0.291885 0.816337
vn  -0.498394 0.291885 0.816337
vn  -0.498394 0.291885 0.816337
vn  -0.360598 0.113884 0.925743
vn  -0.360598 0.113884 0.925743
vn  -0.360598 0.113884 0.925743
vn  -0.565488 0.693372 0.446608
vn  -0.565488 0.693372 0.446608
vn  -0.565488 0.693372 0.446608
vn  -0.565488 0.693372 0.446608
vn  -0.829332 0.485296 0.276941
vn  -0.829332 0.485296 0.276941
vn  -0.829332 0.485296 0.276941
vn  -0.829332 0.485296 0.276941
vn  -0.974576 0.147472 0.168684
vn  -0.974576 0.147472 0.168684
vn  -0.974576 0.147472 0.168684
vn  -0.974576 0.147472 0.168684
vn  -0.982886 -0.062563 0.173265
vn  -0.982886 -0.062563 0.173265
vn  -0.982886 -0.062563 0.173265
vn  -0.982886 -0.062563 0.173265
vn  0.315690 -0.018165 0.948689
vn  0.315690 -0.018165 0.948689
vn  0.315690 -0.018165 0.948689
vn  -0.990385 0.012948 -0.137733
vn  -0.990385 0.012948 -0.137733
vn  -0.990385 0.012948 -0.137733
vn  -0.990385 0.012948 -0.137733
vn  -0.622149 -0.075223 0.779277
vn  -0.622149 -0.075223 0.779277
vn  -0.622149 -0.075223 0.779277
vn  -0.622149 -0.075223 0.779277
vn  -0.402237 -0.124828 -0.906986
vn  -0.402237 -0.124828 -0.906986
vn  -0.402237 -0.124828 -0.906986
vn  -0.402237 -0.124828 -0.906986
vn  0.411510 -0.177649 -0.893924
vn  0.411510 -0.177649 -0.893924
vn  0.411510 -0.177649 -0.893924
vn  0.306916 -0.071057 0.949080
vn  0.306916 -0.071057 0.949080
vn  0.306916 -0.071057 0.949080
vn  0.306916 -0.071057 0.949080
vn  -0.678201 0.380955 0.628424
vn  -0.678201 0.380955 0.628424
vn  -0.678201 0.380955 0.628424
vn  -0.678201 0.380955 0.628424
vn  -0.250860 0.786333 0.564579
vn  -0.250860 0.786333 0.564579
vn  -0.250860 0.786333 0.564579
vn  -0.250860 0.786333 0.564579
vn  0.980306 -0.056767 -0.189148
vn  0.980306 -0.056767 -0.189148
vn  0.980306 -0.056767 -0.189148
vn  0.980306 -0.056767 -0.189148
vn  0.630862 -0.057636 0.773751
vn  0.630862 -0.057636 0.773751
vn  0.630862 -0.057636 0.773751
vn  0.630862 -0.057636 0.773751
vn  0.452214 -0.163091 -0.876872
vn  0.452214 -0.163091 -0.876872
vn  0.452213 -0.163091 -0.876872
vn  0.452214 -0.163091 -0.876872
vn  0.030669 -0.989982 0.137820
vn  0.030669 -0.989982 0.137820
vn  0.030669 -0.989982 0.137820
vn  0.030669 -0.989982 0.137820
vn  -0.015595 -0.668915 -0.743175
vn  -0.015595 -0.668915 -0.743175
vn  -0.015595 -0.668915 -0.743175
vn  -0.015595 -0.668915 -0.743175
vn  -0.005725 0.258121 -0.966096
vn  -0.005725 0.258121 -0.966096
vn  -0.005725 0.258121 -0.966096
vn  -0.005725 0.258121 -0.966096
vn  -0.043201 0.897930 -0.438013
vn  -0.043201 0.897930 -0.438013
vn  -0.043201 0.897930 -0.438013
vn  -0.043201 0.897930 -0.438013
vn  -0.025569 0.976397 0.214464
vn  -0.025569 0.976397 0.214464
vn  -0.025569 0.976397 0.214464
vn  -0.025569 0.976397 0.214464
vn  0.041790 0.457227 0.888368
vn  0.041790 0.457227 0.888368
vn  0.041790 0.457227 0.888368
vn  0.041790 0.457227 0.888368
vn  0.056058 -0.301725 0.951745
vn  0.056058 -0.301725 0.951745
vn  0.056058 -0.301725 0.951745
vn  0.056058 -0.301725 0.951745
vn  0.152684 -0.976656 0.151099
vn  0.152684 -0.976656 0.151099
vn  0.152684 -0.976656 0.151099
vn  0.267917 -0.764867 -0.585832
vn  0.267917 -0.764867 -0.585832
vn  0.267917 -0.764867 -0.585832
vn  0.323839 0.039992 -0.945267
vn  0.323839 0.039992 -0.945267
vn  0.323839 0.039992 -0.945267
vn  0.323839 0.039992 -0.945267
vn  0.238037 0.764523 -0.599035
vn  0.238037 0.764523 -0.599035
vn  0.238037 0.764523 -0.599035
vn  0.238037 0.764523 -0.599035
vn  0.070836 0.997093 0.028055
vn  0.070836 0.997093 0.028055
vn  0.070836 0.997093 0.028055
vn  0.070836 0.997093 0.028055
vn  -0.093360 0.441545 0.892369
vn  -0.093360 0.441545 0.892369
vn  -0.093360 0.441545 0.892369
vn  -0.063416 -0.446086 0.892740
vn  -0.063416 -0.446086 0.892740
vn  -0.063416 -0.446086 0.892740
vn  -0.379279 -0.226349 -0.897170
vn  -0.379279 -0.226349 -0.897170
vn  -0.379279 -0.226349 -0.897170
vn  -0.379279 -0.226349 -0.897170
vn  0.989744 -0.060039 -0.129624
vn  0.989744 -0.060039 -0.129624
vn  0.989744 -0.060039 -0.129624
vn  0.618716 -0.090484 0.780386
vn  0.618716 -0.090484 0.780386
vn  0.618716 -0.090484 0.780386
vn  0.386371 -0.102640 -0.916615
vn  0.386371 -0.102640 -0.916615
vn  0.386371 -0.102640 -0.916615
vn  -0.295560 -0.135410 0.945679
vn  -0.295560 -0.135410 0.945679
vn  -0.295560 -0.135410 0.945679
vn  -0.295560 -0.135410 0.945679
vn  0.317349 -0.581275 0.749272
vn  0.317349 -0.581275 0.749272
vn  0.317349 -0.581275 0.749272
vn  0.526492 0.504306 0.684458
vn  0.526492 0.504306 0.684458
vn  0.526492 0.504306 0.684458
vn  0.526492 0.504306 0.684458
vn  0.145381 -0.447722 0.882275
vn  0.145381 -0.447722 0.882275
vn  0.145381 -0.447722 0.882275
vn  0.145381 -0.447722 0.882275
vn  0.066709 0.100126 0.992736
vn  0.066709 0.100126 0.992736
vn  0.066709 0.100126 0.992736
vn  0.066709 0.100126 0.992736
vn  0.872887 0.271836 0.405183
vn  0.872887 0.271836 0.405183
vn  0.872887 0.271836 0.405183
vn  0.872887 0.271836 0.405183
vn  0.320894 -0.606853 0.727156
vn  0.320894 -0.606853 0.727156
vn  0.320894 -0.606853 0.727156
vn  0.320894 -0.606853 0.727156
vn  0.453151 -0.452063 0.768305
vn  0.453151 -0.452063 0.768305
vn  0.453151 -0.452063 0.768305
vn  0.453151 -0.452063 0.768305
vn  0.385266 0.401950 0.830666
vn  0.385266 0.401950 0.830666
vn  0.385266 0.401950 0.830666
vn  0.331946 0.388349 0.859649
vn  0.331946 0.388349 0.859649
vn  0.331946 0.388349 0.859649
vn  0.331946 0.388349 0.859649
vn  0.440267 0.047091 0.896631
vn  0.440267 0.047091 0.896631
vn  0.440267 0.047091 0.896631
vn  0.923472 -0.130919 0.360637
vn  0.923472 -0.130919 0.360637
vn  0.923472 -0.130919 0.360637
vn  0.437992 0.040091 0.898085
vn  0.437992 0.040091 0.898085
vn  0.437992 0.040091 0.898085
vn  0.437992 0.040091 0.898085
vn  0.703644 0.015281 0.710389
vn  0.703644 0.015281 0.710389
vn  0.703644 0.015281 0.710389
vn  0.703644 0.015281 0.710389
vn  0.855914 -0.022796 0.516615
vn  0.855914 -0.022796 0.516615
vn  0.855914 -0.022796 0.516615
vn  0.855914 -0.022796 0.516615
vn  0.900140 -0.035010 0.434191
vn  0.900140 -0.035010 0.434191
vn  0.900140 -0.035010 0.434191
vn  0.900140 -0.035010 0.434191
vn  0.163382 0.487073 0.857943
vn  0.163382 0.487073 0.857943
vn  0.163382 0.487073 0.857943
vn  0.163382 0.487073 0.857943
vn  0.532395 0.462532 0.708957
vn  0.532395 0.462532 0.708957
vn  0.532395 0.462532 0.708957
vn  0.532395 0.462532 0.708957
vn  0.787438 0.351643 0.506249
vn  0.787438 0.351643 0.506249
vn  0.787438 0.351643 0.506249
vn  0.787438 0.351643 0.506249
vn  0.956599 0.123081 0.264137
vn  0.956599 0.123081 0.264137
vn  0.956600 0.123081 0.264138
vn  0.956599 0.123081 0.264137
vn  0.982214 -0.143071 0.121597
vn  0.982214 -0.143071 0.121597
vn  0.982214 -0.143071 0.121597
vn  0.982214 -0.143071 0.121597
vn  0.977393 -0.087571 0.192443
vn  0.977393 -0.087571 0.192443
vn  0.977393 -0.087571 0.192443
vn  0.195125 0.972924 0.123875
vn  0.195125 0.972924 0.123875
vn  0.195125 0.972924 0.123875
vn  0.195125 0.972924 0.123875
vn  0.532288 0.838776 0.114562
vn  0.532288 0.838776 0.114562
vn  0.532288 0.838776 0.114562
vn  0.532288 0.838776 0.114562
vn  0.835134 0.546095 0.065807
vn  0.835134 0.546096 0.065807
vn  0.835134 0.546096 0.065807
vn  0.835134 0.546095 0.065807
vn  0.984788 0.173705 -0.004427
vn  0.984788 0.173705 -0.004427
vn  0.984788 0.173705 -0.004427
vn  0.984788 0.173705 -0.004427
vn  0.257770 0.928276 -0.268063
vn  0.257770 0.928276 -0.268063
vn  0.257770 0.928276 -0.268063
vn  0.257770 0.928276 -0.268063
vn  0.567643 0.778261 -0.268499
vn  0.567643 0.778261 -0.268499
vn  0.567643 0.778261 -0.268499
vn  0.567643 0.778261 -0.268499
vn  0.863519 0.484562 -0.139766
vn  0.863519 0.484562 -0.139766
vn  0.863519 0.484562 -0.139766
vn  0.863519 0.484562 -0.139766
vn  0.989977 0.128295 -0.059045
vn  0.989977 0.128295 -0.059045
vn  0.989977 0.128295 -0.059045
vn  0.944233 -0.010477 -0.329110
vn  0.944233 -0.010477 -0.329110
vn  0.944233 -0.010477 -0.329110
vn  0.944233 -0.010477 -0.329110
vn  0.691890 -0.455276 -0.560367
vn  0.691890 -0.455276 -0.560367
vn  0.691890 -0.455276 -0.560367
vn  0.691890 -0.455276 -0.560367
vn  0.956453 -0.210018 0.202706
vn  0.956453 -0.210018 0.202706
vn  0.956453 -0.210018 0.202706
vn  0.956453 -0.210018 0.202706
vn  0.966384 -0.157756 0.203016
vn  0.966384 -0.157756 0.203016
vn  0.966384 -0.157756 0.203016
vn  0.113971 0.364118 -0.924353
vn  0.113971 0.364118 -0.924353
vn  0.113971 0.364118 -0.924353
vn  0.113971 0.364118 -0.924353
vn  0.353857 -0.504217 -0.787750
vn  0.353857 -0.504217 -0.787750
vn  0.353857 -0.504217 -0.787750
vn  0.291266 0.441221 -0.848816
vn  0.291266 0.441221 -0.848816
vn  0.291266 0.441221 -0.848816
vn  0.291266 0.441221 -0.848816
vn  0.533131 0.394782 -0.748277
vn  0.533131 0.394782 -0.748277
vn  0.533131 0.394782 -0.748277
vn  0.533131 0.394782 -0.748277
vn  0.305251 -0.281216 -0.909802
vn  0.305251 -0.281216 -0.909802
vn  0.305251 -0.281216 -0.909802
vn  0.305251 -0.281216 -0.909802
vn  0.535762 -0.237095 -0.810398
vn  0.535762 -0.237095 -0.810398
vn  0.535762 -0.237095 -0.810398
vn  0.836875 0.096453 -0.538829
vn  0.836875 0.096453 -0.538829
vn  0.836875 0.096453 -0.538829
vn  0.836875 0.096453 -0.538829
vn  0.357814 0.259421 0.897034
vn  0.357814 0.259421 0.897034
vn  0.357814 0.259421 0.897034
vn  0.143364 0.977669 0.153657
vn  0.143364 0.977669 0.153657
vn  0.143364 0.977669 0.153657
vn  0.143364 0.977669 0.153657
vn  0.498394 0.291884 0.816338
vn  0.498394 0.291884 0.816337
vn  0.498394 0.291884 0.816337
vn  0.498394 0.291884 0.816337
vn  0.360598 0.113883 0.925743
vn  0.360598 0.113883 0.925743
vn  0.360598 0.113883 0.925743
vn  0.360598 0.113883 0.925743
vn  0.565490 0.693370 0.446608
vn  0.565490 0.693370 0.446608
vn  0.565490 0.693370 0.446608
vn  0.565490 0.693370 0.446608
vn  0.829333 0.485293 0.276941
vn  0.829333 0.485293 0.276941
vn  0.829334 0.485294 0.276941
vn  0.829334 0.485294 0.276941
vn  0.974576 0.147470 0.168684
vn  0.974576 0.147470 0.168684
vn  0.974576 0.147469 0.168684
vn  0.974576 0.147470 0.168684
vn  0.982886 -0.062566 0.173265
vn  0.982886 -0.062566 0.173265
vn  0.982886 -0.062566 0.173265
vn  0.982886 -0.062566 0.173265
vn  0.985493 -0.047912 -0.162814
vn  0.985493 -0.047912 -0.162814
vn  0.985493 -0.047912 -0.162814
vn  0.985493 -0.047912 -0.162814
vn  0.627362 -0.085614 0.774007
vn  0.627362 -0.085614 0.774007
vn  0.627362 -0.085614 0.774007
vn  0.627362 -0.085614 0.774007
vn  0.413084 -0.142877 -0.899415
vn  0.413084 -0.142877 -0.899415
vn  0.413084 -0.142877 -0.899415
vn  0.413084 -0.142877 -0.899415
vn  -0.416615 -0.194050 -0.888131
vn  -0.416616 -0.194050 -0.888131
vn  -0.416616 -0.194050 -0.888131
vn  -0.305840 -0.056912 0.950381
vn  -0.305840 -0.056912 0.950381
vn  -0.305840 -0.056912 0.950381
vn  -0.981331 -0.178155 0.072457
vn  -0.981331 -0.178155 0.072457
vn  -0.981331 -0.178155 0.072457
vn  0.678203 0.380953 0.628424
vn  0.678203 0.380953 0.628424
vn  0.678203 0.380953 0.628424
vn  0.678203 0.380953 0.628424
vn  0.250863 0.786332 0.564579
vn  0.250863 0.786332 0.564579
vn  0.250863 0.786333 0.564579
vn  0.250863 0.786332 0.564579
vn  0.987305 -0.154430 0.037143
vn  0.987305 -0.154430 0.037143
vn  0.987305 -0.154430 0.037143
vn  0.557329 -0.049924 -0.828789
vn  0.557329 -0.049924 -0.828789
vn  0.557329 -0.049924 -0.828789
vn  0.003298 -0.999639 0.026670
vn  0.003298 -0.999639 0.026670
vn  0.003298 -0.999639 0.026670
vn  0.925845 -0.299227 -0.230813
vn  0.925845 -0.299227 -0.230813
vn  0.925845 -0.299227 -0.230813
vn  0.583035 -0.266212 0.767595
vn  0.583035 -0.266212 0.767595
vn  0.583035 -0.266212 0.767595
vn  0.313579 -0.209015 -0.926273
vn  0.313579 -0.209015 -0.926273
vn  0.313579 -0.209015 -0.926273
vn  -0.268923 -0.286558 0.919546
vn  -0.268923 -0.286558 0.919546
vn  -0.268923 -0.286558 0.919546
vn  -0.916569 -0.399740 0.010398
vn  -0.916569 -0.399740 0.010398
vn  -0.916569 -0.399740 0.010398
vn  -0.317714 -0.242476 -0.916659
vn  -0.317714 -0.242476 -0.916659
vn  -0.317714 -0.242476 -0.916659
vn  0.892485 -0.359349 -0.272650
vn  0.892485 -0.359349 -0.272650
vn  0.892485 -0.359349 -0.272650
vn  0.892485 -0.359349 -0.272650
vn  0.566719 -0.424665 0.706037
vn  0.566719 -0.424665 0.706037
vn  0.566719 -0.424665 0.706037
vn  0.566719 -0.424665 0.706037
vn  0.291921 -0.375331 -0.879721
vn  0.291921 -0.375331 -0.879721
vn  0.291921 -0.375331 -0.879721
vn  0.291921 -0.375331 -0.879721
vn  -0.244353 -0.435800 0.866239
vn  -0.244353 -0.435800 0.866239
vn  -0.244353 -0.435800 0.866239
vn  -0.244353 -0.435800 0.866239
vn  -0.858080 -0.513381 -0.011768
vn  -0.858080 -0.513381 -0.011768
vn  -0.858080 -0.513381 -0.011768
vn  -0.858080 -0.513381 -0.011768
vn  -0.257793 -0.384704 -0.886310
vn  -0.257793 -0.384704 -0.886310
vn  -0.257793 -0.384704 -0.886310
vn  -0.257793 -0.384704 -0.886310
vn  -0.072271 -0.964282 -0.254829
vn  -0.072271 -0.964282 -0.254829
vn  -0.072271 -0.964282 -0.254829
vn  -0.072271 -0.964282 -0.254829
vn  0.252202 -0.945210 -0.207299
vn  0.252202 -0.945210 -0.207299
vn  0.252202 -0.945210 -0.207299
vn  0.252202 -0.945210 -0.207299
vn  0.994274 -0.057185 -0.090268
vn  0.994274 -0.057185 -0.090268
vn  0.994274 -0.057185 -0.090268
vn  0.994274 -0.057185 -0.090268
vn  0.651194 -0.075992 0.755097
vn  0.651195 -0.075992 0.755097
vn  0.651194 -0.075992 0.755097
vn  0.651194 -0.075992 0.755097
vn  0.343137 -0.003723 -0.939278
vn  0.343137 -0.003723 -0.939278
vn  0.343137 -0.003723 -0.939278
vn  0.343137 -0.003723 -0.939278
vn  -0.337884 -0.110757 0.934648
vn  -0.337884 -0.110757 0.934648
vn  -0.337884 -0.110757 0.934648
vn  -0.337884 -0.110757 0.934648
vn  -0.987561 -0.152086 0.039927
vn  -0.987561 -0.152086 0.039927
vn  -0.987561 -0.152086 0.039927
vn  -0.987561 -0.152086 0.039927
vn  -0.414491 -0.038262 -0.909249
vn  -0.414491 -0.038262 -0.909249
vn  -0.414491 -0.038262 -0.909249
vn  -0.414491 -0.038262 -0.909249
vn  0.741770 -0.611963 -0.274369
vn  0.741770 -0.611963 -0.274369
vn  0.741770 -0.611963 -0.274369
vn  0.741770 -0.611963 -0.274369
vn  0.487281 -0.696885 0.526221
vn  0.487281 -0.696885 0.526221
vn  0.487281 -0.696885 0.526221
vn  0.487281 -0.696885 0.526221
vn  0.278800 -0.551315 -0.786334
vn  0.278800 -0.551315 -0.786334
vn  0.278800 -0.551315 -0.786334
vn  0.278800 -0.551315 -0.786334
vn  -0.154038 -0.730125 0.665725
vn  -0.154038 -0.730125 0.665725
vn  -0.154038 -0.730125 0.665725
vn  -0.154038 -0.730125 0.665725
vn  -0.653891 -0.753990 -0.062654
vn  -0.653891 -0.753990 -0.062654
vn  -0.653891 -0.753990 -0.062654
vn  -0.653891 -0.753990 -0.062654
vn  -0.139617 -0.573845 -0.806975
vn  -0.139617 -0.573845 -0.806975
vn  -0.139617 -0.573845 -0.806975
vn  -0.139617 -0.573845 -0.806975
vn  0.014314 0.947784 0.318592
vn  0.014314 0.947784 0.318592
vn  0.014314 0.947784 0.318592
vn  0.014314 0.947784 0.318592
vn  0.062356 0.993400 0.096271
vn  0.062356 0.993400 0.096271
vn  0.062356 0.993400 0.096271
vn  -0.150935 0.982709 0.107243
vn  -0.150935 0.982709 0.107243
vn  -0.150935 0.982709 0.107243
vn  -0.150935 0.982709 0.107243
vn  -0.187013 0.972078 0.141740
vn  -0.187013 0.972078 0.141740
vn  -0.187013 0.972078 0.141740
vn  -0.187013 0.972078 0.141740
vn  -0.239994 0.907474 0.344809
vn  -0.239994 0.907474 0.344809
vn  -0.239994 0.907474 0.344809
vn  -0.239994 0.907474 0.344809
vn  -0.033665 0.951777 0.304938
vn  -0.033665 0.951777 0.304938
vn  -0.033665 0.951777 0.304938
vn  -0.180944 0.956167 0.230225
vn  -0.180944 0.956167 0.230225
vn  -0.180944 0.956167 0.230225
vn  -0.180944 0.956167 0.230225
vn  0.868218 -0.444048 -0.221403
vn  0.868218 -0.444048 -0.221403
vn  0.868218 -0.444048 -0.221403
vn  0.868218 -0.444048 -0.221403
vn  0.513271 -0.650715 0.559574
vn  0.513271 -0.650715 0.559574
vn  0.513271 -0.650715 0.559574
vn  0.513271 -0.650715 0.559574
vn  0.334165 -0.250673 -0.908569
vn  0.334165 -0.250673 -0.908569
vn  0.334165 -0.250673 -0.908569
vn  0.334165 -0.250673 -0.908569
vn  -0.171401 -0.694545 0.698734
vn  -0.171401 -0.694545 0.698734
vn  -0.171401 -0.694545 0.698734
vn  -0.171401 -0.694545 0.698734
vn  -0.821949 -0.568882 -0.027818
vn  -0.821949 -0.568882 -0.027818
vn  -0.821949 -0.568882 -0.027818
vn  -0.821949 -0.568882 -0.027818
vn  -0.334246 -0.251264 -0.908376
vn  -0.334246 -0.251264 -0.908376
vn  -0.334246 -0.251264 -0.908376
vn  -0.334246 -0.251264 -0.908376
vn  0.996289 0.077170 -0.038108
vn  0.996289 0.077170 -0.038108
vn  0.996289 0.077170 -0.038108
vn  0.996289 0.077170 -0.038108
vn  0.668044 -0.042203 0.742924
vn  0.668044 -0.042203 0.742924
vn  0.668044 -0.042203 0.742924
vn  0.668044 -0.042203 0.742924
vn  0.379911 0.148855 -0.912967
vn  0.379911 0.148855 -0.912967
vn  0.379911 0.148855 -0.912967
vn  0.379911 0.148855 -0.912967
vn  -0.346198 -0.136628 0.928159
vn  -0.346198 -0.136628 0.928159
vn  -0.346198 -0.136628 0.928159
vn  -0.346198 -0.136628 0.928159
vn  -0.996016 -0.075030 0.048200
vn  -0.996016 -0.075030 0.048200
vn  -0.996016 -0.075030 0.048200
vn  -0.996016 -0.075030 0.048200
vn  -0.488112 0.081011 -0.869013
vn  -0.488112 0.081011 -0.869013
vn  -0.488112 0.081011 -0.869013
vn  -0.488112 0.081011 -0.869013
vn  0.997203 0.031133 -0.067942
vn  0.997203 0.031133 -0.067942
vn  0.997203 0.031133 -0.067942
vn  0.997203 0.031133 -0.067942
vn  0.669082 -0.039073 0.742161
vn  0.669082 -0.039074 0.742161
vn  0.669082 -0.039074 0.742161
vn  0.669082 -0.039074 0.742161
vn  0.382362 0.070943 -0.921285
vn  0.382362 0.070943 -0.921285
vn  0.382363 0.070943 -0.921285
vn  0.382362 0.070943 -0.921285
vn  -0.359533 -0.087217 0.929047
vn  -0.359533 -0.087217 0.929047
vn  -0.359533 -0.087217 0.929047
vn  -0.359533 -0.087217 0.929047
vn  -0.997849 -0.030554 0.057995
vn  -0.997849 -0.030554 0.057995
vn  -0.997849 -0.030554 0.057995
vn  -0.997849 -0.030554 0.057995
vn  -0.474399 0.054733 -0.878607
vn  -0.474399 0.054733 -0.878607
vn  -0.474399 0.054733 -0.878607
vn  -0.474399 0.054733 -0.878607
vn  -0.116623 0.896693 0.427013
vn  -0.116623 0.896693 0.427013
vn  -0.116623 0.896693 0.427013
vn  -0.116623 0.896693 0.427013
vn  -0.006628 0.983763 0.179348
vn  -0.006628 0.983763 0.179348
vn  -0.006628 0.983763 0.179348
vn  -0.006628 0.983763 0.179348
vn  -0.127926 0.901257 0.413969
vn  -0.127926 0.901257 0.413969
vn  -0.127926 0.901257 0.413969
vn  -0.127926 0.901257 0.413969
vn  -0.001716 0.941125 0.338056
vn  -0.001716 0.941125 0.338056
vn  -0.001716 0.941125 0.338056
vn  -0.001716 0.941125 0.338056
vn  -0.265640 0.937831 0.223403
vn  -0.265640 0.937831 0.223403
vn  -0.265640 0.937831 0.223403
vn  -0.265640 0.937831 0.223403
vn  -0.102051 0.962514 0.251302
vn  -0.102051 0.962514 0.251302
vn  -0.102051 0.962514 0.251302
vn  -0.102051 0.962514 0.251302
vn  0.995222 0.077073 -0.059944
vn  0.995222 0.077073 -0.059944
vn  0.995222 0.077073 -0.059944
vn  0.995222 0.077073 -0.059944
vn  0.667422 -0.016687 0.744493
vn  0.667422 -0.016687 0.744493
vn  0.667422 -0.016687 0.744493
vn  0.667422 -0.016687 0.744493
vn  0.379964 0.107485 -0.918735
vn  0.379964 0.107485 -0.918735
vn  0.379965 0.107485 -0.918735
vn  0.379964 0.107485 -0.918735
vn  -0.367286 -0.107023 0.923930
vn  -0.367286 -0.107023 0.923930
vn  -0.367286 -0.107023 0.923930
vn  -0.367286 -0.107023 0.923930
vn  -0.995732 -0.076398 0.051774
vn  -0.995732 -0.076398 0.051774
vn  -0.995732 -0.076398 0.051774
vn  -0.995732 -0.076398 0.051774
vn  -0.463269 0.043681 -0.885140
vn  -0.463270 0.043681 -0.885140
vn  -0.463269 0.043681 -0.885140
vn  -0.463270 0.043681 -0.885140
vn  0.940246 -0.265307 -0.213422
vn  0.940246 -0.265307 -0.213422
vn  0.940246 -0.265307 -0.213422
vn  0.940246 -0.265307 -0.213422
vn  0.648317 -0.394100 0.651437
vn  0.648317 -0.394100 0.651437
vn  0.648317 -0.394100 0.651437
vn  0.648317 -0.394100 0.651437
vn  0.360005 -0.220675 -0.906476
vn  0.360005 -0.220675 -0.906476
vn  0.360005 -0.220675 -0.906476
vn  0.360005 -0.220675 -0.906476
vn  -0.346736 -0.475624 0.808428
vn  -0.346736 -0.475624 0.808428
vn  -0.346736 -0.475624 0.808428
vn  -0.346736 -0.475624 0.808428
vn  -0.897234 -0.440199 -0.034575
vn  -0.897234 -0.440199 -0.034575
vn  -0.897234 -0.440199 -0.034575
vn  -0.897234 -0.440199 -0.034575
vn  -0.363461 -0.273859 -0.890448
vn  -0.363461 -0.273859 -0.890448
vn  -0.363461 -0.273859 -0.890448
vn  -0.363461 -0.273859 -0.890448
vn  0.995654 0.067045 -0.064635
vn  0.995654 0.067045 -0.064635
vn  0.995654 0.067045 -0.064635
vn  0.995654 0.067045 -0.064635
vn  0.667722 -0.020351 0.744132
vn  0.667722 -0.020351 0.744132
vn  0.667722 -0.020351 0.744132
vn  0.667722 -0.020351 0.744132
vn  0.379962 0.108713 -0.918591
vn  0.379962 0.108713 -0.918592
vn  0.379962 0.108713 -0.918592
vn  0.379962 0.108713 -0.918591
vn  -0.366937 -0.090717 0.925812
vn  -0.366937 -0.090717 0.925812
vn  -0.366937 -0.090717 0.925812
vn  -0.366937 -0.090717 0.925812
vn  -0.997153 -0.048116 0.058058
vn  -0.997153 -0.048116 0.058058
vn  -0.997153 -0.048116 0.058058
vn  -0.997153 -0.048116 0.058058
vn  -0.467195 0.060670 -0.882070
vn  -0.467195 0.060670 -0.882070
vn  -0.467195 0.060670 -0.882070
vn  -0.467195 0.060670 -0.882070
vn  0.993847 0.099019 -0.049634
vn  0.993847 0.099019 -0.049634
vn  0.993847 0.099019 -0.049634
vn  0.993847 0.099019 -0.049634
vn  0.662815 0.029946 0.748184
vn  0.662815 0.029946 0.748184
vn  0.662815 0.029946 0.748184
vn  0.662815 0.029946 0.748184
vn  0.379870 0.125371 -0.916505
vn  0.379870 0.125371 -0.916505
vn  0.379870 0.125371 -0.916505
vn  0.379870 0.125371 -0.916505
vn  -0.364956 -0.033921 0.930407
vn  -0.364956 -0.033921 0.930407
vn  -0.364956 -0.033921 0.930407
vn  -0.364956 -0.033921 0.930407
vn  -0.997714 -0.006014 0.067305
vn  -0.997714 -0.006014 0.067305
vn  -0.997714 -0.006014 0.067305
vn  -0.997714 -0.006014 0.067305
vn  -0.471266 0.078976 -0.878448
vn  -0.471266 0.078976 -0.878448
vn  -0.471266 0.078976 -0.878448
vn  -0.471266 0.078976 -0.878448
vn  -0.612587 0.126569 -0.780203
vn  -0.612587 0.126569 -0.780203
vn  -0.612587 0.126569 -0.780203
vn  -0.987306 -0.154427 0.037143
vn  -0.987306 -0.154427 0.037143
vn  -0.987306 -0.154427 0.037143
vn  -0.557329 -0.049923 -0.828789
vn  -0.557329 -0.049923 -0.828789
vn  -0.557329 -0.049923 -0.828789
vn  -0.003301 -0.999639 0.026670
vn  -0.003301 -0.999639 0.026670
vn  -0.003301 -0.999639 0.026670
vn  -0.992136 -0.105194 -0.067821
vn  -0.992136 -0.105194 -0.067821
vn  -0.992136 -0.105194 -0.067821
vn  -0.992136 -0.105194 -0.067821
vn  -0.585779 -0.049313 0.808969
vn  -0.982836 0.165403 -0.081706
vn  -0.642553 -0.137571 0.753790
vn  -0.261868 0.487517 -0.832918
vn  0.294830 -0.215433 0.930948
vn  0.996562 0.037384 0.073938
vn  0.526442 0.378371 -0.761377
vn  -0.989829 0.139405 -0.028365
vn  -0.989829 0.139405 -0.028365
vn  -0.989829 0.139405 -0.028365
vn  -0.989829 0.139405 -0.028365
vn  -0.601121 -0.118005 0.790398
vn  -0.601121 -0.118005 0.790398
vn  -0.601121 -0.118005 0.790398
vn  -0.601121 -0.118005 0.790398
vn  -0.322991 0.274241 -0.905797
vn  -0.322991 0.274241 -0.905797
vn  -0.322991 0.274241 -0.905797
vn  -0.322991 0.274241 -0.905797
vn  0.277295 -0.271649 0.921583
vn  0.277295 -0.271649 0.921583
vn  0.277295 -0.271649 0.921583
vn  0.277295 -0.271649 0.921582
vn  0.978644 -0.198619 0.052979
vn  0.978644 -0.198619 0.052979
vn  0.978644 -0.198619 0.052979
vn  0.978644 -0.198619 0.052979
vn  0.391097 0.124617 -0.911874
vn  0.391097 0.124617 -0.911874
vn  0.391097 0.124617 -0.911874
vn  0.391097 0.124617 -0.911874
vn  -0.997196 0.032513 -0.067402
vn  -0.997196 0.032513 -0.067402
vn  -0.997196 0.032513 -0.067402
vn  -0.997196 0.032513 -0.067402
vn  -0.611807 -0.045895 0.789675
vn  -0.611807 -0.045895 0.789675
vn  -0.611807 -0.045895 0.789675
vn  -0.611807 -0.045895 0.789675
vn  -0.338957 -0.057968 -0.939014
vn  -0.338957 -0.057968 -0.939014
vn  -0.338957 -0.057968 -0.939014
vn  -0.338957 -0.057968 -0.939014
vn  0.303232 -0.175045 0.936702
vn  0.303232 -0.175045 0.936701
vn  0.303232 -0.175045 0.936702
vn  0.303232 -0.175045 0.936701
vn  0.983232 -0.172665 0.058657
vn  0.983232 -0.172665 0.058657
vn  0.983232 -0.172666 0.058657
vn  0.983232 -0.172666 0.058657
vn  0.354968 -0.081384 -0.931329
vn  0.354968 -0.081384 -0.931329
vn  0.354968 -0.081384 -0.931329
vn  0.354968 -0.081384 -0.931329
vn  -0.989377 -0.035537 -0.140964
vn  -0.631840 -0.048493 0.773580
vn  -0.414559 -0.181463 -0.891746
vn  0.319081 -0.173346 0.931739
vn  0.963472 -0.258668 0.069372
vn  0.348646 -0.313156 -0.883391
vn  0.099914 -0.020724 0.994780
vn  0.099914 -0.020724 0.994780
vn  0.099914 -0.020724 0.994780
vn  0.099914 -0.020724 0.994780
vn  -0.958150 -0.285298 0.023509
vn  -0.958150 -0.285298 0.023509
vn  -0.958187 -0.285180 0.023440
vn  -0.958150 -0.285298 0.023509
vn  -0.030672 -0.989982 0.137820
vn  0.015593 -0.668915 -0.743175
vn  0.005726 0.258121 -0.966096
vn  0.043204 0.897930 -0.438013
vn  0.025571 0.976397 0.214464
vn  -0.041789 0.457227 0.888368
vn  -0.056059 -0.301725 0.951745
vn  -0.037521 -0.971493 0.234082
vn  -0.037521 -0.971493 0.234082
vn  -0.037521 -0.971493 0.234082
vn  -0.037521 -0.971493 0.234082
vn  -0.023055 -0.732399 -0.680485
vn  -0.023055 -0.732399 -0.680485
vn  -0.023055 -0.732399 -0.680485
vn  -0.023055 -0.732399 -0.680485
vn  0.033129 0.194398 -0.980363
vn  0.033129 0.194398 -0.980363
vn  0.033129 0.194398 -0.980363
vn  0.033129 0.194398 -0.980363
vn  0.033113 0.799332 -0.599977
vn  0.033113 0.799332 -0.599977
vn  0.033113 0.799332 -0.599977
vn  0.033113 0.799332 -0.599977
vn  0.056505 0.983233 0.173377
vn  0.056505 0.983233 0.173376
vn  0.056505 0.983233 0.173376
vn  0.056505 0.983233 0.173377
vn  -0.017896 0.457784 0.888883
vn  -0.017896 0.457784 0.888883
vn  -0.017896 0.457784 0.888883
vn  -0.017896 0.457784 0.888883
vn  -0.079163 -0.261774 0.961877
vn  -0.079163 -0.261774 0.961877
vn  -0.079163 -0.261774 0.961877
vn  -0.079163 -0.261774 0.961877
vn  0.264170 -0.957536 0.115494
vn  0.264170 -0.957536 0.115494
vn  0.264170 -0.957536 0.115494
vn  0.264170 -0.957536 0.115494
vn  0.108988 -0.574319 -0.811344
vn  0.108988 -0.574319 -0.811344
vn  0.108988 -0.574319 -0.811344
vn  0.108988 -0.574319 -0.811344
vn  0.065801 0.005921 -0.997815
vn  0.065801 0.005921 -0.997815
vn  0.065801 0.005921 -0.997815
vn  0.065801 0.005921 -0.997815
vn  0.160221 0.783324 -0.600610
vn  0.160221 0.783324 -0.600610
vn  0.160221 0.783324 -0.600610
vn  0.160221 0.783324 -0.600610
vn  0.083886 0.994750 0.058615
vn  0.083886 0.994750 0.058615
vn  0.083886 0.994750 0.058615
vn  0.083886 0.994750 0.058615
vn  0.203395 0.391383 0.897469
vn  0.203396 0.391383 0.897469
vn  0.203396 0.391383 0.897469
vn  0.203396 0.391383 0.897469
vn  0.117206 -0.142629 0.982812
vn  0.117206 -0.142629 0.982812
vn  0.117206 -0.142629 0.982812
vn  0.117206 -0.142629 0.982812
vn  -0.030987 -0.990777 0.131910
vn  -0.177055 -0.669965 -0.720971
vn  -0.181708 0.023596 -0.983069
vn  -0.120891 0.807941 -0.576729
vn  -0.007422 0.999460 0.032025
vn  0.197355 0.440969 0.875556
vn  0.205497 -0.250653 0.946015
vn  -0.323839 0.039993 -0.945267
vn  -0.238035 0.764524 -0.599035
vn  -0.070833 0.997094 0.028055
vn  0.023570 -0.983414 0.179837
vn  0.023570 -0.983414 0.179837
vn  0.023570 -0.983414 0.179837
vn  -0.103856 -0.944284 -0.312317
vn  -0.103856 -0.944284 -0.312317
vn  -0.103856 -0.944284 -0.312317
vn  -0.248558 -0.092811 -0.964160
vn  -0.248558 -0.092811 -0.964160
vn  -0.248558 -0.092811 -0.964160
vn  -0.248558 -0.092811 -0.964160
vn  -0.238981 0.689860 -0.683361
vn  -0.238981 0.689860 -0.683361
vn  -0.238981 0.689860 -0.683361
vn  -0.238981 0.689860 -0.683361
vn  -0.100438 0.994235 0.037530
vn  -0.100438 0.994235 0.037530
vn  -0.100438 0.994235 0.037530
vn  -0.187517 -0.098262 -0.977334
vn  -0.187517 -0.098262 -0.977334
vn  -0.187517 -0.098262 -0.977334
vn  -0.246557 0.698235 -0.672070
vn  -0.246557 0.698235 -0.672070
vn  -0.246557 0.698235 -0.672070
vn  -0.506949 0.841759 0.185593
vn  -0.506949 0.841759 0.185593
vn  -0.506949 0.841759 0.185593
vn  -0.470259 0.773664 0.424619
vn  -0.470259 0.773664 0.424619
vn  -0.470259 0.773664 0.424619
vn  -0.908999 -0.415117 0.037393
vn  -0.908999 -0.415117 0.037393
vn  -0.908999 -0.415117 0.037393
vn  -0.693789 -0.673187 0.255883
vn  -0.693789 -0.673187 0.255883
vn  -0.693789 -0.673187 0.255883
vn  -0.402903 -0.106945 0.908973
vn  -0.402903 -0.106945 0.908973
vn  -0.402903 -0.106945 0.908973
vn  -0.402903 -0.106945 0.908973
vn  -0.695999 0.498318 0.516977
vn  -0.695011 0.500778 0.515928
vn  -0.695922 0.498510 0.516895
vn  0.010263 -0.984125 0.177179
vn  0.010263 -0.984125 0.177179
vn  0.010263 -0.984125 0.177179
vn  0.010263 -0.984125 0.177179
vn  -0.121442 -0.887156 -0.445203
vn  -0.121442 -0.887156 -0.445203
vn  -0.121442 -0.887156 -0.445203
vn  -0.121442 -0.887156 -0.445203
vn  -0.260845 -0.049239 -0.964124
vn  -0.260845 -0.049239 -0.964124
vn  -0.260845 -0.049239 -0.964124
vn  -0.260845 -0.049239 -0.964124
vn  -0.235853 0.719285 -0.653454
vn  -0.235853 0.719285 -0.653454
vn  -0.235853 0.719285 -0.653454
vn  -0.235853 0.719285 -0.653454
vn  -0.102439 0.994325 0.028724
vn  -0.102439 0.994325 0.028724
vn  -0.102439 0.994325 0.028724
vn  -0.102439 0.994325 0.028724
vn  0.168450 0.485388 0.857918
vn  0.168450 0.485388 0.857918
vn  0.168450 0.485388 0.857918
vn  0.168450 0.485388 0.857918
vn  0.198826 -0.539394 0.818244
vn  0.198826 -0.539394 0.818244
vn  0.198826 -0.539394 0.818244
vn  0.198826 -0.539394 0.818244
vn  0.990379 -0.129099 0.049831
vn  0.990379 -0.129099 0.049831
vn  0.990379 -0.129099 0.049831
vn  0.429503 -0.162118 -0.888394
vn  0.429503 -0.162118 -0.888394
vn  0.429503 -0.162118 -0.888394
vn  -0.867705 -0.348119 0.354826
vn  -0.867705 -0.348119 0.354826
vn  -0.867705 -0.348119 0.354826
vn  -0.867705 -0.348119 0.354826
vn  0.380294 -0.232376 -0.895197
vn  0.380392 -0.232514 -0.895120
vn  0.380294 -0.232376 -0.895197
vn  -0.453016 -0.140595 -0.880346
vn  -0.453016 -0.140595 -0.880346
vn  -0.453016 -0.140595 -0.880346
vn  -0.453016 -0.140595 -0.880346
vn  -0.619624 -0.053929 0.783044
vn  -0.619624 -0.053929 0.783044
vn  -0.619624 -0.053929 0.783044
vn  -0.995361 -0.081412 -0.051277
vn  -0.995361 -0.081412 -0.051277
vn  -0.995361 -0.081412 -0.051277
vn  -0.995361 -0.081412 -0.051277
vn  0.542389 -0.066636 0.837481
vn  0.542389 -0.066636 0.837481
vn  0.542389 -0.066637 0.837481
vn  0.542389 -0.066637 0.837481
vn  0.995332 -0.085980 -0.043831
vn  0.995332 -0.085980 -0.043831
vn  0.995332 -0.085980 -0.043831
vn  0.995332 -0.085980 -0.043831
vn  0.547144 -0.092496 -0.831912
vn  0.547144 -0.092496 -0.831912
vn  0.547144 -0.092496 -0.831912
vn  0.547144 -0.092496 -0.831912
vn  -0.248811 -0.441208 -0.862223
vn  -0.248811 -0.441208 -0.862223
vn  -0.248811 -0.441208 -0.862223
vn  -0.248811 -0.441208 -0.862223
vn  -0.932886 -0.028493 0.359043
vn  -0.932948 -0.028221 0.358904
vn  -0.933156 -0.027306 0.358433
vn  -0.932886 -0.028493 0.359044
vn  -0.396444 -0.458882 -0.795147
vn  -0.396444 -0.458882 -0.795147
vn  -0.396444 -0.458882 -0.795147
vn  -0.396444 -0.458882 -0.795147
vn  -0.352554 -0.357888 -0.864651
vn  -0.352554 -0.357888 -0.864651
vn  -0.351585 -0.355348 -0.866092
vn  -0.074624 0.280896 0.956833
vn  -0.074624 0.280896 0.956833
vn  -0.074624 0.280896 0.956833
vn  0.079684 0.207657 0.974951
vn  0.079684 0.207657 0.974951
vn  0.079684 0.207657 0.974951
vn  0.079684 0.207657 0.974951
vn  -0.237036 0.288950 0.927535
vn  -0.237036 0.288950 0.927535
vn  -0.237036 0.288950 0.927535
vn  -0.237036 0.288950 0.927535
vn  -0.317351 -0.581274 0.749272
vn  -0.317351 -0.581274 0.749272
vn  -0.317351 -0.581274 0.749272
vn  -0.317351 -0.581274 0.749272
vn  -0.872886 0.271838 0.405183
vn  -0.440267 0.047092 0.896631
vn  -0.440267 0.047092 0.896631
vn  -0.440267 0.047092 0.896631
vn  -0.923473 -0.130916 0.360637
vn  -0.923473 -0.130916 0.360637
vn  -0.923473 -0.130916 0.360637
vn  -0.983433 -0.160229 0.084774
vn  -0.983433 -0.160229 0.084774
vn  -0.983433 -0.160229 0.084774
vn  -0.983433 -0.160229 0.084774
vn  -0.417140 -0.129331 -0.899593
vn  -0.417140 -0.129331 -0.899593
vn  -0.417140 -0.129331 -0.899593
vn  -0.417140 -0.129331 -0.899593
vn  -0.199731 -0.123000 -0.972100
vn  -0.199731 -0.123000 -0.972100
vn  -0.199731 -0.123000 -0.972100
vn  -0.199732 -0.123000 -0.972100
vn  -0.876552 -0.168751 0.450756
vn  -0.876551 -0.168751 0.450756
vn  -0.876552 -0.168751 0.450756
vn  -0.876552 -0.168751 0.450756
vn  -0.889274 -0.282408 0.359775
vn  -0.889274 -0.282408 0.359775
vn  -0.889274 -0.282408 0.359775
vn  -0.889274 -0.282408 0.359775
vn  -0.387736 -0.151458 0.909242
vn  -0.387736 -0.151458 0.909242
vn  -0.387736 -0.151458 0.909242
vn  -0.387736 -0.151458 0.909242
vn  -0.955178 -0.202399 -0.216032
vn  -0.955184 -0.202319 -0.216078
vn  -0.955178 -0.202399 -0.216032
vn  -0.985500 -0.097153 -0.139109
vn  -0.985500 -0.097153 -0.139109
vn  -0.985500 -0.097153 -0.139109
vn  -0.985500 -0.097153 -0.139109
vn  -0.992009 0.113779 -0.054531
vn  -0.992009 0.113779 -0.054531
vn  -0.992009 0.113779 -0.054531
vn  -0.237232 0.180113 -0.954610
vn  -0.237232 0.180113 -0.954610
vn  -0.237232 0.180113 -0.954610
vn  -0.237232 0.180113 -0.954610
vn  -0.579491 0.117134 -0.806517
vn  -0.579491 0.117134 -0.806517
vn  -0.579491 0.117134 -0.806517
vn  -0.032266 -0.054611 -0.997986
vn  -0.032266 -0.054611 -0.997986
vn  -0.032266 -0.054611 -0.997986
vn  -0.032266 -0.054611 -0.997986
vn  -0.192954 -0.080165 -0.977928
vn  -0.192954 -0.080165 -0.977928
vn  -0.192954 -0.080165 -0.977928
vn  -0.192954 -0.080165 -0.977928
vn  -0.360598 0.113884 0.925743
vn  -0.507731 -0.008317 0.861476
vn  -0.507731 -0.008317 0.861476
vn  -0.507731 -0.008317 0.861476
vn  -0.507731 -0.008317 0.861476
vn  -0.982488 -0.127113 0.136234
vn  -0.982488 -0.127113 0.136234
vn  -0.982488 -0.127113 0.136234
vn  -0.982488 -0.127113 0.136234
vn  -0.960763 -0.276049 -0.027035
vn  -0.960763 -0.276049 -0.027035
vn  -0.960763 -0.276049 -0.027035
vn  -0.960763 -0.276049 -0.027035
vn  -0.181418 -0.252608 -0.950409
vn  -0.181418 -0.252608 -0.950409
vn  -0.181418 -0.252608 -0.950409
vn  -0.181418 -0.252608 -0.950409
vn  -0.847404 0.081234 0.524698
vn  -0.847404 0.081234 0.524698
vn  -0.847404 0.081234 0.524698
vn  -0.467941 -0.321500 -0.823207
vn  -0.467941 -0.321500 -0.823207
vn  -0.467941 -0.321500 -0.823207
vn  -0.467941 -0.321500 -0.823207
vn  -0.453852 -0.121897 0.882700
vn  -0.453852 -0.121897 0.882700
vn  -0.453852 -0.121897 0.882700
vn  -0.453852 -0.121897 0.882700
vn  0.281401 -0.406278 -0.869340
vn  0.281401 -0.406278 -0.869340
vn  0.281401 -0.406278 -0.869340
vn  0.281401 -0.406278 -0.869340
vn  -0.216551 -0.445459 -0.868718
vn  -0.216551 -0.445459 -0.868718
vn  -0.216551 -0.445459 -0.868718
vn  -0.216551 -0.445459 -0.868718
vn  -0.400298 -0.457038 -0.794278
vn  -0.400298 -0.457038 -0.794278
vn  -0.400298 -0.457038 -0.794278
vn  -0.400298 -0.457038 -0.794278
vn  -0.972972 -0.161564 -0.164993
vn  -0.972972 -0.161564 -0.164993
vn  -0.972972 -0.161564 -0.164993
vn  -0.972972 -0.161564 -0.164993
vn  -0.958497 0.060116 0.278693
vn  -0.958497 0.060116 0.278693
vn  -0.958497 0.060116 0.278693
vn  -0.958497 0.060116 0.278693
vn  -0.979210 0.140120 -0.146675
vn  -0.979210 0.140120 -0.146675
vn  -0.979210 0.140120 -0.146675
vn  -0.979210 0.140120 -0.146675
vn  -0.285856 -0.149551 -0.946531
vn  -0.285856 -0.149551 -0.946531
vn  -0.285856 -0.149551 -0.946531
vn  -0.285856 -0.149551 -0.946531
vn  -0.446720 -0.059521 -0.892692
vn  -0.446720 -0.059521 -0.892692
vn  -0.446720 -0.059521 -0.892692
vn  -0.446720 -0.059521 -0.892692
vn  -0.589550 0.336376 0.734358
vn  -0.589550 0.336376 0.734358
vn  -0.589550 0.336376 0.734358
vn  -0.196852 0.619149 0.760200
vn  -0.196851 0.619149 0.760200
vn  -0.196839 0.619154 0.760199
vn  -0.196852 0.619149 0.760200
vn  -0.031496 0.599676 0.799623
vn  -0.031496 0.599676 0.799623
vn  -0.031496 0.599676 0.799623
vn  -0.991555 0.083380 -0.099329
vn  -0.991555 0.083380 -0.099329
vn  -0.991555 0.083380 -0.099329
vn  -0.550010 0.028039 0.834687
vn  -0.550010 0.028039 0.834687
vn  -0.550010 0.028039 0.834687
vn  -0.401178 -0.463562 -0.790042
vn  -0.401178 -0.463562 -0.790042
vn  -0.401178 -0.463562 -0.790042
vn  0.411510 -0.177649 -0.893924
vn  0.956280 -0.282138 0.076984
vn  0.956280 -0.282138 0.076984
vn  0.956280 -0.282138 0.076984
vn  0.956280 -0.282138 0.076984
vn  -0.036866 -0.973810 0.224353
vn  -0.036866 -0.973810 0.224353
vn  -0.036866 -0.973810 0.224353
vn  -0.036866 -0.973810 0.224353
vn  -0.015504 -0.643851 -0.764993
vn  -0.015504 -0.643851 -0.764993
vn  -0.015504 -0.643851 -0.764993
vn  -0.015504 -0.643851 -0.764993
vn  0.029425 0.086800 -0.995791
vn  0.029425 0.086800 -0.995791
vn  0.029425 0.086800 -0.995791
vn  0.029425 0.086800 -0.995791
vn  0.033036 0.801347 -0.597287
vn  0.033036 0.801347 -0.597287
vn  0.033036 0.801347 -0.597287
vn  0.033036 0.801347 -0.597287
vn  0.058170 0.990853 0.121766
vn  0.058170 0.990853 0.121766
vn  0.058170 0.990853 0.121766
vn  0.058170 0.990853 0.121766
vn  -0.020730 0.433145 0.901086
vn  -0.020730 0.433145 0.901086
vn  -0.020730 0.433145 0.901086
vn  -0.020730 0.433145 0.901086
vn  -0.077646 -0.221399 0.972087
vn  -0.077646 -0.221399 0.972087
vn  -0.077646 -0.221399 0.972087
vn  -0.077646 -0.221399 0.972087
vn  -0.095165 0.715831 0.691759
vn  -0.095165 0.715831 0.691759
vn  -0.094464 0.715819 0.691867
vn  0.204549 -0.408295 -0.889637
vn  0.204549 -0.408295 -0.889637
vn  0.204549 -0.408295 -0.889637
vn  0.204549 -0.408295 -0.889637
vn  -0.220620 0.039172 0.974573
vn  -0.220620 0.039172 0.974573
vn  -0.220620 0.039172 0.974573
vn  -0.220620 0.039172 0.974573
vn  -0.197383 -0.008886 0.980286
vn  -0.197383 -0.008886 0.980286
vn  -0.197383 -0.008886 0.980286
vn  -0.197383 -0.008886 0.980286
vn  -0.215246 -0.079544 -0.973315
vn  -0.215246 -0.079544 -0.973315
vn  -0.215246 -0.079544 -0.973315
vn  -0.215246 -0.079544 -0.973315
vn  -0.003508 0.049554 0.998765
vn  -0.003508 0.049554 0.998765
vn  -0.003508 0.049554 0.998765
vn  -0.003508 0.049554 0.998765
vn  0.997380 0.040677 -0.059822
vn  0.997380 0.040677 -0.059821
vn  0.997380 0.040677 -0.059821
vn  0.997380 0.040677 -0.059822
vn  0.598866 -0.185955 0.778961
vn  0.598866 -0.185955 0.778961
vn  0.598866 -0.185955 0.778961
vn  0.598866 -0.185955 0.778961
vn  0.332637 0.167311 -0.928095
vn  0.332637 0.167311 -0.928095
vn  0.332637 0.167311 -0.928095
vn  0.332637 0.167311 -0.928095
vn  -0.271041 -0.319536 0.907983
vn  -0.271041 -0.319536 0.907983
vn  -0.271041 -0.319536 0.907983
vn  -0.271041 -0.319536 0.907983
vn  -0.961011 -0.273314 0.041913
vn  -0.961011 -0.273314 0.041913
vn  -0.961011 -0.273314 0.041913
vn  -0.961012 -0.273314 0.041913
vn  -0.375239 0.040410 -0.926047
vn  -0.375238 0.040410 -0.926047
vn  -0.375238 0.040410 -0.926047
vn  -0.375239 0.040410 -0.926047
vn  0.997196 0.032511 -0.067402
vn  0.997196 0.032511 -0.067402
vn  0.997196 0.032511 -0.067402
vn  0.997196 0.032511 -0.067402
vn  0.611806 -0.045897 0.789675
vn  0.611807 -0.045897 0.789675
vn  0.611807 -0.045897 0.789675
vn  0.611807 -0.045897 0.789675
vn  0.338957 -0.057969 -0.939014
vn  0.338957 -0.057969 -0.939014
vn  0.338957 -0.057969 -0.939014
vn  0.338957 -0.057969 -0.939014
vn  -0.303232 -0.175045 0.936701
vn  -0.303232 -0.175045 0.936702
vn  -0.303232 -0.175045 0.936702
vn  -0.303232 -0.175045 0.936701
vn  -0.983233 -0.172663 0.058657
vn  -0.983233 -0.172663 0.058657
vn  -0.983233 -0.172663 0.058657
vn  -0.983233 -0.172663 0.058657
vn  -0.354968 -0.081383 -0.931329
vn  -0.354968 -0.081383 -0.931329
vn  -0.354968 -0.081383 -0.931329
vn  -0.354968 -0.081383 -0.931329
vn  0.989377 -0.035540 -0.140964
vn  0.989377 -0.035540 -0.140964
vn  0.989377 -0.035540 -0.140964
vn  0.989377 -0.035540 -0.140964
vn  0.631840 -0.048494 0.773581
vn  0.631840 -0.048494 0.773581
vn  0.631840 -0.048494 0.773581
vn  0.631840 -0.048494 0.773581
vn  0.414559 -0.181464 -0.891746
vn  0.414559 -0.181464 -0.891746
vn  0.414559 -0.181464 -0.891746
vn  0.414559 -0.181464 -0.891746
vn  -0.312994 -0.177656 0.932992
vn  -0.312994 -0.177656 0.932992
vn  -0.312994 -0.177656 0.932992
vn  -0.312994 -0.177656 0.932992
vn  -0.958604 -0.278575 0.058947
vn  -0.958604 -0.278575 0.058947
vn  -0.958604 -0.278575 0.058947
vn  -0.958604 -0.278575 0.058947
vn  -0.366721 -0.301191 -0.880227
vn  -0.366720 -0.301191 -0.880227
vn  -0.366720 -0.301191 -0.880227
vn  -0.366720 -0.301191 -0.880227
vn  -0.099914 -0.020723 0.994780
vn  -0.099914 -0.020723 0.994780
vn  -0.099914 -0.020723 0.994780
vn  -0.099914 -0.020723 0.994780
vn  0.958150 -0.285301 0.023509
vn  0.958150 -0.285301 0.023509
vn  0.958187 -0.285183 0.023440
vn  0.958150 -0.285301 0.023509
vn  0.037518 -0.971493 0.234082
vn  0.037518 -0.971493 0.234082
vn  0.037518 -0.971493 0.234082
vn  0.037518 -0.971493 0.234082
vn  0.023053 -0.732399 -0.680485
vn  0.023053 -0.732399 -0.680485
vn  0.023053 -0.732399 -0.680485
vn  0.023053 -0.732399 -0.680485
vn  -0.033128 0.194398 -0.980363
vn  -0.033128 0.194398 -0.980363
vn  -0.033128 0.194398 -0.980363
vn  -0.033128 0.194398 -0.980363
vn  -0.033111 0.799332 -0.599977
vn  -0.033111 0.799332 -0.599977
vn  -0.033111 0.799332 -0.599977
vn  -0.033111 0.799332 -0.599977
vn  -0.056502 0.983234 0.173377
vn  -0.056502 0.983234 0.173377
vn  -0.056502 0.983234 0.173377
vn  -0.056502 0.983234 0.173377
vn  0.017898 0.457784 0.888883
vn  0.017898 0.457784 0.888883
vn  0.017898 0.457784 0.888883
vn  0.017898 0.457784 0.888883
vn  0.079162 -0.261774 0.961877
vn  0.079162 -0.261774 0.961877
vn  0.079162 -0.261774 0.961877
vn  0.079162 -0.261774 0.961877
vn  -0.264173 -0.957535 0.115494
vn  -0.264173 -0.957535 0.115494
vn  -0.264173 -0.957535 0.115494
vn  -0.264173 -0.957535 0.115494
vn  -0.108990 -0.574319 -0.811344
vn  -0.108990 -0.574319 -0.811344
vn  -0.108990 -0.574319 -0.811344
vn  -0.108990 -0.574319 -0.811344
vn  -0.065801 0.005921 -0.997815
vn  -0.065801 0.005921 -0.997815
vn  -0.065801 0.005921 -0.997815
vn  -0.065801 0.005921 -0.997815
vn  -0.160219 0.783325 -0.600610
vn  -0.160219 0.783325 -0.600610
vn  -0.160219 0.783325 -0.600610
vn  -0.160219 0.783325 -0.600610
vn  -0.083883 0.994750 0.058615
vn  -0.083883 0.994750 0.058615
vn  -0.083883 0.994750 0.058615
vn  -0.083883 0.994750 0.058615
vn  -0.203394 0.391383 0.897469
vn  -0.203394 0.391383 0.897469
vn  -0.203394 0.391383 0.897469
vn  -0.203394 0.391383 0.897469
vn  -0.117207 -0.142629 0.982812
vn  -0.117207 -0.142629 0.982812
vn  -0.117207 -0.142629 0.982812
vn  -0.117207 -0.142629 0.982812
vn  0.030984 -0.990777 0.131910
vn  0.030984 -0.990777 0.131910
vn  0.030984 -0.990777 0.131910
vn  0.030984 -0.990777 0.131910
vn  0.177054 -0.669965 -0.720971
vn  0.177054 -0.669965 -0.720971
vn  0.177054 -0.669965 -0.720971
vn  0.177054 -0.669965 -0.720971
vn  0.181708 0.023596 -0.983069
vn  0.181708 0.023596 -0.983069
vn  0.181708 0.023596 -0.983069
vn  0.181708 0.023596 -0.983069
vn  0.120893 0.807941 -0.576729
vn  0.120893 0.807941 -0.576729
vn  0.120893 0.807941 -0.576729
vn  0.120893 0.807941 -0.576729
vn  0.007425 0.999460 0.032025
vn  0.007425 0.999460 0.032025
vn  0.007425 0.999460 0.032025
vn  0.007425 0.999460 0.032025
vn  -0.197354 0.440969 0.875556
vn  -0.197354 0.440969 0.875556
vn  -0.197354 0.440969 0.875556
vn  -0.197354 0.440969 0.875556
vn  -0.205498 -0.250652 0.946015
vn  -0.205498 -0.250652 0.946015
vn  -0.205498 -0.250652 0.946015
vn  -0.205498 -0.250652 0.946015
vn  0.152684 -0.976656 0.151099
vn  0.267917 -0.764867 -0.585832
vn  -0.093360 0.441545 0.892369
vn  -0.063416 -0.446086 0.892740
vn  -0.023572 -0.983414 0.179837
vn  -0.023572 -0.983414 0.179837
vn  -0.023572 -0.983414 0.179837
vn  0.103854 -0.944284 -0.312317
vn  0.103854 -0.944284 -0.312317
vn  0.103854 -0.944284 -0.312317
vn  0.103854 -0.944284 -0.312317
vn  0.248558 -0.092812 -0.964160
vn  0.248558 -0.092812 -0.964160
vn  0.248558 -0.092812 -0.964160
vn  0.248558 -0.092812 -0.964160
vn  0.238983 0.689859 -0.683361
vn  0.238983 0.689859 -0.683361
vn  0.238983 0.689859 -0.683361
vn  0.238983 0.689859 -0.683361
vn  0.100440 0.994235 0.037530
vn  0.100440 0.994235 0.037530
vn  0.100440 0.994235 0.037530
vn  0.100440 0.994235 0.037530
vn  -0.248264 0.547244 0.799305
vn  -0.248264 0.547244 0.799305
vn  -0.248264 0.547244 0.799305
vn  0.187517 -0.098262 -0.977334
vn  0.187517 -0.098262 -0.977334
vn  0.187517 -0.098262 -0.977334
vn  0.246559 0.698234 -0.672070
vn  0.246559 0.698234 -0.672070
vn  0.246559 0.698234 -0.672070
vn  0.246559 0.698234 -0.672070
vn  0.117113 0.989881 0.080129
vn  0.117113 0.989881 0.080129
vn  0.117113 0.989881 0.080129
vn  0.908998 -0.415120 0.037393
vn  0.908998 -0.415120 0.037393
vn  0.908998 -0.415120 0.037393
vn  0.693787 -0.673189 0.255883
vn  0.693787 -0.673189 0.255883
vn  0.693787 -0.673189 0.255883
vn  0.693787 -0.673189 0.255883
vn  -0.010652 -0.260002 -0.965549
vn  -0.010652 -0.260002 -0.965549
vn  -0.010652 -0.260002 -0.965549
vn  0.402903 -0.106946 0.908973
vn  0.402903 -0.106946 0.908973
vn  0.402903 -0.106946 0.908973
vn  0.402903 -0.106946 0.908973
vn  0.696000 0.498316 0.516977
vn  0.695924 0.498508 0.516895
vn  0.695012 0.500776 0.515928
vn  -0.010266 -0.984125 0.177179
vn  -0.010266 -0.984125 0.177179
vn  -0.010266 -0.984125 0.177179
vn  0.121440 -0.887156 -0.445203
vn  0.121440 -0.887156 -0.445203
vn  0.121440 -0.887157 -0.445203
vn  0.121440 -0.887157 -0.445203
vn  0.260845 -0.049239 -0.964124
vn  0.260845 -0.049239 -0.964124
vn  0.260845 -0.049239 -0.964124
vn  0.260845 -0.049239 -0.964124
vn  0.235855 0.719285 -0.653454
vn  0.235855 0.719285 -0.653454
vn  0.235855 0.719285 -0.653454
vn  0.235855 0.719285 -0.653454
vn  0.102442 0.994324 0.028724
vn  0.102442 0.994324 0.028724
vn  0.102442 0.994324 0.028724
vn  0.102442 0.994324 0.028724
vn  -0.168449 0.485389 0.857918
vn  -0.168449 0.485389 0.857918
vn  -0.168449 0.485389 0.857918
vn  -0.168449 0.485389 0.857918
vn  -0.198828 -0.539393 0.818244
vn  -0.198828 -0.539393 0.818244
vn  -0.198828 -0.539393 0.818244
vn  0.989744 -0.060039 -0.129624
vn  0.386371 -0.102640 -0.916615
vn  -0.984808 -0.167749 0.044866
vn  -0.984808 -0.167749 0.044866
vn  -0.984808 -0.167749 0.044866
vn  0.867704 -0.348122 0.354826
vn  0.867704 -0.348122 0.354826
vn  0.867704 -0.348122 0.354826
vn  0.867704 -0.348122 0.354826
vn  -0.380295 -0.232374 -0.895197
vn  -0.380272 -0.232339 -0.895216
vn  -0.380392 -0.232513 -0.895120
vn  -0.380295 -0.232374 -0.895197
vn  0.177069 -0.286146 -0.941683
vn  0.176956 -0.286037 -0.941738
vn  0.177069 -0.286147 -0.941683
vn  0.248810 -0.441209 -0.862223
vn  0.248810 -0.441209 -0.862223
vn  0.248810 -0.441209 -0.862223
vn  0.248810 -0.441209 -0.862223
vn  0.267083 0.644980 0.716008
vn  0.266040 0.645630 0.715810
vn  0.266512 0.645336 0.715900
vn  0.101539 0.614138 0.782639
vn  0.101539 0.614138 0.782639
vn  0.101529 0.614138 0.782640
vn  0.932886 -0.028495 0.359043
vn  0.933156 -0.027308 0.358433
vn  0.932886 -0.028495 0.359043
vn  0.919899 0.156327 0.359650
vn  0.919899 0.156327 0.359650
vn  0.919899 0.156327 0.359650
vn  0.396443 -0.458883 -0.795147
vn  0.396443 -0.458883 -0.795147
vn  0.396443 -0.458883 -0.795147
vn  0.396443 -0.458883 -0.795147
vn  0.352553 -0.357889 -0.864651
vn  0.352263 -0.357128 -0.865084
vn  0.351584 -0.355349 -0.866093
vn  0.352553 -0.357889 -0.864651
vn  0.074625 0.280896 0.956833
vn  0.074625 0.280896 0.956833
vn  0.074625 0.280896 0.956833
vn  -0.079684 0.207657 0.974951
vn  -0.079684 0.207657 0.974951
vn  -0.079684 0.207657 0.974951
vn  -0.079684 0.207657 0.974951
vn  0.199868 -0.837372 0.508784
vn  0.199868 -0.837372 0.508784
vn  0.199868 -0.837372 0.508784
vn  0.237037 0.288949 0.927535
vn  0.237037 0.288949 0.927535
vn  0.237037 0.288949 0.927535
vn  0.237037 0.288949 0.927535
vn  0.317349 -0.581275 0.749272
vn  0.440267 0.047091 0.896631
vn  0.923472 -0.130919 0.360637
vn  0.917670 -0.189991 0.348978
vn  0.917670 -0.189991 0.348978
vn  0.917670 -0.189991 0.348978
vn  0.983432 -0.160232 0.084774
vn  0.983432 -0.160232 0.084774
vn  0.983432 -0.160232 0.084774
vn  0.983432 -0.160232 0.084774
vn  0.417139 -0.129332 -0.899593
vn  0.417139 -0.129332 -0.899593
vn  0.417139 -0.129332 -0.899593
vn  0.417139 -0.129332 -0.899593
vn  0.199731 -0.123000 -0.972100
vn  0.199731 -0.123000 -0.972100
vn  0.199731 -0.123000 -0.972100
vn  0.199731 -0.123000 -0.972100
vn  0.876551 -0.168754 0.450756
vn  0.876551 -0.168754 0.450756
vn  0.876551 -0.168754 0.450756
vn  0.876551 -0.168754 0.450756
vn  0.889273 -0.282410 0.359775
vn  0.889273 -0.282410 0.359775
vn  0.889273 -0.282410 0.359775
vn  0.889273 -0.282410 0.359775
vn  0.387735 -0.151459 0.909242
vn  0.387735 -0.151459 0.909242
vn  0.387735 -0.151459 0.909242
vn  0.387735 -0.151459 0.909242
vn  0.955178 -0.202401 -0.216032
vn  0.955184 -0.202322 -0.216078
vn  0.955178 -0.202401 -0.216032
vn  0.985500 -0.097155 -0.139109
vn  0.985500 -0.097155 -0.139109
vn  0.985500 -0.097155 -0.139109
vn  0.985500 -0.097155 -0.139109
vn  0.569941 0.083240 0.817458
vn  0.569941 0.083240 0.817458
vn  0.569941 0.083240 0.817458
vn  0.910438 0.118970 0.396167
vn  0.910438 0.118970 0.396167
vn  0.910438 0.118970 0.396167
vn  0.910438 0.118970 0.396167
vn  0.237233 0.180113 -0.954610
vn  0.237233 0.180113 -0.954610
vn  0.237233 0.180113 -0.954610
vn  0.217270 0.080509 -0.972786
vn  0.217270 0.080509 -0.972786
vn  0.217270 0.080509 -0.972786
vn  0.600460 0.125067 0.789814
vn  0.600460 0.125067 0.789814
vn  0.600460 0.125067 0.789814
vn  0.032266 -0.054611 -0.997986
vn  0.032266 -0.054611 -0.997986
vn  0.032266 -0.054611 -0.997986
vn  0.032266 -0.054611 -0.997986
vn  0.192953 -0.080166 -0.977928
vn  0.192953 -0.080166 -0.977928
vn  0.192953 -0.080166 -0.977928
vn  0.192953 -0.080166 -0.977928
vn  0.507731 -0.008319 0.861476
vn  0.507731 -0.008319 0.861476
vn  0.507731 -0.008319 0.861476
vn  0.507731 -0.008319 0.861476
vn  0.982488 -0.127116 0.136234
vn  0.982488 -0.127116 0.136234
vn  0.982488 -0.127116 0.136234
vn  0.982488 -0.127116 0.136234
vn  0.960763 -0.276051 -0.027035
vn  0.960763 -0.276051 -0.027035
vn  0.960763 -0.276051 -0.027035
vn  0.960763 -0.276051 -0.027035
vn  0.181417 -0.252609 -0.950409
vn  0.181417 -0.252609 -0.950409
vn  0.181417 -0.252609 -0.950409
vn  0.181417 -0.252609 -0.950409
vn  0.847404 0.081232 0.524698
vn  0.847404 0.081232 0.524698
vn  0.847404 0.081232 0.524698
vn  0.467940 -0.321501 -0.823207
vn  0.467940 -0.321501 -0.823207
vn  0.467940 -0.321501 -0.823207
vn  0.467940 -0.321501 -0.823207
vn  0.453851 -0.121899 0.882700
vn  0.453851 -0.121899 0.882700
vn  0.453851 -0.121899 0.882700
vn  0.453851 -0.121899 0.882700
vn  0.938570 -0.336795 -0.075206
vn  0.938594 -0.336717 -0.075253
vn  0.939535 -0.333665 -0.077084
vn  -0.281402 -0.406277 -0.869340
vn  -0.281402 -0.406277 -0.869340
vn  -0.281402 -0.406277 -0.869340
vn  -0.281402 -0.406277 -0.869340
vn  0.216550 -0.445460 -0.868718
vn  0.216550 -0.445460 -0.868718
vn  0.216550 -0.445460 -0.868718
vn  0.216550 -0.445460 -0.868718
vn  0.960826 -0.225038 0.161779
vn  0.960864 -0.224919 0.161713
vn  0.960826 -0.225038 0.161779
vn  0.400297 -0.457039 -0.794278
vn  0.400297 -0.457039 -0.794278
vn  0.400297 -0.457039 -0.794278
vn  0.400297 -0.457039 -0.794278
vn  0.972972 -0.161567 -0.164993
vn  0.972972 -0.161567 -0.164993
vn  0.972972 -0.161567 -0.164993
vn  0.972972 -0.161567 -0.164993
vn  0.958497 0.060114 0.278693
vn  0.958497 0.060114 0.278693
vn  0.958497 0.060114 0.278693
vn  0.958497 0.060114 0.278693
vn  0.979211 0.140117 -0.146675
vn  0.979211 0.140117 -0.146675
vn  0.979211 0.140117 -0.146675
vn  0.979211 0.140117 -0.146675
vn  0.285855 -0.149552 -0.946531
vn  0.285855 -0.149552 -0.946531
vn  0.285855 -0.149552 -0.946531
vn  0.285855 -0.149552 -0.946531
vn  0.446720 -0.059522 -0.892692
vn  0.446720 -0.059522 -0.892692
vn  0.446720 -0.059522 -0.892692
vn  0.446720 -0.059522 -0.892692
vn  0.589551 0.336374 0.734358
vn  0.589551 0.336374 0.734358
vn  0.589551 0.336374 0.734358
vn  0.196853 0.619148 0.760200
vn  0.196841 0.619154 0.760199
vn  0.196853 0.619148 0.760200
vn  0.031498 0.599676 0.799623
vn  0.031498 0.599676 0.799623
vn  0.031498 0.599676 0.799623
vn  0.991555 0.083377 -0.099329
vn  0.991555 0.083377 -0.099329
vn  0.991555 0.083378 -0.099329
vn  0.357396 -0.312471 -0.880131
vn  0.357396 -0.312471 -0.880131
vn  0.357105 -0.311894 -0.880453
vn  0.401176 -0.463563 -0.790042
vn  0.401176 -0.463563 -0.790042
vn  0.401176 -0.463563 -0.790042
vn  -0.416616 -0.194050 -0.888131
vn  -0.305840 -0.056912 0.950381
vn  -0.981331 -0.178155 0.072457
vn  0.036863 -0.973810 0.224353
vn  0.036863 -0.973811 0.224353
vn  0.036863 -0.973811 0.224353
vn  0.036863 -0.973810 0.224353
vn  0.015503 -0.643851 -0.764993
vn  0.015503 -0.643851 -0.764993
vn  0.015503 -0.643851 -0.764993
vn  0.015503 -0.643852 -0.764993
vn  -0.029425 0.086800 -0.995791
vn  -0.029425 0.086800 -0.995791
vn  -0.029425 0.086800 -0.995791
vn  -0.029425 0.086800 -0.995791
vn  -0.033034 0.801347 -0.597287
vn  -0.033034 0.801347 -0.597287
vn  -0.033034 0.801347 -0.597287
vn  -0.033034 0.801347 -0.597287
vn  -0.058168 0.990853 0.121766
vn  -0.058168 0.990853 0.121766
vn  -0.058168 0.990853 0.121766
vn  -0.058168 0.990853 0.121766
vn  0.020731 0.433145 0.901086
vn  0.020731 0.433145 0.901086
vn  0.020731 0.433145 0.901086
vn  0.020731 0.433145 0.901086
vn  0.077646 -0.221399 0.972087
vn  0.077646 -0.221399 0.972087
vn  0.077646 -0.221399 0.972087
vn  0.077646 -0.221399 0.972087
vn  -0.204550 -0.408295 -0.889637
vn  -0.204550 -0.408295 -0.889637
vn  -0.204550 -0.408295 -0.889637
vn  -0.204550 -0.408295 -0.889637
vn  0.220620 0.039171 0.974573
vn  0.220620 0.039171 0.974573
vn  0.220620 0.039171 0.974573
vn  0.197383 -0.008887 0.980286
vn  0.197383 -0.008887 0.980286
vn  0.197383 -0.008887 0.980286
vn  0.197383 -0.008887 0.980286
vn  0.215246 -0.079545 -0.973315
vn  0.215246 -0.079545 -0.973315
vn  0.215246 -0.079545 -0.973315
vn  0.215246 -0.079545 -0.973315
vn  0.003508 0.049554 0.998765
vn  0.003508 0.049554 0.998765
vn  0.003508 0.049554 0.998765
vn  0.003508 0.049554 0.998765
vn  -0.538107 0.526262 -0.658399
vn  -0.538106 0.526262 -0.658399
vn  -0.538107 0.526262 -0.658399
vn  -0.538106 0.526262 -0.658399
vn  -0.523784 0.790823 0.316621
vn  -0.523784 0.790823 0.316621
vn  -0.523784 0.790823 0.316621
vn  -0.814123 0.579617 -0.035323
vn  -0.814123 0.579617 -0.035323
vn  -0.814123 0.579617 -0.035323
vn  0.751894 0.529334 0.393015
vn  0.751894 0.529334 0.393015
vn  0.751894 0.529334 0.393015
vn  0.983883 0.178791 -0.002667
vn  0.983883 0.178791 -0.002667
vn  0.983883 0.178791 -0.002667
vn  0.983883 0.178791 -0.002667
vn  0.609394 0.522607 -0.596256
vn  0.609394 0.522607 -0.596256
vn  0.609394 0.522607 -0.596256
vn  0.609394 0.522607 -0.596256
vn  -0.671604 0.103025 -0.733713
vn  -0.671604 0.103025 -0.733713
vn  -0.671604 0.103025 -0.733713
vn  -0.671604 0.103025 -0.733713
vn  0.975483 0.218093 0.029482
vn  0.975483 0.218093 0.029482
vn  0.975483 0.218093 0.029482
vn  0.612587 0.126567 -0.780203
vn  0.612587 0.126567 -0.780203
vn  0.612587 0.126567 -0.780203
vn  -0.397847 0.842594 0.362978
vn  -0.397847 0.842594 0.362978
vn  -0.397847 0.842594 0.362978
vn  0.993986 0.057986 0.092897
vn  0.993986 0.057986 0.092897
vn  0.993986 0.057986 0.092897
vn  -0.299435 0.950380 0.084363
vn  -0.299435 0.950380 0.084363
vn  -0.299435 0.950380 0.084363
vn  -0.299435 0.950380 0.084363
vn  0.253002 0.955070 0.154374
vn  0.253002 0.955070 0.154374
vn  0.253002 0.955070 0.154374
vn  0.253002 0.955070 0.154374
vn  -0.930872 0.360816 0.057347
vn  -0.930872 0.360816 0.057347
vn  -0.930872 0.360816 0.057347
vn  -0.930872 0.360816 0.057347
vn  0.980161 0.141630 0.138655
vn  0.980161 0.141630 0.138655
vn  0.980161 0.141630 0.138655
vn  0.980161 0.141630 0.138655
vn  -0.433966 0.696961 0.570893
vn  -0.433967 0.696961 0.570893
vn  -0.433967 0.696961 0.570893
vn  0.118088 0.731312 0.671743
vn  0.118088 0.731312 0.671743
vn  0.118088 0.731312 0.671743
vn  0.118088 0.731312 0.671743
vn  -0.778833 0.268512 0.566852
vn  -0.778833 0.268512 0.566852
vn  -0.778833 0.268512 0.566852
vn  -0.778833 0.268512 0.566852
vn  0.724892 0.116686 0.678908
vn  0.724892 0.116686 0.678908
vn  0.724892 0.116686 0.678908
vn  0.724892 0.116686 0.678908
vn  -0.134602 0.169668 0.976266
vn  -0.134602 0.169668 0.976266
vn  -0.134602 0.169667 0.976266
vn  -0.134602 0.169667 0.976266
vn  -0.639557 -0.043099 -0.767534
vn  -0.639557 -0.043099 -0.767534
vn  -0.639557 -0.043099 -0.767534
vn  -0.639558 -0.043099 -0.767534
vn  -0.944655 -0.131450 -0.300580
vn  -0.944655 -0.131450 -0.300580
vn  -0.944655 -0.131450 -0.300580
vn  -0.944655 -0.131450 -0.300580
vn  0.987305 -0.154430 0.037143
vn  0.557329 -0.049924 -0.828789
vn  -0.920816 -0.344947 -0.181959
vn  -0.920816 -0.344947 -0.181959
vn  -0.920816 -0.344947 -0.181959
vn  -0.920816 -0.344947 -0.181959
vn  0.995254 -0.043745 0.086925
vn  0.995254 -0.043745 0.086925
vn  0.995254 -0.043745 0.086925
vn  0.995254 -0.043745 0.086925
vn  0.981056 -0.188165 0.046085
vn  0.981056 -0.188165 0.046085
vn  0.981056 -0.188165 0.046085
vn  0.981056 -0.188165 0.046085
vn  -0.777418 -0.296808 0.554551
vn  -0.777418 -0.296808 0.554551
vn  -0.777418 -0.296808 0.554551
vn  -0.777418 -0.296808 0.554551
vn  0.693790 -0.326606 0.641860
vn  0.693790 -0.326606 0.641860
vn  0.693790 -0.326606 0.641860
vn  0.693790 -0.326606 0.641860
vn  -0.096876 -0.469137 0.877796
vn  -0.096876 -0.469137 0.877796
vn  -0.096876 -0.469137 0.877796
vn  -0.096876 -0.469137 0.877796
vn  0.007387 -0.999787 -0.019295
vn  0.007387 -0.999787 -0.019295
vn  0.007387 -0.999787 -0.019295
vn  0.007387 -0.999787 -0.019295
vn  -0.017593 -0.998163 0.057982
vn  -0.017593 -0.998163 0.057982
vn  -0.017593 -0.998163 0.057983
vn  -0.017593 -0.998163 0.057982
vn  0.004810 -0.999433 -0.033334
vn  0.004810 -0.999433 -0.033334
vn  0.004810 -0.999433 -0.033334
vn  0.004810 -0.999433 -0.033334
vn  -0.960414 -0.278048 0.017150
vn  -0.960414 -0.278048 0.017150
vn  -0.960414 -0.278048 0.017150
vn  -0.960414 -0.278048 0.017150
vn  -0.010844 -0.998872 0.046239
vn  -0.010844 -0.998872 0.046239
vn  -0.010844 -0.998872 0.046239
vn  -0.010844 -0.998872 0.046239
vn  -0.940551 0.095525 -0.325944
vn  -0.940551 0.095525 -0.325944
vn  -0.940551 0.095525 -0.325944
vn  -0.940551 0.095525 -0.325944
vn  -0.976165 0.099718 -0.192766
vn  -0.976165 0.099718 -0.192766
vn  -0.976165 0.099718 -0.192766
vn  -0.976165 0.099718 -0.192766
vn  0.995683 0.090985 0.018368
vn  0.995683 0.090985 0.018368
vn  0.995683 0.090985 0.018368
vn  -0.585140 0.157789 -0.795433
vn  -0.585140 0.157789 -0.795433
vn  -0.585140 0.157789 -0.795433
vn  -0.585140 0.157789 -0.795433
vn  0.659460 0.093575 -0.745893
vn  0.659460 0.093575 -0.745893
vn  0.659460 0.093575 -0.745893
vn  -0.593145 -0.018146 -0.804891
vn  -0.593145 -0.018146 -0.804891
vn  -0.593145 -0.018146 -0.804891
vn  -0.593145 -0.018146 -0.804891
vn  0.498775 -0.248525 -0.830337
vn  0.498775 -0.248525 -0.830337
vn  0.498775 -0.248525 -0.830337
vn  0.498775 -0.248525 -0.830337
vn  0.990867 0.117595 -0.065987
vn  0.990867 0.117595 -0.065987
vn  0.990867 0.117595 -0.065987
vn  0.976451 -0.201842 -0.076179
vn  0.976451 -0.201842 -0.076179
vn  0.976451 -0.201842 -0.076179
vn  -0.914243 0.403701 -0.034445
vn  -0.914243 0.403701 -0.034445
vn  -0.914243 0.403701 -0.034445
vn  -0.914243 0.403701 -0.034445
vn  -0.433723 0.889387 0.144484
vn  -0.433723 0.889387 0.144484
vn  -0.433723 0.889387 0.144484
vn  -0.433723 0.889387 0.144484
vn  0.297791 0.941777 0.156132
vn  0.297791 0.941777 0.156132
vn  0.297791 0.941777 0.156132
vn  0.297791 0.941777 0.156132
vn  -0.955208 0.159243 -0.249439
vn  -0.955208 0.159243 -0.249439
vn  -0.955208 0.159243 -0.249439
vn  -0.955208 0.159243 -0.249439
vn  0.984593 0.080576 -0.155193
vn  0.984593 0.080576 -0.155193
vn  0.984593 0.080576 -0.155193
vn  0.984593 0.080576 -0.155193
vn  -0.258044 -0.407424 0.876024
vn  -0.258044 -0.407424 0.876024
vn  -0.258044 -0.407424 0.876024
vn  -0.258044 -0.407424 0.876024
vn  -0.015301 0.694619 -0.719215
vn  -0.015301 0.694619 -0.719215
vn  -0.015301 0.694619 -0.719215
vn  -0.015301 0.694619 -0.719215
vn  0.006381 -0.414605 0.909979
vn  0.006381 -0.414605 0.909979
vn  0.006381 -0.414605 0.909979
vn  0.006381 -0.414605 0.909979
vn  0.268461 0.667648 -0.694388
vn  0.268461 0.667648 -0.694388
vn  0.268461 0.667648 -0.694388
vn  0.268461 0.667648 -0.694388
vn  -0.105240 0.535108 -0.838203
vn  -0.105240 0.535108 -0.838203
vn  -0.105240 0.535108 -0.838203
vn  -0.105240 0.535108 -0.838203
vn  -0.306272 -0.512238 0.802378
vn  -0.306272 -0.512238 0.802378
vn  -0.306272 -0.512238 0.802378
vn  -0.306272 -0.512238 0.802378
vn  0.130152 -0.952228 -0.276265
vn  0.130152 -0.952228 -0.276265
vn  0.130152 -0.952228 -0.276265
vn  0.130152 -0.952228 -0.276265
vn  0.043114 -0.460371 0.886679
vn  0.043114 -0.460372 0.886679
vn  0.043114 -0.460371 0.886679
vn  0.043114 -0.460372 0.886679
vn  0.435906 0.414716 -0.798747
vn  0.435906 0.414716 -0.798747
vn  0.435906 0.414716 -0.798747
vn  0.435906 0.414716 -0.798747
vn  0.160515 -0.959545 -0.231320
vn  0.160515 -0.959545 -0.231320
vn  0.160515 -0.959545 -0.231320
vn  0.160515 -0.959545 -0.231320
vn  -0.433723 0.841652 0.321724
vn  -0.433723 0.841652 0.321724
vn  -0.433723 0.841652 0.321724
vn  -0.955208 0.206488 -0.211992
vn  -0.955208 0.206489 -0.211992
vn  -0.955208 0.206488 -0.211992
vn  -0.955208 0.206489 -0.211992
vn  -0.258045 -0.576500 0.775281
vn  -0.258045 -0.576500 0.775281
vn  -0.258045 -0.576500 0.775281
vn  -0.258045 -0.576500 0.775281
vn  0.006380 -0.590413 0.807076
vn  0.006380 -0.590413 0.807076
vn  0.006380 -0.590413 0.807076
vn  0.006380 -0.590413 0.807076
vn  -0.306272 -0.664213 0.681922
vn  -0.306272 -0.664213 0.681922
vn  -0.306272 -0.664213 0.681922
vn  -0.306272 -0.664213 0.681922
vn  0.130152 -0.876484 -0.463505
vn  0.130152 -0.876484 -0.463505
vn  0.130152 -0.876484 -0.463505
vn  0.130152 -0.876484 -0.463505
vn  0.043114 -0.630508 0.774985
vn  0.043114 -0.630508 0.774985
vn  0.043114 -0.630508 0.774985
vn  0.043114 -0.630508 0.774985
vn  0.925845 -0.299227 -0.230813
vn  0.583035 -0.266212 0.767595
vn  0.313579 -0.209015 -0.926273
vn  -0.268923 -0.286558 0.919546
vn  -0.916569 -0.399740 0.010398
vn  -0.317714 -0.242476 -0.916659
vn  0.602372 0.211742 -0.769619
vn  0.602372 0.211742 -0.769619
vn  0.602372 0.211742 -0.769619
vn  0.602372 0.211742 -0.769619
vn  0.701795 0.386071 0.598692
vn  0.701795 0.386071 0.598692
vn  0.701795 0.386071 0.598692
vn  0.970857 0.230416 -0.065912
vn  0.970857 0.230416 -0.065912
vn  0.970857 0.230416 -0.065912
vn  0.970857 0.230416 -0.065912
vn  -0.778038 0.291372 0.556560
vn  -0.778038 0.291372 0.556560
vn  -0.778038 0.291372 0.556560
vn  -0.992449 0.122643 -0.001856
vn  -0.992449 0.122643 -0.001856
vn  -0.992449 0.122643 -0.001856
vn  -0.992449 0.122643 -0.001856
vn  -0.608663 0.297510 -0.735539
vn  -0.608663 0.297510 -0.735539
vn  -0.608663 0.297510 -0.735539
vn  -0.608663 0.297510 -0.735539
vn  0.671604 0.103023 -0.733713
vn  0.671604 0.103023 -0.733713
vn  0.671604 0.103023 -0.733713
vn  0.671604 0.103023 -0.733713
vn  0.980322 0.166033 -0.106780
vn  0.980322 0.166033 -0.106780
vn  0.980322 0.166033 -0.106780
vn  -0.975482 0.218095 0.029482
vn  -0.975482 0.218095 0.029482
vn  -0.975482 0.218095 0.029482
vn  -0.975482 0.218095 0.029482
vn  -0.291959 0.880674 0.373060
vn  -0.291959 0.880674 0.373060
vn  -0.291959 0.880674 0.373060
vn  -0.993986 0.057989 0.092897
vn  -0.993986 0.057989 0.092897
vn  -0.993986 0.057989 0.092897
vn  -0.993986 0.057989 0.092897
vn  0.299437 0.950379 0.084363
vn  0.299437 0.950379 0.084363
vn  0.299437 0.950379 0.084363
vn  0.299437 0.950379 0.084363
vn  -0.253000 0.955070 0.154374
vn  -0.253000 0.955070 0.154374
vn  -0.253000 0.955070 0.154374
vn  -0.253000 0.955070 0.154374
vn  0.930873 0.360813 0.057347
vn  0.930873 0.360813 0.057347
vn  0.930873 0.360813 0.057347
vn  0.930873 0.360813 0.057347
vn  -0.980161 0.141633 0.138655
vn  -0.980161 0.141633 0.138655
vn  -0.980161 0.141633 0.138655
vn  -0.980161 0.141633 0.138655
vn  0.433968 0.696959 0.570893
vn  0.433968 0.696959 0.570893
vn  0.433968 0.696959 0.570893
vn  -0.118086 0.731312 0.671743
vn  -0.118086 0.731312 0.671743
vn  -0.118086 0.731312 0.671743
vn  -0.118086 0.731312 0.671743
vn  0.778834 0.268509 0.566852
vn  0.778834 0.268509 0.566852
vn  0.778834 0.268510 0.566852
vn  0.778834 0.268509 0.566852
vn  -0.724892 0.116688 0.678908
vn  -0.724892 0.116688 0.678908
vn  -0.724892 0.116688 0.678908
vn  -0.724892 0.116688 0.678908
vn  0.134602 0.169667 0.976266
vn  0.134602 0.169667 0.976266
vn  0.134602 0.169667 0.976266
vn  0.134602 0.169667 0.976266
vn  0.639557 -0.043101 -0.767534
vn  0.639557 -0.043101 -0.767534
vn  0.639557 -0.043101 -0.767534
vn  0.639557 -0.043101 -0.767534
vn  0.944654 -0.131453 -0.300580
vn  0.944654 -0.131453 -0.300580
vn  0.944654 -0.131453 -0.300580
vn  0.944654 -0.131453 -0.300580
vn  -0.987306 -0.154427 0.037143
vn  -0.557329 -0.049923 -0.828789
vn  0.920815 -0.344949 -0.181959
vn  0.920815 -0.344949 -0.181959
vn  0.920815 -0.344949 -0.181959
vn  0.920815 -0.344949 -0.181959
vn  -0.995254 -0.043742 0.086925
vn  -0.995254 -0.043742 0.086925
vn  -0.995254 -0.043742 0.086925
vn  -0.995254 -0.043742 0.086925
vn  -0.981056 -0.188162 0.046085
vn  -0.981056 -0.188162 0.046085
vn  -0.981056 -0.188162 0.046085
vn  -0.981056 -0.188162 0.046085
vn  0.777417 -0.296810 0.554551
vn  0.777417 -0.296810 0.554551
vn  0.777417 -0.296810 0.554551
vn  0.777417 -0.296810 0.554551
vn  -0.693791 -0.326604 0.641860
vn  -0.693791 -0.326604 0.641860
vn  -0.693791 -0.326604 0.641860
vn  -0.693791 -0.326604 0.641860
vn  0.096875 -0.469137 0.877796
vn  0.096875 -0.469137 0.877796
vn  0.096875 -0.469137 0.877796
vn  0.096875 -0.469137 0.877796
vn  -0.007390 -0.999787 -0.019295
vn  -0.007390 -0.999787 -0.019295
vn  -0.007390 -0.999787 -0.019295
vn  -0.007390 -0.999787 -0.019295
vn  0.017590 -0.998163 0.057983
vn  0.017590 -0.998163 0.057983
vn  0.017590 -0.998163 0.057983
vn  0.017590 -0.998163 0.057983
vn  -0.004812 -0.999433 -0.033334
vn  -0.004812 -0.999433 -0.033334
vn  -0.004812 -0.999433 -0.033334
vn  -0.004812 -0.999433 -0.033334
vn  0.960413 -0.278050 0.017150
vn  0.960413 -0.278050 0.017150
vn  0.960414 -0.278050 0.017150
vn  0.960413 -0.278050 0.017150
vn  0.010841 -0.998872 0.046239
vn  0.010841 -0.998872 0.046239
vn  0.010841 -0.998872 0.046239
vn  0.010841 -0.998872 0.046239
vn  0.940551 0.095522 -0.325944
vn  0.940551 0.095522 -0.325944
vn  0.940551 0.095522 -0.325944
vn  0.976165 0.099715 -0.192766
vn  0.976165 0.099715 -0.192766
vn  0.976165 0.099715 -0.192766
vn  -0.984582 0.131225 0.115669
vn  -0.984582 0.131225 0.115669
vn  -0.984582 0.131225 0.115669
vn  0.585140 0.157787 -0.795433
vn  0.585140 0.157787 -0.795433
vn  0.585140 0.157787 -0.795433
vn  0.585140 0.157787 -0.795433
vn  -0.659459 0.093577 -0.745893
vn  -0.659459 0.093577 -0.745893
vn  -0.659459 0.093577 -0.745893
vn  -0.659459 0.093577 -0.745893
vn  0.593145 -0.018148 -0.804891
vn  0.593145 -0.018148 -0.804891
vn  0.593145 -0.018148 -0.804891
vn  0.593145 -0.018148 -0.804891
vn  -0.498775 -0.248524 -0.830337
vn  -0.498775 -0.248524 -0.830337
vn  -0.498775 -0.248524 -0.830337
vn  -0.498775 -0.248524 -0.830337
vn  -0.990867 0.117598 -0.065987
vn  -0.990867 0.117598 -0.065987
vn  -0.990867 0.117598 -0.065987
vn  -0.976452 -0.201839 -0.076179
vn  -0.976452 -0.201839 -0.076179
vn  -0.976452 -0.201839 -0.076179
vn  0.914244 0.403698 -0.034445
vn  0.914244 0.403698 -0.034445
vn  0.914244 0.403698 -0.034445
vn  0.433725 0.889386 0.144484
vn  0.433725 0.889386 0.144484
vn  0.433725 0.889386 0.144484
vn  0.433725 0.889386 0.144484
vn  -0.297788 0.941778 0.156132
vn  -0.297788 0.941778 0.156132
vn  -0.297788 0.941778 0.156132
vn  -0.297788 0.941778 0.156132
vn  0.955208 0.159241 -0.249439
vn  0.955208 0.159241 -0.249439
vn  0.955208 0.159241 -0.249439
vn  0.955208 0.159241 -0.249439
vn  -0.984592 0.080579 -0.155193
vn  -0.984592 0.080579 -0.155193
vn  -0.984592 0.080579 -0.155193
vn  -0.984592 0.080579 -0.155193
vn  0.258043 -0.407425 0.876024
vn  0.258043 -0.407425 0.876024
vn  0.258043 -0.407425 0.876024
vn  0.258043 -0.407425 0.876024
vn  0.015303 0.694619 -0.719215
vn  0.015303 0.694619 -0.719215
vn  0.015303 0.694619 -0.719215
vn  0.015303 0.694619 -0.719215
vn  -0.006382 -0.414605 0.909979
vn  -0.006382 -0.414605 0.909979
vn  -0.006382 -0.414605 0.909979
vn  -0.006382 -0.414605 0.909979
vn  -0.268459 0.667649 -0.694388
vn  -0.268459 0.667649 -0.694388
vn  -0.268459 0.667649 -0.694388
vn  -0.268459 0.667649 -0.694388
vn  0.105242 0.535108 -0.838203
vn  0.105242 0.535108 -0.838203
vn  0.105242 0.535108 -0.838203
vn  0.105242 0.535108 -0.838203
vn  0.306270 -0.512238 0.802378
vn  0.306270 -0.512238 0.802378
vn  0.306270 -0.512238 0.802378
vn  0.306270 -0.512238 0.802378
vn  -0.130154 -0.952228 -0.276265
vn  -0.130154 -0.952228 -0.276265
vn  -0.130154 -0.952228 -0.276265
vn  -0.130154 -0.952228 -0.276265
vn  -0.043116 -0.460371 0.886679
vn  -0.043116 -0.460371 0.886679
vn  -0.043116 -0.460371 0.886679
vn  -0.043116 -0.460371 0.886679
vn  -0.435905 0.414717 -0.798747
vn  -0.435905 0.414717 -0.798747
vn  -0.435905 0.414717 -0.798747
vn  -0.435905 0.414717 -0.798747
vn  -0.160518 -0.959544 -0.231320
vn  -0.160518 -0.959544 -0.231320
vn  -0.160518 -0.959544 -0.231320
vn  -0.160518 -0.959544 -0.231320
vn  -0.297788 0.890596 0.343747
vn  -0.297788 0.890596 0.343747
vn  -0.297788 0.890596 0.343747
vn  0.955208 0.206486 -0.211992
vn  0.955208 0.206486 -0.211992
vn  0.955208 0.206486 -0.211992
vn  -0.984593 0.110357 -0.135642
vn  -0.984593 0.110357 -0.135642
vn  -0.984593 0.110357 -0.135642
vn  0.258043 -0.576501 0.775281
vn  0.258043 -0.576501 0.775281
vn  0.258043 -0.576501 0.775281
vn  0.258043 -0.576501 0.775281
vn  -0.006382 -0.590413 0.807076
vn  -0.006382 -0.590413 0.807076
vn  -0.006382 -0.590413 0.807076
vn  -0.006382 -0.590413 0.807076
vn  0.306270 -0.664214 0.681922
vn  0.306270 -0.664214 0.681922
vn  0.306270 -0.664214 0.681922
vn  0.306270 -0.664214 0.681922
vn  -0.130154 -0.876484 -0.463505
vn  -0.130154 -0.876484 -0.463505
vn  -0.130154 -0.876484 -0.463505
vn  -0.043116 -0.630508 0.774985
vn  -0.043116 -0.630508 0.774985
vn  -0.043116 -0.630508 0.774985
vn  -0.043116 -0.630508 0.774985
vn  -0.160519 -0.892757 -0.420974
vn  -0.160519 -0.892757 -0.420974
vn  -0.160519 -0.892757 -0.420974
vn  0.244600 0.936085 -0.252817
vn  0.244600 0.936085 -0.252817
vn  0.244600 0.936085 -0.252817
vn  0.361205 0.887429 0.286358
vn  0.361205 0.887429 0.286358
vn  0.361205 0.887429 0.286358
vn  0.437874 0.898842 -0.018698
vn  0.437874 0.898842 -0.018698
vn  0.437874 0.898842 -0.018698
vn  -0.575950 0.793199 0.197780
vn  -0.575950 0.793199 0.197780
vn  -0.575950 0.793199 0.197780
vn  -0.631255 0.774417 -0.042384
vn  -0.631255 0.774417 -0.042384
vn  -0.631255 0.774417 -0.042384
vn  -0.503423 0.822343 -0.265174
vn  -0.503423 0.822343 -0.265174
vn  -0.503423 0.822343 -0.265174
vn  -0.213854 0.073367 0.974107
vn  -0.213854 0.073367 0.974107
vn  -0.213854 0.073367 0.974107
vn  -0.497342 0.072610 0.864511
vn  -0.497342 0.072610 0.864511
vn  -0.497342 0.072610 0.864511
vn  -0.800871 0.275373 -0.531767
vn  -0.800871 0.275372 -0.531767
vn  -0.800870 0.275373 -0.531767
vn  -0.359802 0.439816 -0.822864
vn  -0.359802 0.439816 -0.822864
vn  -0.359802 0.439816 -0.822864
vn  0.234639 0.170404 -0.957030
vn  0.223817 0.172581 -0.959230
vn  0.253407 0.166563 -0.952913
vn  0.234711 0.170389 -0.957015
vn  0.236578 0.874054 -0.424335
vn  0.188920 0.881207 -0.433339
vn  0.171496 0.883281 -0.436352
vn  -0.359023 -0.932976 -0.025650
vn  -0.355790 -0.934242 -0.024613
vn  -0.281424 -0.959583 -0.001078
vn  -0.265635 -0.964066 0.003844
vn  -0.173379 -0.664722 -0.726694
vn  -0.176881 -0.661362 -0.728913
vn  -0.150296 -0.686284 -0.711635
vn  -0.149804 -0.686733 -0.711307
vn  -0.058172 0.232249 -0.970915
vn  -0.046207 0.234494 -0.971019
vn  -0.113724 0.221349 -0.968541
vn  -0.111987 0.221701 -0.968663
vn  0.046781 0.903749 -0.425498
vn  0.064449 0.903607 -0.423486
vn  -0.015430 0.901981 -0.431501
vn  -0.014379 0.902040 -0.431413
vn  -0.088971 0.922708 0.375093
vn  -0.096648 0.922242 0.374337
vn  -0.135282 0.919056 0.370183
vn  -0.133283 0.919255 0.370412
vn  -0.157023 0.299900 0.940959
vn  -0.150819 0.298224 0.942505
vn  -0.137592 0.294613 0.945659
vn  -0.137031 0.294459 0.945789
vn  -0.372435 -0.417785 0.828703
vn  -0.371499 -0.418091 0.828968
vn  -0.288741 -0.443068 0.848716
vn  -0.302246 -0.439274 0.845982
vn  -0.104154 -0.994089 0.030642
vn  -0.089277 -0.593892 -0.799576
vn  -0.046906 0.241200 -0.969341
vn  -0.091853 0.936275 -0.339046
vn  -0.119424 0.933157 0.339051
vn  -0.236887 0.368965 0.898749
vn  -0.166500 -0.437471 0.883684
vn  -0.103856 -0.944284 -0.312317
vn  -0.100438 0.994235 0.037530
vn  0.248266 0.547243 0.799305
vn  0.248266 0.547243 0.799305
vn  0.248266 0.547243 0.799305
vn  0.248266 0.547243 0.799305
vn  0.251473 -0.565799 0.785260
vn  0.251473 -0.565799 0.785260
vn  0.251473 -0.565799 0.785260
vn  0.015330 -0.972672 -0.231675
vn  0.015330 -0.972672 -0.231675
vn  0.015330 -0.972672 -0.231675
vn  -0.117110 0.989881 0.080129
vn  -0.117110 0.989881 0.080129
vn  -0.117110 0.989881 0.080129
vn  0.215873 0.588930 0.778820
vn  0.215873 0.588930 0.778820
vn  0.215873 0.588930 0.778820
vn  0.122273 -0.176180 -0.976734
vn  0.122273 -0.176180 -0.976734
vn  0.122273 -0.176180 -0.976734
vn  0.037760 0.778707 -0.626250
vn  0.037760 0.778707 -0.626250
vn  0.037760 0.778707 -0.626250
vn  0.546451 -0.284976 0.787515
vn  0.546451 -0.284976 0.787515
vn  0.546451 -0.284976 0.787515
vn  -0.260718 0.837777 0.479745
vn  -0.260718 0.837777 0.479745
vn  -0.260718 0.837777 0.479745
vn  -0.840166 -0.443941 0.311508
vn  -0.840166 -0.443941 0.311508
vn  -0.840166 -0.443941 0.311508
vn  -0.840166 -0.443941 0.311508
vn  0.046201 -0.341330 -0.938807
vn  0.046201 -0.341331 -0.938807
vn  0.046201 -0.341331 -0.938807
vn  0.046201 -0.341331 -0.938807
vn  -0.154867 0.861984 -0.482701
vn  -0.154867 0.861984 -0.482701
vn  -0.154867 0.861984 -0.482701
vn  -0.154867 0.861984 -0.482701
vn  -0.244253 0.678194 0.693104
vn  -0.244253 0.678194 0.693104
vn  -0.244253 0.678194 0.693104
vn  0.035516 -0.983228 -0.178889
vn  0.035516 -0.983228 -0.178889
vn  0.035516 -0.983228 -0.178889
vn  -0.251596 0.955548 0.153711
vn  -0.251596 0.955548 0.153711
vn  -0.251596 0.955548 0.153711
vn  0.146515 -0.461589 -0.874911
vn  0.146515 -0.461589 -0.874911
vn  0.146515 -0.461589 -0.874911
vn  0.146515 -0.461589 -0.874911
vn  -0.432488 0.821071 -0.372554
vn  -0.432488 0.821071 -0.372554
vn  -0.432488 0.821071 -0.372554
vn  -0.432488 0.821071 -0.372554
vn  -0.456712 0.878461 0.140431
vn  -0.456712 0.878461 0.140431
vn  -0.456712 0.878461 0.140431
vn  -0.456712 0.878461 0.140431
vn  0.212529 -0.973375 -0.085863
vn  0.212529 -0.973375 -0.085863
vn  0.212529 -0.973375 -0.085863
vn  0.212529 -0.973375 -0.085863
vn  -0.506949 0.841759 0.185593
vn  0.254476 -0.284982 0.924136
vn  0.254476 -0.284982 0.924136
vn  0.254476 -0.284982 0.924136
vn  0.457561 -0.838070 -0.297115
vn  0.457561 -0.838070 -0.297115
vn  0.457561 -0.838069 -0.297115
vn  -0.693789 -0.673187 0.255883
vn  -0.487274 0.860548 0.148392
vn  -0.487274 0.860548 0.148392
vn  -0.487274 0.860548 0.148392
vn  -0.535637 0.763375 -0.361043
vn  -0.535637 0.763375 -0.361043
vn  -0.535637 0.763375 -0.361043
vn  -0.535637 0.763375 -0.361043
vn  0.277872 -0.556419 -0.783061
vn  0.277872 -0.556419 -0.783061
vn  0.277872 -0.556419 -0.783061
vn  0.277872 -0.556419 -0.783061
vn  0.487743 -0.861248 0.142681
vn  0.487743 -0.861248 0.142681
vn  0.487743 -0.861248 0.142681
vn  0.487743 -0.861248 0.142681
vn  0.500990 -0.818677 -0.280672
vn  0.500990 -0.818677 -0.280672
vn  0.500990 -0.818677 -0.280672
vn  0.500990 -0.818677 -0.280672
vn  -0.823807 -0.534407 -0.189082
vn  -0.823807 -0.534407 -0.189082
vn  -0.823807 -0.534407 -0.189082
vn  -0.823807 -0.534407 -0.189082
vn  0.010652 -0.260002 -0.965549
vn  0.010652 -0.260002 -0.965549
vn  0.010652 -0.260002 -0.965549
vn  0.010652 -0.260002 -0.965549
vn  -0.302865 0.599255 0.741057
vn  -0.298219 0.603679 0.739349
vn  -0.302487 0.599616 0.740919
vn  -0.694220 0.502733 0.515090
vn  -0.386371 -0.102639 -0.916615
vn  0.293122 -0.129943 0.947203
vn  0.990379 -0.129099 0.049831
vn  0.992467 -0.117812 0.033612
vn  0.992467 -0.117812 0.033612
vn  0.992467 -0.117812 0.033612
vn  -0.935830 -0.333911 -0.112808
vn  -0.936690 -0.330861 -0.114644
vn  -0.942961 -0.306938 -0.128896
vn  0.380271 -0.232340 -0.895216
vn  0.389664 0.116868 0.913512
vn  0.389664 0.116868 0.913512
vn  0.389664 0.116869 0.913512
vn  0.389664 0.116868 0.913512
vn  -0.619624 -0.053929 0.783044
vn  -0.176956 -0.286036 -0.941738
vn  -0.177070 -0.286146 -0.941683
vn  -0.177070 -0.286146 -0.941683
vn  -0.176720 -0.285807 -0.941852
vn  -0.845206 -0.532131 -0.049638
vn  -0.846974 -0.529138 -0.051459
vn  -0.806496 -0.591107 -0.012512
vn  0.392982 -0.125176 -0.910986
vn  0.398540 -0.130719 -0.907788
vn  0.392812 -0.124997 -0.911085
vn  -0.266510 0.645337 0.715900
vn  -0.266038 0.645631 0.715810
vn  -0.267081 0.644980 0.716008
vn  -0.267066 0.644990 0.716006
vn  -0.101527 0.614139 0.782640
vn  -0.101537 0.614139 0.782639
vn  -0.101537 0.614139 0.782639
vn  -0.101147 0.614140 0.782689
vn  -0.235758 0.272354 -0.932867
vn  -0.235758 0.272354 -0.932867
vn  -0.235758 0.272354 -0.932867
vn  -0.235758 0.272354 -0.932867
vn  -0.183382 0.357652 -0.915673
vn  -0.183382 0.357652 -0.915673
vn  -0.183382 0.357652 -0.915673
vn  -0.183382 0.357652 -0.915673
vn  -0.556132 0.021953 0.830804
vn  -0.556132 0.021953 0.830804
vn  -0.556132 0.021953 0.830804
vn  -0.919898 0.156330 0.359650
vn  -0.919898 0.156330 0.359650
vn  -0.919898 0.156330 0.359650
vn  -0.919898 0.156329 0.359650
vn  -0.968924 0.246427 0.021460
vn  -0.968924 0.246427 0.021460
vn  -0.968924 0.246427 0.021460
vn  -0.968924 0.246427 0.021460
vn  -0.039657 -0.539328 -0.841161
vn  -0.039657 -0.539328 -0.841161
vn  -0.039657 -0.539328 -0.841161
vn  -0.039657 -0.539328 -0.841161
vn  -0.089443 -0.702483 -0.706058
vn  -0.085235 -0.704654 -0.704413
vn  -0.085268 -0.704636 -0.704427
vn  -0.352264 -0.357127 -0.865084
vn  -0.227020 -0.142397 -0.963424
vn  -0.204217 -0.126621 -0.970702
vn  -0.207015 -0.128557 -0.969855
vn  -0.227203 -0.142523 -0.963362
vn  0.121355 0.127931 -0.984331
vn  0.139355 0.127271 -0.982030
vn  0.132104 0.127542 -0.982996
vn  -0.370041 0.330327 0.868305
vn  -0.371464 0.333004 0.866674
vn  -0.367905 0.326320 0.870724
vn  -0.107096 0.212268 -0.971325
vn  -0.107096 0.212268 -0.971325
vn  -0.107096 0.212268 -0.971325
vn  -0.772879 0.268227 -0.575076
vn  -0.772879 0.268227 -0.575076
vn  -0.772879 0.268227 -0.575076
vn  -0.970267 0.223640 -0.092564
vn  -0.970267 0.223640 -0.092564
vn  -0.970267 0.223639 -0.092564
vn  -0.970267 0.223639 -0.092564
vn  0.244116 -0.130151 0.960973
vn  0.244116 -0.130150 0.960973
vn  0.244116 -0.130150 0.960973
vn  -0.231258 -0.359506 -0.904033
vn  -0.231258 -0.359506 -0.904033
vn  -0.231258 -0.359506 -0.904033
vn  -0.231258 -0.359506 -0.904033
vn  -0.283256 -0.227669 -0.931629
vn  -0.283256 -0.227669 -0.931629
vn  -0.283256 -0.227669 -0.931629
vn  -0.283256 -0.227669 -0.931629
vn  -0.770562 0.230158 -0.594358
vn  -0.770562 0.230159 -0.594358
vn  -0.770561 0.230159 -0.594358
vn  -0.770562 0.230159 -0.594358
vn  -0.504886 0.203647 0.838820
vn  -0.504886 0.203647 0.838820
vn  -0.504886 0.203646 0.838820
vn  -0.504886 0.203647 0.838820
vn  -0.699013 0.139088 0.701452
vn  -0.699013 0.139087 0.701452
vn  -0.699013 0.139087 0.701452
vn  -0.357611 -0.064590 0.931634
vn  -0.362929 -0.061529 0.929783
vn  -0.357611 -0.064590 0.931634
vn  -0.882229 -0.155636 -0.444352
vn  -0.882186 -0.155273 -0.444566
vn  -0.882229 -0.155636 -0.444352
vn  -0.946162 -0.254103 0.200520
vn  -0.946162 -0.254103 0.200520
vn  -0.949460 -0.245457 0.195646
vn  -0.292674 -0.953731 -0.068845
vn  -0.292674 -0.953731 -0.068845
vn  -0.292674 -0.953731 -0.068845
vn  -0.292674 -0.953731 -0.068845
vn  -0.597823 -0.801479 0.015502
vn  -0.597823 -0.801479 0.015502
vn  -0.597823 -0.801479 0.015502
vn  -0.597823 -0.801479 0.015502
vn  -0.431914 0.125088 0.893198
vn  -0.431914 0.125088 0.893198
vn  -0.431914 0.125088 0.893198
vn  -0.431914 0.125088 0.893198
vn  -0.280154 0.391747 0.876383
vn  -0.280154 0.391747 0.876383
vn  -0.280154 0.391747 0.876383
vn  -0.280154 0.391747 0.876383
vn  -0.199870 -0.837371 0.508784
vn  -0.199870 -0.837371 0.508784
vn  -0.199870 -0.837371 0.508784
vn  -0.199870 -0.837371 0.508784
vn  -0.399377 -0.354761 0.845365
vn  -0.399377 -0.354761 0.845365
vn  -0.399377 -0.354761 0.845365
vn  -0.440267 0.047092 0.896631
vn  -0.736104 -0.369845 0.566891
vn  -0.736104 -0.369845 0.566891
vn  -0.736104 -0.369845 0.566891
vn  -0.736104 -0.369845 0.566891
vn  -0.418778 -0.034026 0.907451
vn  -0.418778 -0.034026 0.907451
vn  -0.418778 -0.034026 0.907451
vn  -0.418778 -0.034026 0.907451
vn  -0.923473 -0.130916 0.360637
vn  -0.917670 -0.189988 0.348978
vn  -0.917670 -0.189988 0.348978
vn  -0.917670 -0.189988 0.348978
vn  -0.917670 -0.189988 0.348978
vn  -0.899391 -0.431006 -0.073012
vn  -0.899391 -0.431006 -0.073012
vn  -0.899391 -0.431006 -0.073012
vn  -0.899391 -0.431006 -0.073012
vn  -0.959848 -0.202179 0.194461
vn  -0.959848 -0.202179 0.194461
vn  -0.959848 -0.202179 0.194461
vn  -0.959848 -0.202179 0.194461
vn  -0.932946 -0.303647 -0.193417
vn  -0.932946 -0.303647 -0.193417
vn  -0.932946 -0.303647 -0.193417
vn  -0.932946 -0.303647 -0.193417
vn  -0.854698 -0.141296 -0.499526
vn  -0.854698 -0.141296 -0.499526
vn  -0.854698 -0.141296 -0.499526
vn  -0.854698 -0.141296 -0.499526
vn  -0.691892 -0.455274 -0.560367
vn  -0.966384 -0.157753 0.203016
vn  -0.966384 -0.157753 0.203016
vn  -0.966384 -0.157753 0.203016
vn  -0.966384 -0.157753 0.203016
vn  -0.353859 -0.504216 -0.787750
vn  -0.353859 -0.504216 -0.787750
vn  -0.353859 -0.504216 -0.787750
vn  -0.353859 -0.504216 -0.787750
vn  -0.335403 -0.935698 0.109422
vn  -0.335403 -0.935698 0.109422
vn  -0.335403 -0.935698 0.109422
vn  -0.305252 -0.281216 -0.909802
vn  -0.535762 -0.237094 -0.810398
vn  -0.893265 -0.303598 -0.331519
vn  -0.895808 -0.277437 -0.347213
vn  -0.893257 -0.303674 -0.331473
vn  -0.955178 -0.202399 -0.216032
vn  -0.702363 -0.103450 0.704261
vn  -0.702886 -0.102773 0.703839
vn  -0.681943 -0.129184 0.719907
vn  -0.709383 -0.094290 0.698488
vn  -0.206260 0.503977 0.838728
vn  -0.207457 0.500883 0.840285
vn  -0.205809 0.505139 0.838139
vn  -0.791874 -0.559667 0.244352
vn  -0.791874 -0.559667 0.244353
vn  -0.791874 -0.559667 0.244352
vn  -0.791874 -0.559667 0.244352
vn  -0.955017 -0.246298 0.165168
vn  -0.955017 -0.246298 0.165168
vn  -0.955017 -0.246298 0.165168
vn  -0.955017 -0.246298 0.165168
vn  -0.970527 0.219468 -0.099559
vn  -0.970526 0.219469 -0.099559
vn  -0.970527 0.219468 -0.099559
vn  -0.569941 0.083241 0.817458
vn  -0.569941 0.083241 0.817458
vn  -0.569941 0.083242 0.817458
vn  -0.569941 0.083242 0.817458
vn  -0.910438 0.118973 0.396167
vn  -0.910438 0.118973 0.396167
vn  -0.910438 0.118973 0.396167
vn  -0.910438 0.118973 0.396167
vn  -0.992009 0.113779 -0.054531
vn  -0.217270 0.080510 -0.972786
vn  -0.217270 0.080510 -0.972786
vn  -0.217270 0.080510 -0.972786
vn  -0.217270 0.080510 -0.972786
vn  -0.865946 0.120618 -0.485374
vn  -0.865946 0.120618 -0.485374
vn  -0.865946 0.120618 -0.485375
vn  -0.600459 0.125069 0.789814
vn  -0.600459 0.125069 0.789814
vn  -0.600459 0.125069 0.789814
vn  -0.600459 0.125069 0.789814
vn  -0.605024 0.136137 0.784482
vn  -0.605024 0.136137 0.784482
vn  -0.605024 0.136137 0.784482
vn  -0.322066 0.545483 -0.773771
vn  -0.322066 0.545483 -0.773771
vn  -0.322066 0.545483 -0.773771
vn  -0.322066 0.545483 -0.773771
vn  -0.272432 -0.364471 -0.890473
vn  -0.272432 -0.364471 -0.890473
vn  -0.272432 -0.364471 -0.890473
vn  -0.528770 0.330921 -0.781597
vn  -0.528770 0.330921 -0.781597
vn  -0.528770 0.330921 -0.781597
vn  -0.528770 0.330921 -0.781597
vn  -0.579491 0.117134 -0.806517
vn  -0.866894 0.190130 0.460809
vn  -0.866894 0.190130 0.460809
vn  -0.866894 0.190130 0.460809
vn  -0.938607 -0.336676 -0.075276
vn  -0.939536 -0.333663 -0.077084
vn  -0.938571 -0.336792 -0.075206
vn  -0.960865 -0.224917 0.161713
vn  -0.960826 -0.225035 0.161779
vn  -0.960826 -0.225035 0.161779
vn  -0.589555 0.336533 0.734283
vn  -0.031488 0.599672 0.799626
vn  -0.943218 0.076539 0.323237
vn  -0.943740 0.082602 0.320206
vn  -0.943301 0.077467 0.322774
vn  -0.991555 0.083380 -0.099329
vn  -0.550010 0.028039 0.834687
vn  -0.301810 -0.071399 -0.950691
vn  -0.301810 -0.071399 -0.950691
vn  -0.301810 -0.071399 -0.950691
vn  -0.301810 -0.071399 -0.950691
vn  0.442111 -0.082751 -0.893135
vn  0.442111 -0.082750 -0.893135
vn  0.442111 -0.082750 -0.893135
vn  0.315690 -0.018165 0.948688
vn  -0.357106 -0.311893 -0.880453
vn  -0.357397 -0.312470 -0.880131
vn  -0.357397 -0.312470 -0.880131
vn  -0.357012 -0.311706 -0.880558
vn  -0.215192 -0.196909 -0.956514
vn  -0.213693 -0.195733 -0.957092
vn  -0.195578 -0.181520 -0.963742
vn  -0.173425 0.615876 -0.768519
vn  -0.173424 0.615876 -0.768519
vn  -0.173424 0.615876 -0.768519
vn  -0.173425 0.615876 -0.768519
vn  -0.190666 0.092322 0.977304
vn  -0.190666 0.092322 0.977304
vn  -0.190666 0.092322 0.977304
vn  -0.190666 0.092322 0.977304
vn  -0.212447 -0.121129 0.969636
vn  -0.212447 -0.121129 0.969636
vn  -0.212447 -0.121129 0.969636
vn  -0.252112 -0.189149 -0.949032
vn  -0.251966 -0.189022 -0.949096
vn  -0.252112 -0.189149 -0.949032
vn  -0.252112 -0.189149 -0.949032
vn  -0.267853 -0.365363 0.891496
vn  -0.267853 -0.365363 0.891496
vn  -0.267853 -0.365363 0.891496
vn  -0.267853 -0.365363 0.891496
vn  -0.320638 -0.060889 -0.945243
vn  -0.320638 -0.060889 -0.945243
vn  -0.320638 -0.060889 -0.945243
vn  -0.320638 -0.060889 -0.945243
vn  -0.443994 -0.788957 0.424754
vn  -0.443994 -0.788957 0.424754
vn  -0.443994 -0.788957 0.424754
vn  -0.443994 -0.788957 0.424754
vn  -0.298675 -0.616840 0.728218
vn  -0.298675 -0.616840 0.728218
vn  -0.298675 -0.616840 0.728218
vn  -0.298675 -0.616840 0.728218
vn  -0.144778 0.549602 -0.822786
vn  -0.144778 0.549602 -0.822786
vn  -0.144777 0.549603 -0.822786
vn  -0.144777 0.549603 -0.822786
vn  0.213854 0.073367 0.974107
vn  0.213854 0.073367 0.974107
vn  0.213854 0.073367 0.974107
vn  0.893954 0.214345 0.393577
vn  0.893954 0.214345 0.393577
vn  0.893954 0.214345 0.393577
vn  0.964898 0.262108 -0.016464
vn  0.964898 0.262108 -0.016464
vn  0.964898 0.262108 -0.016464
vn  0.359803 0.439815 -0.822864
vn  0.359803 0.439815 -0.822864
vn  0.359803 0.439815 -0.822864
vn  0.359803 0.439815 -0.822864
vn  -0.253406 0.166563 -0.952912
vn  -0.223817 0.172582 -0.959230
vn  -0.234638 0.170405 -0.957030
vn  -0.234711 0.170390 -0.957015
vn  -0.236575 0.874055 -0.424335
vn  -0.252607 0.871153 -0.421050
vn  -0.171494 0.883282 -0.436352
vn  -0.188918 0.881208 -0.433339
vn  -0.054226 0.942522 0.329716
vn  -0.109321 0.933830 0.340602
vn  -0.062325 0.941436 0.331381
vn  0.359021 -0.932977 -0.025650
vn  0.265632 -0.964067 0.003844
vn  0.281421 -0.959584 -0.001078
vn  0.355788 -0.934243 -0.024613
vn  0.173377 -0.664722 -0.726695
vn  0.149802 -0.686733 -0.711307
vn  0.150294 -0.686285 -0.711635
vn  0.176879 -0.661362 -0.728913
vn  0.058173 0.232249 -0.970915
vn  0.111987 0.221701 -0.968663
vn  0.113725 0.221348 -0.968541
vn  0.046207 0.234494 -0.971019
vn  -0.046778 0.903750 -0.425498
vn  0.014382 0.902040 -0.431413
vn  0.015433 0.901981 -0.431501
vn  -0.064446 0.903607 -0.423486
vn  0.088974 0.922707 0.375093
vn  0.133286 0.919255 0.370412
vn  0.135284 0.919055 0.370183
vn  0.096651 0.922242 0.374337
vn  0.157024 0.299899 0.940959
vn  0.137032 0.294459 0.945789
vn  0.137593 0.294613 0.945659
vn  0.150820 0.298223 0.942505
vn  0.372434 -0.417786 0.828703
vn  0.302245 -0.439275 0.845982
vn  0.288740 -0.443068 0.848716
vn  0.371498 -0.418093 0.828968
vn  0.087472 -0.995585 0.034037
vn  0.083497 -0.995899 0.034843
vn  0.083497 -0.995899 0.034843
vn  0.104151 -0.994089 0.030642
vn  0.089029 -0.594233 -0.799350
vn  0.088740 -0.594632 -0.799085
vn  0.088740 -0.594632 -0.799085
vn  0.089275 -0.593892 -0.799577
vn  0.045135 0.241399 -0.969376
vn  0.048570 0.241012 -0.969306
vn  0.048570 0.241012 -0.969306
vn  0.046907 0.241200 -0.969341
vn  0.090820 0.936399 -0.338982
vn  0.096774 0.935671 -0.339345
vn  0.096774 0.935671 -0.339345
vn  0.091855 0.936275 -0.339046
vn  0.117345 0.933326 0.339312
vn  0.123406 0.932822 0.338547
vn  0.123406 0.932822 0.338547
vn  0.119426 0.933157 0.339051
vn  0.236618 0.368562 0.898985
vn  0.236046 0.367710 0.899484
vn  0.236046 0.367710 0.899484
vn  0.236888 0.368964 0.898749
vn  0.180287 -0.435536 0.881933
vn  0.161440 -0.438159 0.884281
vn  0.161440 -0.438159 0.884281
vn  0.166499 -0.437472 0.883684
vn  -0.023572 -0.983414 0.179837
vn  -0.248264 0.547244 0.799305
vn  -0.251475 -0.565798 0.785260
vn  -0.251475 -0.565798 0.785260
vn  -0.251475 -0.565798 0.785260
vn  -0.251475 -0.565798 0.785260
vn  -0.015333 -0.972672 -0.231675
vn  -0.015333 -0.972672 -0.231675
vn  -0.015333 -0.972672 -0.231675
vn  0.187517 -0.098262 -0.977334
vn  0.117113 0.989881 0.080129
vn  -0.215871 0.588930 0.778820
vn  -0.215871 0.588930 0.778820
vn  -0.215871 0.588930 0.778820
vn  -0.215871 0.588930 0.778820
vn  -0.358080 -0.666781 0.653591
vn  -0.358080 -0.666781 0.653591
vn  -0.358080 -0.666781 0.653591
vn  -0.191760 -0.957762 -0.214287
vn  -0.191760 -0.957762 -0.214287
vn  -0.191760 -0.957762 -0.214287
vn  0.840165 -0.443943 0.311508
vn  0.840165 -0.443943 0.311508
vn  0.840165 -0.443943 0.311508
vn  -0.046202 -0.341330 -0.938807
vn  -0.046202 -0.341330 -0.938807
vn  -0.046202 -0.341330 -0.938807
vn  -0.046202 -0.341330 -0.938807
vn  0.154870 0.861983 -0.482701
vn  0.154870 0.861983 -0.482701
vn  0.154870 0.861983 -0.482701
vn  0.154870 0.861983 -0.482701
vn  0.244255 0.678194 0.693104
vn  0.244255 0.678194 0.693104
vn  0.244255 0.678194 0.693104
vn  0.251599 0.955548 0.153711
vn  0.251599 0.955547 0.153711
vn  0.251599 0.955548 0.153711
vn  -0.146516 -0.461588 -0.874911
vn  -0.146516 -0.461588 -0.874911
vn  -0.146516 -0.461588 -0.874911
vn  -0.146516 -0.461588 -0.874911
vn  0.432490 0.821070 -0.372554
vn  0.432490 0.821070 -0.372554
vn  0.432490 0.821070 -0.372554
vn  0.432490 0.821070 -0.372554
vn  0.456714 0.878460 0.140431
vn  0.456714 0.878460 0.140431
vn  0.456714 0.878460 0.140431
vn  0.456714 0.878460 0.140431
vn  -0.212532 -0.973374 -0.085863
vn  -0.212532 -0.973374 -0.085863
vn  -0.212532 -0.973374 -0.085863
vn  0.304251 0.777318 0.550643
vn  0.304251 0.777318 0.550643
vn  0.304251 0.777318 0.550643
vn  0.506951 0.841758 0.185593
vn  0.506951 0.841758 0.185593
vn  0.506951 0.841758 0.185593
vn  0.506951 0.841758 0.185593
vn  0.470261 0.773663 0.424619
vn  0.470261 0.773663 0.424619
vn  0.470261 0.773663 0.424619
vn  -0.457564 -0.838068 -0.297115
vn  -0.457564 -0.838068 -0.297115
vn  -0.457564 -0.838068 -0.297115
vn  0.487277 0.860547 0.148392
vn  0.487277 0.860547 0.148392
vn  0.487277 0.860547 0.148392
vn  0.535639 0.763373 -0.361043
vn  0.535639 0.763373 -0.361043
vn  0.535639 0.763373 -0.361043
vn  0.535639 0.763373 -0.361043
vn  -0.277873 -0.556419 -0.783061
vn  -0.277873 -0.556419 -0.783061
vn  -0.277873 -0.556419 -0.783061
vn  -0.277873 -0.556419 -0.783061
vn  -0.487746 -0.861247 0.142681
vn  -0.487746 -0.861247 0.142681
vn  -0.487746 -0.861247 0.142681
vn  -0.487746 -0.861247 0.142681
vn  -0.500992 -0.818676 -0.280672
vn  -0.500992 -0.818676 -0.280672
vn  -0.500992 -0.818676 -0.280672
vn  -0.500992 -0.818676 -0.280672
vn  0.823805 -0.534409 -0.189081
vn  0.823805 -0.534409 -0.189082
vn  0.823805 -0.534409 -0.189082
vn  0.823805 -0.534409 -0.189081
vn  -0.010652 -0.260002 -0.965549
vn  0.302489 0.599616 0.740920
vn  0.297300 0.604550 0.739007
vn  0.298221 0.603678 0.739349
vn  0.302866 0.599255 0.741057
vn  0.694222 0.502731 0.515090
vn  -0.010266 -0.984125 0.177179
vn  -0.198828 -0.539393 0.818244
vn  0.618716 -0.090484 0.780386
vn  -0.984808 -0.167749 0.044866
vn  -0.389664 0.116869 0.913512
vn  -0.389664 0.116869 0.913512
vn  -0.389664 0.116869 0.913512
vn  0.664564 0.363580 0.652813
vn  0.664399 0.365429 0.651948
vn  0.663206 0.377968 0.645985
vn  0.176719 -0.285808 -0.941852
vn  0.541667 -0.368818 -0.755361
vn  0.544074 -0.415000 -0.729218
vn  0.542199 -0.376976 -0.750939
vn  0.162956 -0.116998 -0.979672
vn  0.163361 -0.117201 -0.979580
vn  0.156039 -0.113511 -0.981207
vn  -0.392982 -0.125175 -0.910986
vn  -0.392812 -0.124996 -0.911085
vn  -0.398540 -0.130717 -0.907788
vn  0.267068 0.644989 0.716006
vn  0.101149 0.614140 0.782689
vn  0.978444 -0.092865 0.184453
vn  0.979048 -0.089745 0.182785
vn  0.978665 -0.091731 0.183847
vn  0.235759 0.272354 -0.932867
vn  0.235759 0.272354 -0.932867
vn  0.235759 0.272354 -0.932867
vn  0.235759 0.272354 -0.932867
vn  0.183383 0.357651 -0.915673
vn  0.183383 0.357651 -0.915673
vn  0.183383 0.357651 -0.915673
vn  0.183383 0.357651 -0.915673
vn  0.556132 0.021952 0.830804
vn  0.556132 0.021952 0.830804
vn  0.556132 0.021952 0.830804
vn  0.919899 0.156327 0.359650
vn  0.968924 0.246425 0.021460
vn  0.968924 0.246425 0.021460
vn  0.968924 0.246425 0.021460
vn  0.968924 0.246425 0.021460
vn  0.453318 -0.241600 -0.857981
vn  0.453319 -0.241600 -0.857981
vn  0.453319 -0.241600 -0.857981
vn  0.039656 -0.539328 -0.841161
vn  0.039656 -0.539328 -0.841161
vn  0.039656 -0.539328 -0.841161
vn  0.039656 -0.539328 -0.841161
vn  0.089441 -0.702483 -0.706058
vn  0.085266 -0.704637 -0.704427
vn  0.085233 -0.704654 -0.704414
vn  0.227203 -0.142524 -0.963362
vn  0.207016 -0.128558 -0.969854
vn  0.227020 -0.142397 -0.963424
vn  -0.181528 0.904469 -0.385985
vn  -0.169282 0.905943 -0.388086
vn  -0.197707 0.902297 -0.383108
vn  0.363598 0.318267 0.875501
vn  0.371459 0.332990 0.866681
vn  0.367906 0.326319 0.870724
vn  -0.027641 -0.387711 -0.921366
vn  -0.027641 -0.387711 -0.921366
vn  -0.027641 -0.387711 -0.921366
vn  0.970267 0.223638 -0.092564
vn  0.970267 0.223639 -0.092564
vn  0.970267 0.223638 -0.092564
vn  0.970267 0.223637 -0.092564
vn  -0.244116 -0.130150 0.960973
vn  -0.244116 -0.130150 0.960973
vn  -0.244116 -0.130150 0.960973
vn  0.231258 -0.359506 -0.904033
vn  0.231258 -0.359506 -0.904033
vn  0.231258 -0.359506 -0.904033
vn  0.231258 -0.359506 -0.904033
vn  -0.170437 -0.475092 -0.863272
vn  -0.170437 -0.475092 -0.863272
vn  -0.170436 -0.475092 -0.863272
vn  0.283256 -0.227669 -0.931629
vn  0.283256 -0.227669 -0.931629
vn  0.283256 -0.227669 -0.931629
vn  0.283256 -0.227669 -0.931629
vn  0.770562 0.230159 -0.594358
vn  0.770562 0.230159 -0.594358
vn  0.770562 0.230158 -0.594358
vn  0.770562 0.230159 -0.594358
vn  0.504886 0.203646 0.838820
vn  0.504886 0.203646 0.838820
vn  0.504886 0.203646 0.838820
vn  0.946162 -0.254106 0.200520
vn  0.949609 -0.245060 0.195421
vn  0.949447 -0.245490 0.195664
vn  0.946162 -0.254106 0.200520
vn  0.292672 -0.953731 -0.068845
vn  0.292672 -0.953731 -0.068845
vn  0.292672 -0.953731 -0.068845
vn  0.292672 -0.953731 -0.068845
vn  0.597820 -0.801480 0.015502
vn  0.597820 -0.801480 0.015502
vn  0.597820 -0.801480 0.015502
vn  0.597820 -0.801480 0.015502
vn  0.431914 0.125087 0.893198
vn  0.431914 0.125087 0.893198
vn  0.431914 0.125087 0.893198
vn  0.431914 0.125087 0.893198
vn  0.280155 0.391747 0.876383
vn  0.280155 0.391747 0.876383
vn  0.280155 0.391747 0.876383
vn  0.280155 0.391747 0.876383
vn  0.199868 -0.837372 0.508784
vn  0.399376 -0.354762 0.845365
vn  0.399376 -0.354762 0.845365
vn  0.399376 -0.354762 0.845365
vn  0.736103 -0.369847 0.566891
vn  0.736103 -0.369847 0.566891
vn  0.736103 -0.369847 0.566891
vn  0.736103 -0.369847 0.566891
vn  0.418778 -0.034027 0.907451
vn  0.418778 -0.034027 0.907451
vn  0.418778 -0.034027 0.907451
vn  0.418778 -0.034027 0.907451
vn  0.917670 -0.189991 0.348978
vn  0.899389 -0.431008 -0.073012
vn  0.899389 -0.431008 -0.073012
vn  0.899389 -0.431008 -0.073012
vn  0.899389 -0.431008 -0.073012
vn  0.959848 -0.202181 0.194461
vn  0.959848 -0.202181 0.194461
vn  0.959848 -0.202181 0.194461
vn  0.959848 -0.202181 0.194461
vn  0.977393 -0.087571 0.192443
vn  0.932945 -0.303650 -0.193417
vn  0.932945 -0.303650 -0.193417
vn  0.932945 -0.303650 -0.193417
vn  0.932945 -0.303650 -0.193417
vn  0.854698 -0.141298 -0.499526
vn  0.854698 -0.141298 -0.499526
vn  0.854698 -0.141298 -0.499526
vn  0.854698 -0.141298 -0.499526
vn  0.966384 -0.157756 0.203016
vn  0.353857 -0.504217 -0.787750
vn  0.335401 -0.935699 0.109422
vn  0.335401 -0.935699 0.109422
vn  0.335401 -0.935699 0.109422
vn  0.535762 -0.237095 -0.810398
vn  0.955178 -0.202401 -0.216032
vn  0.702363 -0.103452 0.704261
vn  0.709382 -0.094292 0.698488
vn  0.681943 -0.129186 0.719907
vn  0.702886 -0.102775 0.703838
vn  0.206261 0.503976 0.838728
vn  0.205822 0.505109 0.838154
vn  0.205813 0.505133 0.838142
vn  0.791872 -0.559669 0.244352
vn  0.791872 -0.559669 0.244352
vn  0.791872 -0.559669 0.244352
vn  0.791873 -0.559669 0.244352
vn  0.955016 -0.246300 0.165168
vn  0.955016 -0.246300 0.165168
vn  0.955016 -0.246300 0.165168
vn  0.955016 -0.246300 0.165168
vn  0.569941 0.083240 0.817458
vn  0.992009 0.113776 -0.054531
vn  0.992009 0.113776 -0.054531
vn  0.992009 0.113776 -0.054531
vn  0.992009 0.113776 -0.054531
vn  0.237233 0.180113 -0.954610
vn  0.217270 0.080509 -0.972786
vn  0.865947 0.120616 -0.485375
vn  0.865947 0.120616 -0.485375
vn  0.865947 0.120616 -0.485374
vn  0.600460 0.125067 0.789814
vn  0.605025 0.136136 0.784482
vn  0.605025 0.136136 0.784482
vn  0.605025 0.136136 0.784482
vn  0.605025 0.136136 0.784482
vn  0.322067 0.545482 -0.773771
vn  0.322067 0.545482 -0.773771
vn  0.322067 0.545482 -0.773771
vn  0.322067 0.545482 -0.773771
vn  0.272431 -0.364471 -0.890473
vn  0.272431 -0.364471 -0.890473
vn  0.272431 -0.364471 -0.890473
vn  0.272431 -0.364471 -0.890473
vn  0.528771 0.330920 -0.781597
vn  0.528771 0.330920 -0.781597
vn  0.528771 0.330920 -0.781597
vn  0.528771 0.330920 -0.781597
vn  0.579492 0.117132 -0.806517
vn  0.579492 0.117132 -0.806517
vn  0.579492 0.117132 -0.806517
vn  0.579492 0.117132 -0.806517
vn  0.866895 0.190128 0.460809
vn  0.866895 0.190128 0.460809
vn  0.866895 0.190128 0.460809
vn  0.938606 -0.336678 -0.075276
vn  0.961228 -0.223809 0.161090
vn  0.589556 0.336531 0.734283
vn  0.196853 0.619148 0.760200
vn  0.031490 0.599672 0.799626
vn  0.943218 0.076536 0.323237
vn  0.943301 0.077465 0.322774
vn  0.943740 0.082600 0.320206
vn  0.991555 0.083377 -0.099329
vn  0.550010 0.028038 0.834687
vn  0.550010 0.028038 0.834687
vn  0.550010 0.028038 0.834687
vn  0.550010 0.028038 0.834687
vn  0.301810 -0.071400 -0.950691
vn  0.301810 -0.071400 -0.950691
vn  0.301810 -0.071399 -0.950691
vn  0.301810 -0.071400 -0.950691
vn  -0.442111 -0.082750 -0.893135
vn  -0.442111 -0.082750 -0.893135
vn  -0.442111 -0.082750 -0.893135
vn  -0.442111 -0.082750 -0.893135
vn  -0.315690 -0.018164 0.948688
vn  -0.315690 -0.018164 0.948688
vn  -0.315690 -0.018164 0.948688
vn  0.504456 0.420976 0.753859
vn  0.504559 0.409764 0.759943
vn  0.504577 0.397322 0.766510
vn  0.357011 -0.311707 -0.880558
vn  0.215191 -0.196909 -0.956514
vn  0.195579 -0.181521 -0.963742
vn  0.213692 -0.195733 -0.957092
vn  0.173426 0.615876 -0.768519
vn  0.173426 0.615876 -0.768519
vn  0.173426 0.615876 -0.768519
vn  0.173426 0.615876 -0.768519
vn  0.190666 0.092322 0.977304
vn  0.190666 0.092322 0.977304
vn  0.190666 0.092322 0.977304
vn  0.190666 0.092322 0.977304
vn  0.212447 -0.121129 0.969636
vn  0.212447 -0.121129 0.969636
vn  0.212447 -0.121129 0.969636
vn  0.252112 -0.189149 -0.949032
vn  0.252112 -0.189149 -0.949032
vn  0.252112 -0.189149 -0.949032
vn  0.267852 -0.365364 0.891496
vn  0.267852 -0.365364 0.891496
vn  0.267852 -0.365364 0.891496
vn  0.267852 -0.365364 0.891496
vn  0.320638 -0.060890 -0.945243
vn  0.320638 -0.060890 -0.945243
vn  0.320638 -0.060890 -0.945243
vn  0.320638 -0.060890 -0.945243
vn  0.443992 -0.788959 0.424754
vn  0.443992 -0.788959 0.424754
vn  0.443992 -0.788959 0.424754
vn  0.443992 -0.788959 0.424754
vn  0.298674 -0.616840 0.728218
vn  0.298674 -0.616840 0.728218
vn  0.298674 -0.616840 0.728218
vn  0.144778 0.549603 -0.822786
vn  0.144778 0.549602 -0.822786
vn  0.144778 0.549602 -0.822786
vn  0.220620 0.039171 0.974573
vn  -0.523784 0.790823 0.316621
vn  -0.814123 0.579617 -0.035323
vn  0.751894 0.529334 0.393015
vn  -0.980322 0.166035 -0.106780
vn  -0.980322 0.166035 -0.106780
vn  -0.980322 0.166035 -0.106780
vn  -0.980322 0.166035 -0.106780
vn  0.975483 0.218093 0.029482
vn  0.612587 0.126567 -0.780203
vn  -0.397847 0.842594 0.362978
vn  0.291961 0.880673 0.373060
vn  0.291961 0.880673 0.373060
vn  0.291961 0.880673 0.373060
vn  0.291961 0.880673 0.373060
vn  -0.966025 0.229356 0.119129
vn  -0.966025 0.229356 0.119129
vn  -0.966025 0.229356 0.119129
vn  0.993986 0.057986 0.092897
vn  0.995683 0.090985 0.018368
vn  0.984582 0.131222 0.115669
vn  0.984582 0.131222 0.115669
vn  0.984582 0.131222 0.115669
vn  0.984582 0.131222 0.115669
vn  0.659460 0.093575 -0.745893
vn  0.995701 0.038398 0.084296
vn  0.995701 0.038398 0.084296
vn  0.995701 0.038398 0.084296
vn  0.995701 0.038398 0.084296
vn  0.426636 0.734770 0.527347
vn  0.426636 0.734770 0.527347
vn  0.426636 0.734770 0.527347
vn  0.426636 0.734770 0.527347
vn  -0.492165 0.672964 0.552171
vn  -0.492165 0.672964 0.552171
vn  -0.492165 0.672964 0.552171
vn  -0.492165 0.672964 0.552171
vn  -0.996114 0.045486 0.075412
vn  -0.996114 0.045486 0.075412
vn  -0.996114 0.045486 0.075412
vn  -0.996114 0.045486 0.075412
vn  0.966290 0.250635 -0.058872
vn  0.966290 0.250635 -0.058872
vn  0.966290 0.250635 -0.058872
vn  0.694357 0.288058 0.659462
vn  0.694357 0.288058 0.659462
vn  0.694357 0.288058 0.659462
vn  0.694357 0.288058 0.659462
vn  -0.661952 0.398516 0.634826
vn  -0.661952 0.398516 0.634826
vn  -0.661952 0.398516 0.634826
vn  -0.661952 0.398516 0.634826
vn  -0.976653 0.194427 -0.091361
vn  -0.976653 0.194427 -0.091361
vn  -0.976653 0.194427 -0.091361
vn  0.990867 0.117595 -0.065987
vn  -0.433723 0.841652 0.321724
vn  0.297790 0.890595 0.343747
vn  0.297790 0.890595 0.343747
vn  0.297790 0.890595 0.343747
vn  0.297790 0.890595 0.343747
vn  0.984593 0.110354 -0.135642
vn  0.984593 0.110354 -0.135642
vn  0.984593 0.110354 -0.135642
vn  0.984593 0.110354 -0.135642
vn  -0.015301 0.825958 -0.563524
vn  -0.015301 0.825958 -0.563524
vn  -0.015301 0.825958 -0.563524
vn  -0.015301 0.825958 -0.563524
vn  0.268461 0.794515 -0.544678
vn  0.268461 0.794515 -0.544678
vn  0.268461 0.794515 -0.544678
vn  0.268461 0.794515 -0.544678
vn  -0.105240 0.693870 -0.712369
vn  -0.105240 0.693870 -0.712369
vn  -0.105240 0.693870 -0.712369
vn  -0.105240 0.693870 -0.712369
vn  0.435906 0.567980 -0.698130
vn  0.435906 0.567980 -0.698130
vn  0.435906 0.567980 -0.698130
vn  0.435906 0.567980 -0.698130
vn  0.160516 -0.892757 -0.420974
vn  0.160516 -0.892757 -0.420974
vn  0.160516 -0.892757 -0.420974
vn  0.160516 -0.892757 -0.420974
vn  -0.433723 0.789532 0.434193
vn  -0.433723 0.789532 0.434193
vn  -0.433723 0.789532 0.434193
vn  -0.433723 0.789532 0.434193
vn  0.297791 0.834989 0.462724
vn  0.297791 0.834989 0.462725
vn  0.297791 0.834989 0.462724
vn  0.297791 0.834989 0.462724
vn  -0.955208 0.233629 -0.181646
vn  -0.955208 0.233629 -0.181646
vn  -0.955208 0.233629 -0.181646
vn  -0.955208 0.233629 -0.181646
vn  0.984593 0.127927 -0.119214
vn  0.984593 0.127927 -0.119214
vn  0.984593 0.127927 -0.119214
vn  0.984593 0.127927 -0.119214
vn  -0.258044 -0.677449 0.688822
vn  -0.258044 -0.677449 0.688822
vn  -0.258044 -0.677449 0.688822
vn  -0.258044 -0.677449 0.688822
vn  -0.015301 0.895483 -0.444833
vn  -0.015301 0.895483 -0.444833
vn  -0.015301 0.895483 -0.444833
vn  -0.015301 0.895483 -0.444833
vn  0.006380 -0.695593 0.718407
vn  0.006380 -0.695593 0.718407
vn  0.006380 -0.695593 0.718407
vn  0.006380 -0.695593 0.718407
vn  0.268461 0.861751 -0.430481
vn  0.268461 0.861751 -0.430481
vn  0.268461 0.861751 -0.430481
vn  0.268461 0.861751 -0.430481
vn  -0.105240 0.785074 -0.610397
vn  -0.105240 0.785074 -0.610397
vn  -0.105240 0.785073 -0.610397
vn  -0.105240 0.785073 -0.610397
vn  -0.306272 -0.751519 0.584309
vn  -0.306272 -0.751519 0.584309
vn  -0.306271 -0.751519 0.584309
vn  -0.306272 -0.751519 0.584309
vn  0.130152 -0.804576 -0.579412
vn  0.130152 -0.804576 -0.579412
vn  0.130152 -0.804576 -0.579412
vn  0.130152 -0.804576 -0.579412
vn  0.043114 -0.730905 0.681116
vn  0.043114 -0.730905 0.681116
vn  0.043114 -0.730905 0.681116
vn  0.043114 -0.730905 0.681116
vn  0.435906 0.658421 -0.613570
vn  0.435906 0.658421 -0.613570
vn  0.435906 0.658421 -0.613570
vn  0.435906 0.658421 -0.613570
vn  0.160517 -0.826532 -0.539518
vn  0.160517 -0.826532 -0.539518
vn  0.160517 -0.826532 -0.539518
vn  0.160517 -0.826532 -0.539518
vn  0.701795 0.386071 0.598692
vn  -0.778038 0.291372 0.556560
vn  0.980322 0.166033 -0.106780
vn  -0.612587 0.126569 -0.780203
vn  0.397849 0.842593 0.362978
vn  0.397849 0.842593 0.362978
vn  0.397849 0.842593 0.362978
vn  0.397849 0.842593 0.362978
vn  -0.291959 0.880674 0.373060
vn  0.966026 0.229353 0.119129
vn  0.966026 0.229353 0.119129
vn  0.966026 0.229353 0.119129
vn  0.940551 0.095522 -0.325944
vn  0.976165 0.099715 -0.192766
vn  -0.995683 0.090988 0.018368
vn  -0.995683 0.090988 0.018368
vn  -0.995683 0.090988 0.018368
vn  -0.995683 0.090988 0.018368
vn  -0.984582 0.131225 0.115669
vn  -0.995701 0.038401 0.084296
vn  -0.995701 0.038401 0.084296
vn  -0.995701 0.038401 0.084296
vn  -0.995701 0.038401 0.084296
vn  -0.426634 0.734772 0.527347
vn  -0.426634 0.734772 0.527347
vn  -0.426634 0.734772 0.527347
vn  -0.426634 0.734772 0.527347
vn  0.492166 0.672963 0.552171
vn  0.492167 0.672963 0.552171
vn  0.492166 0.672963 0.552171
vn  0.492166 0.672963 0.552171
vn  0.996115 0.045483 0.075412
vn  0.996115 0.045483 0.075412
vn  0.996115 0.045483 0.075412
vn  0.996115 0.045483 0.075412
vn  -0.966289 0.250637 -0.058872
vn  -0.966289 0.250637 -0.058872
vn  -0.966289 0.250637 -0.058872
vn  -0.694357 0.288060 0.659462
vn  -0.694357 0.288060 0.659462
vn  -0.694357 0.288060 0.659462
vn  -0.694357 0.288060 0.659462
vn  0.661953 0.398514 0.634826
vn  0.661953 0.398514 0.634826
vn  0.661953 0.398514 0.634826
vn  0.661953 0.398514 0.634826
vn  0.976654 0.194425 -0.091361
vn  0.976654 0.194425 -0.091361
vn  0.976654 0.194425 -0.091361
vn  -0.990867 0.117598 -0.065987
vn  0.914244 0.403698 -0.034445
vn  0.433725 0.841651 0.321724
vn  0.433725 0.841651 0.321724
vn  0.433725 0.841651 0.321724
vn  0.433725 0.841651 0.321724
vn  -0.297787 0.890596 0.343747
vn  0.955208 0.206486 -0.211992
vn  -0.984593 0.110357 -0.135642
vn  0.015303 0.825958 -0.563524
vn  0.015303 0.825958 -0.563524
vn  0.015303 0.825958 -0.563524
vn  0.015303 0.825958 -0.563524
vn  -0.268458 0.794516 -0.544678
vn  -0.268458 0.794516 -0.544678
vn  -0.268458 0.794516 -0.544678
vn  -0.268458 0.794516 -0.544678
vn  0.105242 0.693869 -0.712369
vn  0.105242 0.693869 -0.712369
vn  0.105242 0.693869 -0.712369
vn  0.105242 0.693869 -0.712369
vn  -0.130154 -0.876484 -0.463505
vn  -0.435904 0.567981 -0.698130
vn  -0.435904 0.567981 -0.698130
vn  -0.435904 0.567981 -0.698130
vn  -0.435904 0.567981 -0.698130
vn  -0.160519 -0.892757 -0.420974
vn  0.433725 0.789531 0.434193
vn  0.433725 0.789531 0.434193
vn  0.433725 0.789531 0.434193
vn  0.433725 0.789531 0.434193
vn  -0.297788 0.834990 0.462724
vn  -0.297788 0.834990 0.462724
vn  -0.297788 0.834990 0.462724
vn  -0.297788 0.834990 0.462724
vn  0.955209 0.233626 -0.181646
vn  0.955209 0.233626 -0.181646
vn  0.955209 0.233626 -0.181646
vn  0.955209 0.233626 -0.181646
vn  -0.984592 0.127930 -0.119214
vn  -0.984592 0.127930 -0.119214
vn  -0.984592 0.127930 -0.119214
vn  -0.984592 0.127930 -0.119214
vn  0.258042 -0.677450 0.688822
vn  0.258042 -0.677450 0.688822
vn  0.258042 -0.677450 0.688822
vn  0.258042 -0.677450 0.688822
vn  0.015303 0.895483 -0.444833
vn  0.015303 0.895483 -0.444833
vn  0.015303 0.895483 -0.444833
vn  0.015303 0.895483 -0.444833
vn  -0.006382 -0.695593 0.718407
vn  -0.006382 -0.695593 0.718407
vn  -0.006382 -0.695593 0.718407
vn  -0.006382 -0.695593 0.718407
vn  -0.268459 0.861752 -0.430481
vn  -0.268459 0.861752 -0.430481
vn  -0.268459 0.861752 -0.430481
vn  -0.268459 0.861752 -0.430481
vn  0.105242 0.785073 -0.610397
vn  0.105242 0.785073 -0.610397
vn  0.105242 0.785073 -0.610397
vn  0.105242 0.785073 -0.610397
vn  0.306269 -0.751520 0.584309
vn  0.306269 -0.751520 0.584309
vn  0.306269 -0.751520 0.584309
vn  0.306269 -0.751520 0.584309
vn  -0.130155 -0.804575 -0.579412
vn  -0.130155 -0.804575 -0.579412
vn  -0.130155 -0.804575 -0.579412
vn  -0.130155 -0.804575 -0.579412
vn  -0.043117 -0.730905 0.681116
vn  -0.043117 -0.730905 0.681116
vn  -0.043117 -0.730905 0.681116
vn  -0.043117 -0.730905 0.681116
vn  -0.435904 0.658422 -0.613570
vn  -0.435904 0.658422 -0.613570
vn  -0.435904 0.658422 -0.613570
vn  -0.435904 0.658422 -0.613570
vn  -0.160519 -0.826531 -0.539518
vn  -0.160519 -0.826531 -0.539518
vn  -0.160519 -0.826531 -0.539518
vn  -0.160519 -0.826531 -0.539518
vn  -0.213854 0.073367 0.974107
vn  -0.497342 0.072610 0.864511
vn  -0.893953 0.214347 0.393577
vn  -0.893953 0.214347 0.393577
vn  -0.893953 0.214347 0.393577
vn  -0.893953 0.214347 0.393577
vn  -0.800871 0.275372 -0.531767
vn  -0.964898 0.262110 -0.016464
vn  -0.964898 0.262110 -0.016464
vn  -0.964898 0.262110 -0.016464
vn  -0.964898 0.262110 -0.016464
vn  -0.359802 0.439816 -0.822864
vn  -0.957481 -0.061035 0.281967
vn  -0.954023 -0.075741 0.290006
vn  -0.944257 -0.112060 0.309550
vn  -0.945196 -0.108832 0.307831
vn  0.252639 0.871146 -0.421044
vn  0.109345 0.933826 0.340606
vn  0.054229 0.942521 0.329716
vn  0.062328 0.941436 0.331381
vn  0.102670 0.935043 0.339342
vn  0.023570 -0.983414 0.179837
vn  0.251473 -0.565799 0.785260
vn  0.119212 -0.992345 0.032238
vn  0.119212 -0.992345 0.032238
vn  0.119212 -0.992345 0.032238
vn  0.119212 -0.992345 0.032238
vn  0.015330 -0.972672 -0.231675
vn  -0.187517 -0.098262 -0.977334
vn  -0.246557 0.698235 -0.672070
vn  -0.117110 0.989881 0.080129
vn  0.215873 0.588930 0.778820
vn  0.358078 -0.666782 0.653591
vn  0.358078 -0.666782 0.653591
vn  0.358078 -0.666782 0.653591
vn  0.358078 -0.666782 0.653591
vn  0.122273 -0.176180 -0.976734
vn  0.037760 0.778707 -0.626250
vn  -0.116424 0.982718 0.143913
vn  -0.116424 0.982718 0.143913
vn  -0.116424 0.982718 0.143913
vn  -0.116424 0.982718 0.143913
vn  0.137609 0.798342 0.586271
vn  0.137609 0.798342 0.586271
vn  0.137609 0.798342 0.586271
vn  0.835209 -0.303926 0.458317
vn  0.835209 -0.303926 0.458317
vn  0.835209 -0.303926 0.458317
vn  0.835209 -0.303926 0.458317
vn  0.079635 -0.726018 -0.683050
vn  0.079635 -0.726018 -0.683050
vn  0.079635 -0.726018 -0.683050
vn  0.191758 -0.957763 -0.214287
vn  0.191758 -0.957763 -0.214287
vn  0.191758 -0.957763 -0.214287
vn  0.191758 -0.957763 -0.214287
vn  0.190231 0.645614 0.739591
vn  0.190231 0.645614 0.739591
vn  0.190231 0.645614 0.739591
vn  0.190231 0.645614 0.739591
vn  0.475924 -0.828082 -0.296271
vn  0.475924 -0.828082 -0.296271
vn  0.475924 -0.828082 -0.296271
vn  0.475924 -0.828082 -0.296271
vn  -0.343256 -0.520726 0.781678
vn  -0.343256 -0.520726 0.781678
vn  -0.343256 -0.520726 0.781678
vn  -0.343256 -0.520725 0.781678
vn  0.461641 -0.323716 0.825891
vn  0.461640 -0.323716 0.825891
vn  0.461640 -0.323716 0.825891
vn  0.461640 -0.323716 0.825891
vn  0.164941 -0.771701 -0.614225
vn  0.164941 -0.771701 -0.614225
vn  0.164941 -0.771701 -0.614225
vn  0.164941 -0.771701 -0.614225
vn  -0.338689 0.761673 0.552398
vn  -0.338689 0.761673 0.552398
vn  -0.338689 0.761673 0.552398
vn  -0.338689 0.761674 0.552398
vn  -0.730221 0.507647 -0.457244
vn  -0.730221 0.507647 -0.457244
vn  -0.730221 0.507647 -0.457244
vn  -0.730221 0.507647 -0.457244
vn  0.546451 -0.284976 0.787515
vn  0.280721 -0.857252 -0.431643
vn  0.280721 -0.857252 -0.431642
vn  0.280721 -0.857252 -0.431643
vn  0.280721 -0.857252 -0.431642
vn  -0.260718 0.837777 0.479745
vn  -0.641464 0.408267 -0.649493
vn  -0.641464 0.408267 -0.649493
vn  -0.641464 0.408267 -0.649493
vn  -0.641464 0.408267 -0.649493
vn  -0.157745 0.762351 0.627644
vn  -0.157745 0.762351 0.627644
vn  -0.157745 0.762351 0.627644
vn  -0.157745 0.762351 0.627644
vn  0.799769 -0.183400 0.571607
vn  0.799769 -0.183400 0.571607
vn  0.799769 -0.183400 0.571607
vn  0.799769 -0.183400 0.571607
vn  -0.212435 -0.862154 -0.459958
vn  -0.212435 -0.862154 -0.459958
vn  -0.212435 -0.862154 -0.459958
vn  -0.212435 -0.862154 -0.459958
vn  0.035516 -0.983228 -0.178889
vn  -0.055848 0.499826 0.864323
vn  -0.055848 0.499827 0.864323
vn  -0.055848 0.499826 0.864323
vn  -0.055848 0.499827 0.864323
vn  0.032456 -0.920762 -0.388772
vn  0.032456 -0.920762 -0.388772
vn  0.032456 -0.920762 -0.388772
vn  0.032456 -0.920762 -0.388772
vn  -0.251596 0.955548 0.153711
vn  0.333617 -0.394381 0.856250
vn  0.333617 -0.394381 0.856250
vn  0.333617 -0.394381 0.856250
vn  0.333617 -0.394381 0.856250
vn  -0.304249 0.777319 0.550643
vn  -0.304249 0.777319 0.550643
vn  -0.304249 0.777319 0.550643
vn  -0.304249 0.777319 0.550643
vn  0.254476 -0.284982 0.924136
vn  -0.470259 0.773664 0.424619
vn  0.205111 -0.940713 -0.270165
vn  0.205111 -0.940713 -0.270165
vn  0.205111 -0.940713 -0.270165
vn  -0.212980 0.656300 0.723816
vn  -0.198854 0.662970 0.721754
vn  -0.209398 0.658009 0.723310
vn  -0.216941 0.654396 0.724364
vn  -0.245860 0.858779 0.449500
vn  -0.291654 0.842595 0.452738
vn  -0.281887 0.846235 0.452134
vn  -0.243813 0.859451 0.449332
vn  -0.151700 0.495320 -0.855362
vn  -0.169160 0.491570 -0.854250
vn  -0.170186 0.491865 -0.853877
vn  -0.136184 0.498511 -0.856119
vn  0.123315 0.142872 -0.982029
vn  0.099322 0.145502 -0.984360
vn  0.099275 0.145741 -0.984329
vn  0.110928 0.143975 -0.983344
vn  -0.297298 0.604551 0.739007
vn  -0.189291 0.678285 0.709999
vn  -0.195929 0.675911 0.710462
vn  -0.173670 0.683726 0.708772
vn  0.429503 -0.162118 -0.888394
vn  0.992467 -0.117812 0.033612
vn  -0.946009 -0.293999 -0.136500
vn  -0.664398 0.365431 0.651948
vn  -0.664563 0.363582 0.652813
vn  -0.663205 0.377970 0.645985
vn  -0.661196 0.396465 0.636895
vn  -0.354163 0.757791 -0.548016
vn  -0.337212 0.764178 -0.549837
vn  -0.269186 0.786921 -0.555243
vn  -0.244818 0.793983 -0.556466
vn  -0.179856 0.142464 -0.973322
vn  -0.192406 0.138006 -0.971563
vn  -0.169777 0.146027 -0.974603
vn  -0.136310 0.157690 -0.978036
vn  -0.810104 -0.282045 0.513986
vn  -0.832754 -0.249421 0.494278
vn  -0.801238 -0.294086 0.521087
vn  -0.814265 -0.580162 -0.019590
vn  -0.544075 -0.414999 -0.729218
vn  -0.541669 -0.368817 -0.755360
vn  -0.542200 -0.376975 -0.750939
vn  -0.544503 -0.428821 -0.720853
vn  -0.156039 -0.113510 -0.981207
vn  -0.163361 -0.117201 -0.979580
vn  -0.162956 -0.116998 -0.979672
vn  -0.141441 -0.106198 -0.984234
vn  0.392111 -0.123998 -0.911522
vn  -0.979048 -0.089742 0.182785
vn  -0.978444 -0.092862 0.184453
vn  -0.978665 -0.091728 0.183847
vn  -0.979687 -0.086370 0.180981
vn  -0.285709 0.022204 0.958059
vn  -0.285709 0.022204 0.958059
vn  -0.285709 0.022203 0.958059
vn  -0.285709 0.022203 0.958059
vn  -0.878282 -0.310285 0.363790
vn  -0.878282 -0.310285 0.363790
vn  -0.878283 -0.310285 0.363790
vn  -0.878283 -0.310285 0.363790
vn  -0.453319 -0.241599 -0.857981
vn  -0.453319 -0.241599 -0.857981
vn  -0.453319 -0.241600 -0.857981
vn  -0.453319 -0.241600 -0.857981
vn  0.076878 0.777219 0.624516
vn  0.070507 0.779485 0.622440
vn  0.047180 0.786607 0.615649
vn  0.048937 0.784142 0.618649
vn  0.098724 0.128699 -0.986757
vn  0.169321 0.905938 -0.388080
vn  0.181530 0.904468 -0.385985
vn  0.197740 0.902292 -0.383103
vn  0.195187 0.902652 -0.383564
vn  0.162125 0.915834 0.367375
vn  0.163781 0.915382 0.367765
vn  0.157389 0.917109 0.366252
vn  0.157536 0.917069 0.366287
vn  -0.363598 0.318268 0.875501
vn  -0.101500 -0.277828 0.955254
vn  -0.101500 -0.277828 0.955254
vn  -0.101500 -0.277828 0.955254
vn  -0.101500 -0.277828 0.955254
vn  -0.107096 0.212268 -0.971325
vn  -0.772879 0.268227 -0.575076
vn  -0.040060 -0.399817 -0.915719
vn  -0.040060 -0.399817 -0.915719
vn  -0.040060 -0.399817 -0.915719
vn  -0.040060 -0.399817 -0.915719
vn  0.027641 -0.387711 -0.921366
vn  0.027641 -0.387711 -0.921366
vn  0.027641 -0.387711 -0.921366
vn  0.027641 -0.387711 -0.921366
vn  0.411858 -0.640284 -0.648390
vn  0.411858 -0.640284 -0.648390
vn  0.411858 -0.640284 -0.648390
vn  0.411858 -0.640284 -0.648390
vn  0.314927 -0.937346 0.149008
vn  0.314927 -0.937346 0.149008
vn  0.314927 -0.937346 0.149008
vn  0.314927 -0.937346 0.149008
vn  0.244116 -0.130150 0.960973
vn  0.170436 -0.475092 -0.863272
vn  0.170436 -0.475092 -0.863272
vn  0.170437 -0.475092 -0.863272
vn  0.170437 -0.475092 -0.863272
vn  -0.446442 0.260960 -0.855914
vn  -0.446442 0.260960 -0.855914
vn  -0.446442 0.260960 -0.855914
vn  -0.699013 0.139087 0.701452
vn  -0.335311 0.022125 0.941848
vn  -0.323566 0.015599 0.946077
vn  -0.315591 0.011186 0.948829
vn  -0.319822 0.013526 0.947381
vn  -0.866577 0.192973 0.460223
vn  -0.865766 0.179577 0.467121
vn  -0.863547 0.152623 0.480617
vn  -0.863511 0.152249 0.480801
vn  -0.358132 -0.064291 0.931455
vn  -0.620510 -0.035906 0.783376
vn  -0.616313 -0.041537 0.786405
vn  -0.616313 -0.041537 0.786405
vn  -0.881185 -0.147240 -0.449258
vn  -0.949616 -0.245038 0.195410
vn  -0.912488 0.142570 -0.383456
vn  -0.915601 0.134236 -0.379019
vn  -0.913019 0.141166 -0.382711
vn  -0.893689 0.188307 -0.407260
vn  -0.363453 0.183354 -0.913391
vn  -0.363738 0.183191 -0.913310
vn  -0.363698 0.183214 -0.913322
vn  -0.358217 0.186336 -0.914855
vn  -0.137561 0.292048 -0.946459
vn  -0.137561 0.292048 -0.946459
vn  -0.137561 0.292048 -0.946459
vn  -0.137561 0.292048 -0.946459
vn  -0.893857 -0.298238 -0.334774
vn  -0.248207 0.572230 0.781631
vn  -0.256459 0.563314 0.785434
vn  -0.252469 0.567642 0.783609
vn  -0.094544 0.452475 0.886751
vn  -0.093732 0.452439 0.886856
vn  -0.093016 0.452406 0.886948
vn  -0.092779 0.451619 0.887374
vn  -0.205818 0.505115 0.838151
vn  -0.412354 0.904547 -0.108437
vn  -0.471595 0.876161 -0.099703
vn  -0.517812 0.850496 -0.092350
vn  -0.507459 0.856529 -0.094041
vn  -0.323106 0.576343 -0.750620
vn  -0.330745 0.573449 -0.749509
vn  -0.329672 0.573859 -0.749668
vn  -0.311753 0.580557 -0.752173
vn  -0.970527 0.219468 -0.099559
vn  -0.906691 0.420952 -0.026682
vn  -0.906691 0.420952 -0.026682
vn  -0.906690 0.420952 -0.026682
vn  -0.906690 0.420952 -0.026682
vn  -0.651222 0.504356 -0.567041
vn  -0.651222 0.504356 -0.567041
vn  -0.651222 0.504355 -0.567041
vn  -0.651222 0.504355 -0.567041
vn  -0.495697 -0.529221 0.688629
vn  -0.495697 -0.529221 0.688629
vn  -0.495697 -0.529221 0.688629
vn  -0.495697 -0.529221 0.688629
vn  -0.811382 0.307005 0.497401
vn  -0.811382 0.307005 0.497401
vn  -0.811382 0.307005 0.497401
vn  -0.811382 0.307005 0.497401
vn  -0.351781 0.568856 -0.743407
vn  -0.351781 0.568856 -0.743407
vn  -0.351781 0.568856 -0.743407
vn  -0.351781 0.568856 -0.743407
vn  -0.951829 -0.279969 -0.125058
vn  -0.951829 -0.279969 -0.125058
vn  -0.951829 -0.279969 -0.125058
vn  -0.951829 -0.279969 -0.125058
vn  -0.740584 -0.008476 -0.671911
vn  -0.740584 -0.008476 -0.671911
vn  -0.740584 -0.008476 -0.671911
vn  -0.740584 -0.008476 -0.671911
vn  -0.605024 0.136137 0.784482
vn  -0.632417 -0.403209 0.661416
vn  -0.632417 -0.403209 0.661416
vn  -0.632417 -0.403209 0.661416
vn  -0.632417 -0.403209 0.661416
vn  -0.388390 0.195546 0.900508
vn  -0.388390 0.195546 0.900508
vn  -0.388390 0.195546 0.900508
vn  -0.272432 -0.364471 -0.890473
vn  -0.354317 0.544505 -0.760246
vn  -0.354317 0.544505 -0.760246
vn  -0.354317 0.544504 -0.760246
vn  -0.938595 -0.336715 -0.075253
vn  -0.961229 -0.223806 0.161090
vn  0.442111 -0.082751 -0.893135
vn  0.993620 -0.107040 -0.035533
vn  0.993620 -0.107039 -0.035533
vn  0.993620 -0.107039 -0.035533
vn  0.993620 -0.107040 -0.035533
vn  -0.297306 0.559566 0.773625
vn  -0.295958 0.561549 0.772704
vn  -0.304564 0.548771 0.778519
vn  -0.305165 0.547867 0.778920
vn  -0.504558 0.409770 0.759941
vn  -0.504455 0.420978 0.753859
vn  -0.504576 0.397324 0.766510
vn  -0.504486 0.384129 0.773265
vn  -0.236277 0.637797 0.733068
vn  -0.238529 0.636344 0.733601
vn  -0.229022 0.642437 0.731316
vn  -0.227498 0.643405 0.730941
vn  0.032079 0.907321 0.419213
vn  0.027780 0.907764 0.418561
vn  0.030059 0.907531 0.418908
vn  0.036413 0.906857 0.419862
vn  0.042340 0.926363 -0.374244
vn  0.031795 0.926347 -0.375328
vn  0.006577 0.925885 -0.377748
vn  0.016094 0.926129 -0.376864
vn  -0.053643 0.167009 -0.984495
vn  -0.087774 0.159325 -0.983316
vn  -0.083052 0.160401 -0.983552
vn  -0.047720 0.168320 -0.984577
vn  -0.183376 -0.171937 -0.967890
vn  -0.087343 0.715682 0.692943
vn  0.091219 0.539739 0.836875
vn  0.092772 0.535177 0.839631
vn  0.094188 0.530995 0.842124
vn  0.089778 0.540282 0.836681
vn  -0.212447 -0.121129 0.969636
vn  -0.238440 -0.436342 0.867613
vn  -0.238440 -0.436342 0.867613
vn  -0.238440 -0.436342 0.867613
vn  -0.238440 -0.436342 0.867613
vn  -0.225377 -0.512687 0.828467
vn  -0.225377 -0.512687 0.828467
vn  -0.225377 -0.512687 0.828467
vn  -0.225377 -0.512687 0.828467
vn  0.213854 0.073367 0.974107
vn  0.497342 0.072609 0.864511
vn  0.497342 0.072609 0.864511
vn  0.497342 0.072609 0.864511
vn  0.497342 0.072609 0.864511
vn  0.893954 0.214345 0.393577
vn  0.800871 0.275371 -0.531767
vn  0.800871 0.275371 -0.531767
vn  0.800871 0.275371 -0.531767
vn  0.800871 0.275371 -0.531767
vn  0.964898 0.262108 -0.016464
vn  0.944257 -0.112062 0.309550
vn  0.954023 -0.075743 0.290006
vn  0.957481 -0.061038 0.281966
vn  0.945196 -0.108834 0.307831
vn  -0.102634 0.935049 0.339336
vn  -0.119214 -0.992345 0.032238
vn  -0.119215 -0.992345 0.032238
vn  -0.119215 -0.992345 0.032238
vn  -0.119214 -0.992345 0.032238
vn  -0.015333 -0.972672 -0.231675
vn  -0.358080 -0.666781 0.653591
vn  -0.122274 -0.176180 -0.976734
vn  -0.122274 -0.176180 -0.976734
vn  -0.122274 -0.176180 -0.976734
vn  -0.122274 -0.176180 -0.976734
vn  -0.037758 0.778707 -0.626250
vn  -0.037758 0.778707 -0.626250
vn  -0.037758 0.778707 -0.626250
vn  -0.037758 0.778707 -0.626250
vn  0.116426 0.982718 0.143913
vn  0.116426 0.982718 0.143913
vn  0.116426 0.982718 0.143913
vn  0.116426 0.982718 0.143913
vn  -0.137607 0.798342 0.586271
vn  -0.137607 0.798342 0.586271
vn  -0.137607 0.798343 0.586271
vn  -0.835210 -0.303923 0.458317
vn  -0.835210 -0.303923 0.458317
vn  -0.835210 -0.303923 0.458317
vn  -0.835210 -0.303923 0.458317
vn  -0.079637 -0.726017 -0.683050
vn  -0.079637 -0.726017 -0.683050
vn  -0.079637 -0.726017 -0.683050
vn  -0.191760 -0.957762 -0.214287
vn  -0.190229 0.645614 0.739591
vn  -0.190229 0.645614 0.739591
vn  -0.190229 0.645614 0.739591
vn  -0.190229 0.645614 0.739591
vn  -0.475926 -0.828081 -0.296271
vn  -0.475926 -0.828081 -0.296271
vn  -0.475926 -0.828081 -0.296271
vn  -0.475926 -0.828081 -0.296271
vn  0.343254 -0.520727 0.781678
vn  0.343254 -0.520727 0.781678
vn  0.343254 -0.520727 0.781678
vn  0.343254 -0.520727 0.781678
vn  -0.461641 -0.323715 0.825891
vn  -0.461641 -0.323715 0.825891
vn  -0.461641 -0.323715 0.825891
vn  -0.461641 -0.323715 0.825891
vn  -0.164943 -0.771701 -0.614225
vn  -0.164943 -0.771701 -0.614225
vn  -0.164943 -0.771701 -0.614225
vn  -0.164943 -0.771701 -0.614225
vn  0.338691 0.761673 0.552398
vn  0.338691 0.761673 0.552398
vn  0.338691 0.761673 0.552398
vn  0.338691 0.761673 0.552398
vn  0.730222 0.507645 -0.457244
vn  0.730222 0.507645 -0.457244
vn  0.730222 0.507645 -0.457244
vn  0.730222 0.507645 -0.457244
vn  -0.546452 -0.284974 0.787515
vn  -0.546452 -0.284974 0.787515
vn  -0.546452 -0.284974 0.787515
vn  -0.546452 -0.284974 0.787515
vn  -0.280723 -0.857251 -0.431643
vn  -0.280723 -0.857251 -0.431643
vn  -0.280723 -0.857251 -0.431643
vn  -0.280723 -0.857251 -0.431643
vn  0.260720 0.837777 0.479745
vn  0.260720 0.837777 0.479745
vn  0.260720 0.837777 0.479745
vn  0.260720 0.837777 0.479745
vn  0.641465 0.408265 -0.649493
vn  0.641465 0.408265 -0.649493
vn  0.641466 0.408265 -0.649493
vn  0.641465 0.408265 -0.649493
vn  0.840165 -0.443943 0.311508
vn  0.157748 0.762351 0.627644
vn  0.157748 0.762351 0.627644
vn  0.157748 0.762351 0.627644
vn  0.157748 0.762351 0.627644
vn  -0.799769 -0.183398 0.571607
vn  -0.799769 -0.183398 0.571607
vn  -0.799769 -0.183398 0.571607
vn  -0.799769 -0.183398 0.571607
vn  0.212433 -0.862155 -0.459958
vn  0.212433 -0.862155 -0.459958
vn  0.212433 -0.862155 -0.459958
vn  0.212433 -0.862155 -0.459958
vn  -0.035518 -0.983228 -0.178889
vn  -0.035518 -0.983228 -0.178889
vn  -0.035518 -0.983228 -0.178889
vn  -0.035518 -0.983228 -0.178889
vn  0.055849 0.499826 0.864323
vn  0.055849 0.499826 0.864323
vn  0.055849 0.499826 0.864323
vn  0.055849 0.499826 0.864323
vn  -0.032459 -0.920762 -0.388772
vn  -0.032459 -0.920762 -0.388772
vn  -0.032459 -0.920762 -0.388772
vn  -0.032459 -0.920762 -0.388772
vn  0.251599 0.955547 0.153711
vn  -0.212532 -0.973374 -0.085863
vn  -0.333618 -0.394380 0.856250
vn  -0.333618 -0.394380 0.856250
vn  -0.333618 -0.394380 0.856250
vn  -0.333618 -0.394380 0.856250
vn  0.304251 0.777318 0.550643
vn  -0.254477 -0.284981 0.924136
vn  -0.254477 -0.284981 0.924136
vn  -0.254477 -0.284981 0.924136
vn  -0.254477 -0.284982 0.924136
vn  0.470261 0.773663 0.424619
vn  -0.205114 -0.940712 -0.270165
vn  -0.205114 -0.940712 -0.270165
vn  -0.205114 -0.940712 -0.270165
vn  0.209406 0.658005 0.723311
vn  0.198882 0.662957 0.721758
vn  0.212997 0.656292 0.723819
vn  0.216949 0.654392 0.724365
vn  0.245923 0.858759 0.449505
vn  0.243915 0.859418 0.449340
vn  0.281979 0.846202 0.452140
vn  0.291690 0.842581 0.452740
vn  0.170187 0.491864 -0.853877
vn  0.171352 0.491178 -0.854039
vn  0.151734 0.495313 -0.855361
vn  0.136212 0.498506 -0.856118
vn  -0.099274 0.145742 -0.984329
vn  -0.099321 0.145502 -0.984360
vn  -0.123296 0.142874 -0.982031
vn  -0.110927 0.143976 -0.983344
vn  0.189311 0.678278 0.710000
vn  0.173701 0.683715 0.708775
vn  0.195948 0.675904 0.710463
vn  -0.429504 -0.162117 -0.888394
vn  -0.429504 -0.162117 -0.888394
vn  -0.429504 -0.162117 -0.888394
vn  -0.429504 -0.162117 -0.888394
vn  -0.992467 -0.117810 0.033612
vn  -0.992467 -0.117810 0.033612
vn  -0.992467 -0.117810 0.033612
vn  -0.992467 -0.117810 0.033612
vn  0.936689 -0.330863 -0.114644
vn  0.935829 -0.333914 -0.112808
vn  0.942960 -0.306941 -0.128896
vn  0.946008 -0.294001 -0.136500
vn  -0.389664 0.116869 0.913512
vn  0.661197 0.396463 0.636895
vn  0.354201 0.757776 -0.548012
vn  0.244999 0.793933 -0.556459
vn  0.269237 0.786906 -0.555240
vn  0.337245 0.764166 -0.549834
vn  0.169780 0.146026 -0.974603
vn  0.192408 0.138005 -0.971563
vn  0.179876 0.142457 -0.973319
vn  0.136341 0.157679 -0.978033
vn  0.810103 -0.282047 0.513986
vn  0.801237 -0.294088 0.521087
vn  0.832753 -0.249423 0.494278
vn  0.806495 -0.591109 -0.012513
vn  0.846972 -0.529141 -0.051459
vn  0.845204 -0.532133 -0.049638
vn  0.814264 -0.580164 -0.019591
vn  0.544502 -0.428822 -0.720853
vn  0.141442 -0.106199 -0.984234
vn  -0.392112 -0.123997 -0.911522
vn  0.979687 -0.086373 0.180981
vn  0.932948 -0.028224 0.358904
vn  0.285709 0.022203 0.958059
vn  0.285709 0.022203 0.958059
vn  0.285709 0.022203 0.958059
vn  0.285709 0.022203 0.958059
vn  0.878282 -0.310286 0.363790
vn  0.878282 -0.310286 0.363790
vn  0.878282 -0.310286 0.363790
vn  0.878282 -0.310286 0.363790
vn  0.453319 -0.241600 -0.857981
vn  -0.076850 0.777228 0.624508
vn  -0.048934 0.784142 0.618649
vn  -0.050949 0.786191 0.615880
vn  -0.070495 0.779489 0.622437
vn  0.204217 -0.126622 -0.970702
vn  -0.132081 0.127544 -0.982999
vn  -0.139355 0.127272 -0.982030
vn  -0.121355 0.127931 -0.984331
vn  -0.098722 0.128699 -0.986758
vn  -0.195090 0.902666 -0.383581
vn  -0.162061 0.915851 0.367360
vn  -0.157499 0.917079 0.366279
vn  -0.157354 0.917118 0.366245
vn  -0.163759 0.915388 0.367761
vn  0.370041 0.330326 0.868305
vn  0.101500 -0.277828 0.955254
vn  0.101500 -0.277828 0.955254
vn  0.101500 -0.277828 0.955254
vn  0.101500 -0.277828 0.955254
vn  0.107096 0.212268 -0.971325
vn  0.107096 0.212268 -0.971325
vn  0.107096 0.212268 -0.971325
vn  0.107096 0.212268 -0.971325
vn  0.772879 0.268227 -0.575076
vn  0.772879 0.268227 -0.575076
vn  0.772879 0.268227 -0.575076
vn  0.772879 0.268227 -0.575076
vn  0.040060 -0.399817 -0.915719
vn  0.040060 -0.399817 -0.915719
vn  0.040060 -0.399817 -0.915719
vn  0.040060 -0.399817 -0.915719
vn  -0.027641 -0.387711 -0.921366
vn  -0.411858 -0.640284 -0.648390
vn  -0.411858 -0.640284 -0.648390
vn  -0.411858 -0.640284 -0.648390
vn  -0.411858 -0.640284 -0.648390
vn  -0.314927 -0.937346 0.149008
vn  -0.314927 -0.937346 0.149008
vn  -0.314927 -0.937346 0.149008
vn  -0.314927 -0.937346 0.149008
vn  -0.244116 -0.130150 0.960973
vn  -0.170436 -0.475092 -0.863272
vn  0.446442 0.260960 -0.855914
vn  0.446442 0.260960 -0.855914
vn  0.446442 0.260960 -0.855914
vn  0.504886 0.203646 0.838820
vn  0.699013 0.139087 0.701453
vn  0.699013 0.139087 0.701452
vn  0.699013 0.139087 0.701452
vn  0.699013 0.139087 0.701452
vn  0.335284 0.022109 0.941858
vn  0.319813 0.013520 0.947384
vn  0.314617 0.010585 0.949160
vn  0.305638 0.004560 0.952137
vn  0.866571 0.192848 0.460287
vn  0.863508 0.152219 0.480815
vn  0.863546 0.152604 0.480625
vn  0.865763 0.179527 0.467145
vn  0.362918 -0.061536 0.929787
vn  0.357611 -0.064591 0.931634
vn  0.357611 -0.064591 0.931634
vn  0.357034 -0.064974 0.931829
vn  0.620501 -0.035920 0.783383
vn  0.616313 -0.041539 0.786405
vn  0.616313 -0.041539 0.786405
vn  0.882186 -0.155276 -0.444565
vn  0.882229 -0.155639 -0.444352
vn  0.882229 -0.155639 -0.444352
vn  0.881189 -0.147272 -0.449241
vn  0.913026 0.141146 -0.382702
vn  0.915602 0.134232 -0.379019
vn  0.912501 0.142536 -0.383440
vn  0.893750 0.188167 -0.407190
vn  0.363775 0.183172 -0.913299
vn  0.363738 0.183190 -0.913310
vn  0.363454 0.183353 -0.913391
vn  0.358230 0.186328 -0.914851
vn  0.137561 0.292048 -0.946459
vn  0.137560 0.292048 -0.946459
vn  0.137560 0.292048 -0.946459
vn  0.137560 0.292048 -0.946459
vn  0.895807 -0.277439 -0.347214
vn  0.893265 -0.303601 -0.331519
vn  0.893256 -0.303676 -0.331473
vn  0.893856 -0.298240 -0.334774
vn  0.248212 0.572225 0.781632
vn  0.252474 0.567637 0.783610
vn  0.256460 0.563313 0.785434
vn  0.094544 0.452475 0.886751
vn  0.093150 0.452412 0.886931
vn  0.093018 0.452406 0.886948
vn  0.093733 0.452438 0.886856
vn  0.207459 0.500881 0.840285
vn  0.412513 0.904477 -0.108414
vn  0.507492 0.856510 -0.094036
vn  0.517831 0.850484 -0.092347
vn  0.471735 0.876088 -0.099682
vn  0.331916 0.573096 -0.749261
vn  0.330857 0.573411 -0.749489
vn  0.323126 0.576335 -0.750618
vn  0.311788 0.580544 -0.752168
vn  0.970527 0.219468 -0.099559
vn  0.970527 0.219468 -0.099559
vn  0.970527 0.219468 -0.099559
vn  0.970526 0.219469 -0.099559
vn  0.906691 0.420951 -0.026682
vn  0.906690 0.420952 -0.026682
vn  0.906690 0.420952 -0.026682
vn  0.906691 0.420951 -0.026682
vn  0.651222 0.504356 -0.567041
vn  0.651222 0.504355 -0.567041
vn  0.651222 0.504355 -0.567041
vn  0.651222 0.504356 -0.567041
vn  0.495696 -0.529222 0.688629
vn  0.495696 -0.529222 0.688629
vn  0.495696 -0.529222 0.688629
vn  0.495696 -0.529222 0.688629
vn  0.811382 0.307004 0.497401
vn  0.811382 0.307004 0.497401
vn  0.811382 0.307005 0.497401
vn  0.811382 0.307005 0.497401
vn  0.351781 0.568856 -0.743407
vn  0.351781 0.568856 -0.743407
vn  0.351781 0.568856 -0.743407
vn  0.351781 0.568856 -0.743407
vn  0.951828 -0.279970 -0.125058
vn  0.951828 -0.279970 -0.125058
vn  0.951828 -0.279970 -0.125058
vn  0.951828 -0.279970 -0.125058
vn  0.740584 -0.008477 -0.671911
vn  0.740584 -0.008477 -0.671911
vn  0.740584 -0.008477 -0.671911
vn  0.740584 -0.008477 -0.671911
vn  0.632416 -0.403210 0.661416
vn  0.632416 -0.403210 0.661416
vn  0.632416 -0.403210 0.661416
vn  0.632416 -0.403210 0.661416
vn  0.388390 0.195545 0.900508
vn  0.388390 0.195546 0.900508
vn  0.388390 0.195545 0.900508
vn  0.354317 0.544504 -0.760246
vn  0.354317 0.544505 -0.760246
vn  0.354317 0.544504 -0.760246
vn  -0.993620 -0.107038 -0.035534
vn  -0.993620 -0.107038 -0.035534
vn  -0.993620 -0.107039 -0.035533
vn  -0.993620 -0.107039 -0.035533
vn  -0.315690 -0.018164 0.948688
vn  0.297311 0.559560 0.773627
vn  0.305167 0.547866 0.778920
vn  0.304565 0.548770 0.778519
vn  0.295961 0.561546 0.772705
vn  0.504487 0.384127 0.773265
vn  0.236281 0.637795 0.733068
vn  0.227511 0.643397 0.730944
vn  0.229048 0.642422 0.731322
vn  0.238536 0.636340 0.733602
vn  -0.032044 0.907324 0.419208
vn  -0.036353 0.906863 0.419854
vn  -0.029945 0.907543 0.418891
vn  -0.027710 0.907771 0.418551
vn  -0.042241 0.926364 -0.374254
vn  -0.016054 0.926128 -0.376867
vn  -0.006524 0.925883 -0.377753
vn  -0.031608 0.926346 -0.375346
vn  0.083054 0.160401 -0.983552
vn  0.087777 0.159324 -0.983316
vn  0.053675 0.167002 -0.984494
vn  0.047744 0.168315 -0.984576
vn  0.183376 -0.171938 -0.967890
vn  0.095167 0.715830 0.691759
vn  0.095167 0.715830 0.691759
vn  0.094466 0.715819 0.691867
vn  0.087346 0.715682 0.692943
vn  -0.088581 0.542856 0.835141
vn  -0.089776 0.540282 0.836681
vn  -0.094183 0.531006 0.842118
vn  -0.092767 0.535187 0.839624
vn  0.212447 -0.121129 0.969636
vn  0.238440 -0.436342 0.867613
vn  0.238440 -0.436342 0.867613
vn  0.238440 -0.436342 0.867613
vn  0.238440 -0.436342 0.867613
vn  0.225377 -0.512687 0.828467
vn  0.225377 -0.512687 0.828467
vn  0.225377 -0.512687 0.828467
vn  0.225377 -0.512687 0.828467
vn  0.251965 -0.189023 -0.949096
vn  0.298674 -0.616840 0.728218
vn  0.144778 0.549603 -0.822786

g ProstheticLeg_girl
usemtl F:\PRO\People\images\people_pal\people_pal_s18.png
f  1/1/1 2/2/2 3/3/3
f  4/4/4 5/5/5 6/6/6
f  7/7/7 4/4/4 6/6/6
f  8/8/8 9/9/9 10/10/10
f  11/11/11 8/8/8 10/10/10
f  12/12/12 13/13/13 14/14/14
f  15/15/15 12/12/12 14/14/14
f  16/16/16 17/17/17 18/18/18
f  19/19/19 16/16/16 18/18/18
f  20/20/20 21/21/21 22/22/22
f  23/23/23 20/20/20 22/22/22
f  24/24/24 25/25/25 26/26/26
f  27/27/27 24/24/24 26/26/26
f  28/28/28 29/29/29 30/30/30
f  31/31/31 28/28/28 30/30/30
f  32/32/32 33/33/33 34/34/34
f  35/35/35 32/32/32 34/34/34
f  36/36/36 37/37/37 38/38/38
f  39/39/39 36/36/36 38/38/38
f  40/40/40 41/41/41 42/42/42
f  43/43/43 40/40/40 42/42/42
f  44/44/44 45/45/45 46/46/46
f  47/47/47 48/48/48 49/49/49
f  50/50/50 51/51/51 52/52/52
f  53/53/53 54/54/54 55/55/55
f  56/56/56 57/57/57 58/58/58
f  59/59/59 60/60/60 61/61/61
f  62/62/62 63/63/63 64/64/64
f  65/65/65 66/66/66 67/67/67
f  68/68/68 69/69/69 70/70/70
f  71/71/71 72/72/72 73/73/73
f  74/74/74 75/75/75 76/76/76
f  77/77/77 78/78/78 79/79/79
f  80/80/80 81/81/81 82/82/82
f  83/83/83 80/80/80 82/82/82
f  84/84/84 85/85/85 86/86/86
f  87/87/87 84/84/84 86/86/86
f  88/88/88 89/89/89 90/90/90
f  91/91/91 88/88/88 90/90/90
f  92/92/92 93/93/93 94/94/94
f  95/95/95 96/96/96 97/97/97
f  98/98/98 99/99/99 100/100/100
f  101/101/101 102/102/102 103/103/103
f  104/104/104 105/105/105 106/106/106
f  107/107/107 108/108/108 109/109/109
f  110/110/110 111/111/111 112/112/112
f  113/113/113 114/114/114 115/115/115
f  116/116/116 117/117/117 118/118/118
f  119/119/119 120/120/120 121/121/121
f  122/122/122 123/123/123 124/124/124
f  125/125/125 126/126/126 127/127/127
f  128/128/128 129/129/129 130/130/130
f  131/131/131 132/132/132 133/133/133
f  134/134/134 135/135/135 136/136/136
f  137/137/137 138/138/138 139/139/139
f  140/140/140 141/141/141 142/142/142
f  143/143/143 144/144/144 145/145/145
f  146/146/146 147/147/147 148/148/148
f  149/149/149 150/150/150 151/151/151
f  152/152/152 153/153/153 154/154/154
f  155/155/155 156/156/156 157/157/157
f  158/158/158 155/155/155 157/157/157
f  159/159/159 160/160/160 161/161/161
f  162/162/162 159/159/159 161/161/161
f  163/163/163 164/164/164 165/165/165
f  166/166/166 167/167/167 168/168/168
f  169/169/169 170/170/170 171/171/171
f  172/172/172 173/173/173 174/174/174
f  175/175/175 172/172/172 174/174/174
f  176/176/176 177/177/177 178/178/178
f  179/179/179 176/176/176 178/178/178
f  180/180/180 181/181/181 182/182/182
f  183/183/183 180/180/180 182/182/182
f  184/184/184 185/185/185 186/186/186
f  187/187/187 184/184/184 186/186/186
f  188/188/188 189/189/189 190/190/190
f  191/191/191 188/188/188 190/190/190
f  192/192/192 193/193/193 194/194/194
f  195/195/195 196/196/196 197/197/197
f  198/198/198 199/199/199 200/200/200
f  201/201/201 198/198/198 200/200/200
f  202/202/202 203/203/203 204/204/204
f  205/205/205 202/202/202 204/204/204
f  206/206/206 207/207/207 208/208/208
f  209/209/209 206/206/206 208/208/208
f  210/210/210 211/211/211 212/212/212
f  213/213/213 214/214/214 215/215/215
f  216/216/216 213/213/213 215/215/215
f  217/217/217 218/218/218 219/219/219
f  220/220/220 217/217/217 219/219/219
f  221/221/221 222/222/222 223/223/223
f  224/224/224 225/225/225 226/226/226
f  227/227/227 224/224/224 226/226/226
f  228/228/228 229/229/229 230/230/230
f  231/231/231 228/228/228 230/230/230
f  232/232/232 233/233/233 234/234/234
f  235/235/235 232/232/232 234/234/234
f  236/236/236 237/237/237 238/238/238
f  239/239/239 236/236/236 238/238/238
f  240/240/240 241/241/241 242/242/242
f  243/243/243 240/240/240 242/242/242
f  244/244/244 245/245/245 246/246/246
f  247/247/247 244/244/244 246/246/246
f  248/248/248 249/249/249 250/250/250
f  251/251/251 248/248/248 250/250/250
f  252/252/252 253/253/253 254/254/254
f  255/255/255 252/252/252 254/254/254
f  256/256/256 257/257/257 258/258/258
f  259/259/259 256/256/256 258/258/258
f  260/260/260 261/261/261 262/262/262
f  263/263/263 260/260/260 262/262/262
f  264/264/264 265/265/265 266/266/266
f  267/267/267 264/264/264 266/266/266
f  268/268/268 269/269/269 270/270/270
f  271/271/271 268/268/268 270/270/270
f  272/272/272 273/273/273 274/274/274
f  275/275/275 272/272/272 274/274/274
f  276/276/276 277/277/277 278/278/278
f  279/279/279 276/276/276 278/278/278
f  280/280/280 281/281/281 282/282/282
f  283/283/283 280/280/280 282/282/282
f  284/284/284 285/285/285 286/286/286
f  287/287/287 284/284/284 286/286/286
f  288/288/288 289/289/289 290/290/290
f  291/291/291 288/288/288 290/290/290
f  292/292/292 293/293/293 294/294/294
f  295/295/295 292/292/292 294/294/294
f  296/296/296 297/297/297 298/298/298
f  299/299/299 300/300/300 301/301/301
f  302/302/302 299/299/299 301/301/301
f  303/303/303 304/304/304 305/305/305
f  306/306/306 307/307/307 308/308/308
f  309/309/309 306/306/306 308/308/308
f  310/310/310 311/311/311 312/312/312
f  313/313/313 310/310/310 312/312/312
f  314/314/314 315/315/315 316/316/316
f  317/317/317 314/314/314 316/316/316
f  318/318/318 319/319/319 320/320/320
f  321/321/321 318/318/318 320/320/320
f  322/322/322 323/323/323 324/324/324
f  325/325/325 326/326/326 327/327/327
f  328/328/328 329/329/329 330/330/330
f  331/331/331 328/328/328 330/330/330
f  332/332/332 333/333/333 334/334/334
f  335/335/335 336/336/336 337/337/337
f  338/338/338 335/335/335 337/337/337
f  339/339/339 340/340/340 341/341/341
f  342/342/342 339/339/339 341/341/341
f  343/343/343 344/344/344 345/345/345
f  346/346/346 347/347/347 348/348/348
f  349/349/349 346/346/346 348/348/348
f  350/350/350 351/351/351 352/352/352
f  353/353/353 350/350/350 352/352/352
f  354/354/354 355/355/355 356/356/356
f  357/357/357 354/354/354 356/356/356
f  358/358/358 359/359/359 360/360/360
f  361/361/361 358/358/358 360/360/360
f  362/362/362 363/363/363 364/364/364
f  365/365/365 366/366/366 367/367/367
f  368/368/368 365/365/365 367/367/367
f  369/369/369 370/370/370 371/371/371
f  372/372/372 369/369/369 371/371/371
f  373/373/373 374/374/374 375/375/375
f  376/376/376 373/373/373 375/375/375
f  377/377/377 378/378/378 379/379/379
f  380/380/380 381/381/381 382/382/382
f  383/383/383 380/380/380 382/382/382
f  384/384/384 385/385/385 386/386/386
f  387/387/387 384/384/384 386/386/386
f  388/388/388 389/389/389 390/390/390
f  391/391/391 388/388/388 390/390/390
f  392/392/392 393/393/393 394/394/394
f  395/395/395 392/392/392 394/394/394
f  396/396/396 397/397/397 398/398/398
f  399/399/399 396/396/396 398/398/398
f  400/400/400 401/401/401 402/402/402
f  403/403/403 400/400/400 402/402/402
f  404/404/404 405/405/405 406/406/406
f  407/407/407 404/404/404 406/406/406
f  408/408/408 409/409/409 410/410/410
f  411/411/411 408/408/408 410/410/410
f  412/412/412 413/413/413 414/414/414
f  415/415/415 412/412/412 414/414/414
f  416/416/416 417/417/417 418/418/418
f  419/419/419 416/416/416 418/418/418
f  420/420/420 421/421/421 422/422/422
f  423/423/423 420/420/420 422/422/422
f  424/424/424 425/425/425 426/426/426
f  427/427/427 424/424/424 426/426/426
f  428/428/428 429/429/429 430/430/430
f  431/431/431 428/428/428 430/430/430
f  432/432/432 433/433/433 434/434/434
f  435/435/435 436/436/436 437/437/437
f  438/438/438 439/439/439 440/440/440
f  441/441/441 438/438/438 440/440/440
f  442/442/442 443/443/443 444/444/444
f  445/445/445 442/442/442 444/444/444
f  446/446/446 447/447/447 448/448/448
f  449/449/449 446/446/446 448/448/448
f  450/450/450 451/451/451 452/452/452
f  453/453/453 454/454/454 455/455/455
f  456/456/456 457/457/457 458/458/458
f  459/459/459 456/456/456 458/458/458
f  460/460/460 461/461/461 462/462/462
f  463/463/463 464/464/464 465/465/465
f  466/466/466 467/467/467 468/468/468
f  469/469/469 470/470/470 471/471/471
f  472/472/472 469/469/469 471/471/471
f  473/473/473 474/474/474 475/475/475
f  476/476/476 477/477/477 478/478/478
f  479/479/479 476/476/476 478/478/478
f  480/480/480 481/481/481 482/482/482
f  483/483/483 480/480/480 482/482/482
f  484/484/484 485/485/485 486/486/486
f  487/487/487 484/484/484 486/486/486
f  488/488/488 489/489/489 490/490/490
f  491/491/491 488/488/488 490/490/490
f  492/492/492 493/493/493 494/494/494
f  495/495/495 492/492/492 494/494/494
f  496/496/496 497/497/497 498/498/498
f  499/499/499 496/496/496 498/498/498
f  500/500/500 501/501/501 502/502/502
f  503/503/503 504/504/504 505/505/505
f  506/506/506 503/503/503 505/505/505
f  507/507/507 508/508/508 509/509/509
f  510/510/510 511/511/511 512/512/512
f  513/513/513 514/514/514 515/515/515
f  516/516/516 513/513/513 515/515/515
f  517/517/517 518/518/518 519/519/519
f  520/520/520 517/517/517 519/519/519
f  521/521/521 522/522/522 523/523/523
f  524/524/524 521/521/521 523/523/523
f  525/525/525 526/526/526 527/527/527
f  528/528/528 525/525/525 527/527/527
f  529/529/529 530/530/530 531/531/531
f  532/532/532 529/529/529 531/531/531
f  533/533/533 534/534/534 535/535/535
f  536/536/536 533/533/533 535/535/535
f  537/537/537 538/538/538 539/539/539
f  540/540/540 537/537/537 539/539/539
f  541/541/541 542/542/542 543/543/543
f  544/544/544 541/541/541 543/543/543
f  545/545/545 546/546/546 547/547/547
f  548/548/548 545/545/545 547/547/547
f  549/549/549 550/550/550 551/551/551
f  552/552/552 553/553/553 554/554/554
f  555/555/555 552/552/552 554/554/554
f  556/556/556 557/557/557 558/558/558
f  559/559/559 556/556/556 558/558/558
f  560/560/560 561/561/561 562/562/562
f  563/563/563 560/560/560 562/562/562
f  564/564/564 565/565/565 566/566/566
f  567/567/567 564/564/564 566/566/566
f  568/568/568 569/569/569 570/570/570
f  571/571/571 568/568/568 570/570/570
f  572/572/572 573/573/573 574/574/574
f  575/575/575 572/572/572 574/574/574
f  576/576/576 577/577/577 578/578/578
f  579/579/579 576/576/576 578/578/578
f  580/580/580 581/581/581 582/582/582
f  583/583/583 584/584/584 585/585/585
f  586/586/586 583/583/583 585/585/585
f  587/587/587 588/588/588 589/589/589
f  590/590/590 587/587/587 589/589/589
f  591/591/591 592/592/592 593/593/593
f  594/594/594 591/591/591 593/593/593
f  595/595/595 596/596/596 597/597/597
f  598/598/598 599/599/599 600/600/600
f  601/601/601 598/598/598 600/600/600
f  602/602/602 603/603/603 604/604/604
f  605/605/605 606/606/606 607/607/607
f  608/608/608 605/605/605 607/607/607
f  609/609/609 610/610/610 611/611/611
f  612/612/612 609/609/609 611/611/611
f  613/613/613 614/614/614 615/615/615
f  616/616/616 613/613/613 615/615/615
f  617/617/617 618/618/618 619/619/619
f  620/620/620 621/621/621 622/622/622
f  623/623/623 620/620/620 622/622/622
f  624/624/624 625/625/625 626/626/626
f  627/627/627 628/628/628 629/629/629
f  630/630/630 627/627/627 629/629/629
f  631/631/631 632/632/632 633/633/633
f  634/634/634 631/631/631 633/633/633
f  635/635/635 636/636/636 637/637/637
f  638/638/638 635/635/635 637/637/637
f  639/639/639 640/640/640 641/641/641
f  642/642/642 639/639/639 641/641/641
f  643/643/643 644/644/644 645/645/645
f  646/646/646 643/643/643 645/645/645
f  647/647/647 648/648/648 649/649/649
f  650/650/650 647/647/647 649/649/649
f  651/651/651 652/652/652 653/653/653
f  654/654/654 651/651/651 653/653/653
f  655/655/655 656/656/656 657/657/657
f  658/658/658 655/655/655 657/657/657
f  659/659/659 660/660/660 661/661/661
f  662/662/662 659/659/659 661/661/661
f  663/663/663 664/664/664 665/665/665
f  666/666/666 663/663/663 665/665/665
f  667/667/667 668/668/668 669/669/669
f  670/670/670 671/671/671 672/672/672
f  673/673/673 674/674/674 675/675/675
f  676/676/676 677/677/677 678/678/678
f  679/679/679 676/676/676 678/678/678
f  680/680/680 681/681/681 682/682/682
f  683/683/683 680/680/680 682/682/682
f  684/684/684 685/685/685 686/686/686
f  687/687/687 688/688/688 689/689/689
f  690/690/690 691/691/691 692/692/692
f  693/693/693 694/694/694 695/695/695
f  696/696/696 697/697/697 698/698/698
f  699/699/699 700/700/700 701/701/701
f  702/702/702 703/703/703 704/704/704
f  705/705/705 706/706/706 707/707/707
f  708/708/708 709/709/709 710/710/710
f  711/711/711 712/712/712 713/713/713
f  714/714/714 711/711/711 713/713/713
f  715/715/715 716/716/716 717/717/717
f  718/718/718 715/715/715 717/717/717
f  719/719/719 720/720/720 721/721/721
f  722/722/722 719/719/719 721/721/721
f  723/723/723 724/724/724 725/725/725
f  726/726/726 723/723/723 725/725/725
f  727/727/727 728/728/728 729/729/729
f  730/730/730 727/727/727 729/729/729
f  731/731/731 732/732/732 733/733/733
f  734/734/734 731/731/731 733/733/733
f  735/735/735 736/736/736 737/737/737
f  738/738/738 735/735/735 737/737/737
f  739/739/739 740/740/740 741/741/741
f  742/742/742 739/739/739 741/741/741
f  743/743/743 744/744/744 745/745/745
f  746/746/746 743/743/743 745/745/745
f  747/747/747 748/748/748 749/749/749
f  750/750/750 747/747/747 749/749/749
f  751/751/751 752/752/752 753/753/753
f  754/754/754 751/751/751 753/753/753
f  755/755/755 756/756/756 757/757/757
f  758/758/758 755/755/755 757/757/757
f  759/759/759 760/760/760 761/761/761
f  762/762/762 759/759/759 761/761/761
f  763/763/763 764/764/764 765/765/765
f  766/766/766 763/763/763 765/765/765
f  767/767/767 768/768/768 769/769/769
f  770/770/770 767/767/767 769/769/769
f  771/771/771 772/772/772 773/773/773
f  774/774/774 771/771/771 773/773/773
f  775/775/775 776/776/776 777/777/777
f  778/778/778 775/775/775 777/777/777
f  779/779/779 780/780/780 781/781/781
f  782/782/782 779/779/779 781/781/781
f  783/783/783 784/784/784 785/785/785
f  786/786/786 783/783/783 785/785/785
f  787/787/787 788/788/788 789/789/789
f  790/790/790 787/787/787 789/789/789
f  791/791/791 792/792/792 793/793/793
f  794/794/794 791/791/791 793/793/793
f  795/795/795 796/796/796 797/797/797
f  798/798/798 799/799/799 800/800/800
f  801/801/801 798/798/798 800/800/800
f  802/802/802 803/803/803 804/804/804
f  805/805/805 802/802/802 804/804/804
f  806/806/806 807/807/807 808/808/808
f  809/809/809 806/806/806 808/808/808
f  810/810/810 811/811/811 812/812/812
f  813/813/813 814/814/814 815/815/815
f  816/816/816 813/813/813 815/815/815
f  817/817/817 818/818/818 819/819/819
f  820/820/820 817/817/817 819/819/819
f  821/821/821 822/822/822 823/823/823
f  824/824/824 821/821/821 823/823/823
f  825/825/825 826/826/826 827/827/827
f  828/828/828 825/825/825 827/827/827
f  829/829/829 830/830/830 831/831/831
f  832/832/832 829/829/829 831/831/831
f  833/833/833 834/834/834 835/835/835
f  836/836/836 833/833/833 835/835/835
f  837/837/837 838/838/838 839/839/839
f  840/840/840 837/837/837 839/839/839
f  841/841/841 842/842/842 843/843/843
f  844/844/844 841/841/841 843/843/843
f  845/845/845 846/846/846 847/847/847
f  848/848/848 845/845/845 847/847/847
f  849/849/849 850/850/850 851/851/851
f  852/852/852 849/849/849 851/851/851
f  853/853/853 854/854/854 855/855/855
f  856/856/856 853/853/853 855/855/855
f  857/857/857 858/858/858 859/859/859
f  860/860/860 857/857/857 859/859/859
f  861/861/861 862/862/862 863/863/863
f  864/864/864 861/861/861 863/863/863
f  865/865/865 866/866/866 867/867/867
f  868/868/868 865/865/865 867/867/867
f  869/869/869 870/870/870 871/871/871
f  872/872/872 869/869/869 871/871/871
f  873/873/873 874/874/874 875/875/875
f  876/876/876 873/873/873 875/875/875
f  877/877/877 878/878/878 879/879/879
f  880/880/880 877/877/877 879/879/879
f  881/881/881 882/882/882 883/883/883
f  884/884/884 881/881/881 883/883/883
f  885/885/885 886/886/886 887/887/887
f  888/888/888 885/885/885 887/887/887
f  889/889/889 890/890/890 891/891/891
f  892/892/892 889/889/889 891/891/891
f  893/893/893 894/894/894 895/895/895
f  896/896/896 893/893/893 895/895/895
f  897/897/897 898/898/898 899/899/899
f  900/900/900 897/897/897 899/899/899
f  901/901/901 902/902/902 903/903/903
f  904/904/904 901/901/901 903/903/903
f  905/905/905 906/906/906 907/907/907
f  908/908/908 905/905/905 907/907/907
f  909/909/909 910/910/910 911/911/911
f  912/912/912 909/909/909 911/911/911
f  913/913/913 914/914/914 915/915/915
f  916/916/916 913/913/913 915/915/915
f  917/917/917 918/918/918 919/919/919
f  920/920/920 917/917/917 919/919/919
f  921/921/921 922/922/922 923/923/923
f  924/924/924 921/921/921 923/923/923
f  925/925/925 926/926/926 927/927/927
f  928/928/928 925/925/925 927/927/927
f  929/929/929 930/930/930 931/931/931
f  932/932/932 929/929/929 931/931/931
f  933/933/933 934/934/934 935/935/935
f  936/936/936 933/933/933 935/935/935
f  937/937/937 938/938/938 939/939/939
f  940/940/940 937/937/937 939/939/939
f  941/941/941 942/942/942 943/943/943
f  944/944/944 941/941/941 943/943/943
f  945/945/945 946/946/946 947/947/947
f  948/948/948 945/945/945 947/947/947
f  949/949/949 950/950/950 951/951/951
f  952/952/952 949/949/949 951/951/951
f  953/953/953 954/954/954 955/955/955
f  956/956/956 953/953/953 955/955/955
f  957/957/957 958/958/958 959/959/959
f  960/960/960 957/957/957 959/959/959
f  961/961/961 962/962/962 963/963/963
f  964/964/964 961/961/961 963/963/963
f  965/965/965 966/966/966 967/967/967
f  968/968/968 965/965/965 967/967/967
f  969/969/969 970/970/970 971/971/971
f  972/972/972 969/969/969 971/971/971
f  973/973/973 974/974/974 975/975/975
f  976/976/976 973/973/973 975/975/975
f  977/977/977 978/978/978 979/979/979
f  980/980/980 977/977/977 979/979/979
f  981/981/981 982/982/982 983/983/983
f  984/984/984 981/981/981 983/983/983
f  985/985/985 986/986/986 987/987/987
f  988/988/988 985/985/985 987/987/987
f  989/989/989 990/990/990 991/991/991
f  992/992/992 989/989/989 991/991/991
f  993/993/993 994/994/994 995/995/995
f  996/996/996 993/993/993 995/995/995
f  997/997/997 998/998/998 999/999/999
f  1000/1000/1000 997/997/997 999/999/999
f  1001/1001/1001 1002/1002/1002 1003/1003/1003
f  1004/1004/1004 1001/1001/1001 1003/1003/1003
f  1005/1005/1005 1006/1006/1006 1007/1007/1007
f  1008/1008/1008 1005/1005/1005 1007/1007/1007
f  1009/1009/1009 1010/1010/1010 1011/1011/1011
f  1012/1012/1012 1013/1013/1013 1014/1014/1014
f  1015/1015/1015 1016/1016/1016 1017/1017/1017
f  1018/1018/1018 1019/1019/1019 1020/1020/1020
f  1021/1021/1021 1022/1022/1022 1023/1023/1023
f  1024/1024/1024 1021/1021/1021 1023/1023/1023
f  2/2/2 1025/1025/1025 3/3/3
f  1026/1026/1026 44/44/44 46/46/46
f  1027/1027/1027 47/47/47 49/49/49
f  1028/1028/1028 50/50/50 52/52/52
f  1029/1029/1029 53/53/53 55/55/55
f  1030/1030/1030 56/56/56 58/58/58
f  1031/1031/1031 59/59/59 61/61/61
f  1032/1032/1032 1033/1033/1033 1034/1034/1034
f  1035/1035/1035 1032/1032/1032 1034/1034/1034
f  1036/1036/1036 1037/1037/1037 1038/1038/1038
f  1039/1039/1039 1036/1036/1036 1038/1038/1038
f  1040/1040/1040 1041/1041/1041 1042/1042/1042
f  1043/1043/1043 1040/1040/1040 1042/1042/1042
f  1044/1044/1044 1045/1045/1045 1046/1046/1046
f  1047/1047/1047 1044/1044/1044 1046/1046/1046
f  1048/1048/1048 1049/1049/1049 1050/1050/1050
f  1051/1051/1051 1048/1048/1048 1050/1050/1050
f  1052/1052/1052 1053/1053/1053 1054/1054/1054
f  1055/1055/1055 1052/1052/1052 1054/1054/1054
f  1056/1056/1056 1057/1057/1057 1058/1058/1058
f  1059/1059/1059 1056/1056/1056 1058/1058/1058
f  1060/1060/1060 1061/1061/1061 1062/1062/1062
f  1063/1063/1063 1060/1060/1060 1062/1062/1062
f  1064/1064/1064 1065/1065/1065 1066/1066/1066
f  1067/1067/1067 1064/1064/1064 1066/1066/1066
f  1068/1068/1068 1069/1069/1069 1070/1070/1070
f  1071/1071/1071 1068/1068/1068 1070/1070/1070
f  1072/1072/1072 1073/1073/1073 1074/1074/1074
f  1075/1075/1075 1072/1072/1072 1074/1074/1074
f  1076/1076/1076 1077/1077/1077 1078/1078/1078
f  1079/1079/1079 1076/1076/1076 1078/1078/1078
f  63/63/63 1080/1080/1080 64/64/64
f  66/66/66 1081/1081/1081 67/67/67
f  69/69/69 1082/1082/1082 70/70/70
f  72/72/72 1083/1083/1083 73/73/73
f  75/75/75 1084/1084/1084 76/76/76
f  78/78/78 1085/1085/1085 79/79/79
f  1086/1086/1086 1087/1087/1087 1088/1088/1088
f  1089/1089/1089 1086/1086/1086 1088/1088/1088
f  1090/1090/1090 1091/1091/1091 1092/1092/1092
f  1093/1093/1093 1090/1090/1090 1092/1092/1092
f  1094/1094/1094 113/113/113 115/115/115
f  1095/1095/1095 116/116/116 118/118/118
f  1096/1096/1096 119/119/119 121/121/121
f  1097/1097/1097 122/122/122 124/124/124
f  1098/1098/1098 125/125/125 127/127/127
f  1099/1099/1099 128/128/128 130/130/130
f  1100/1100/1100 131/131/131 133/133/133
f  1101/1101/1101 1102/1102/1102 1103/1103/1103
f  1104/1104/1104 1101/1101/1101 1103/1103/1103
f  1105/1105/1105 1106/1106/1106 1107/1107/1107
f  1108/1108/1108 1105/1105/1105 1107/1107/1107
f  1109/1109/1109 1110/1110/1110 1111/1111/1111
f  1112/1112/1112 1109/1109/1109 1111/1111/1111
f  1113/1113/1113 1114/1114/1114 1115/1115/1115
f  1116/1116/1116 1113/1113/1113 1115/1115/1115
f  1117/1117/1117 1118/1118/1118 1119/1119/1119
f  1120/1120/1120 1117/1117/1117 1119/1119/1119
f  1121/1121/1121 1122/1122/1122 1123/1123/1123
f  1124/1124/1124 1121/1121/1121 1123/1123/1123
f  1125/1125/1125 1126/1126/1126 1127/1127/1127
f  1128/1128/1128 1125/1125/1125 1127/1127/1127
f  1129/1129/1129 1130/1130/1130 1131/1131/1131
f  1132/1132/1132 1129/1129/1129 1131/1131/1131
f  1133/1133/1133 1134/1134/1134 1135/1135/1135
f  1136/1136/1136 1133/1133/1133 1135/1135/1135
f  1137/1137/1137 1138/1138/1138 1139/1139/1139
f  1140/1140/1140 1137/1137/1137 1139/1139/1139
f  1141/1141/1141 1142/1142/1142 1143/1143/1143
f  1144/1144/1144 1141/1141/1141 1143/1143/1143
f  1145/1145/1145 1146/1146/1146 1147/1147/1147
f  1148/1148/1148 1145/1145/1145 1147/1147/1147
f  1149/1149/1149 1150/1150/1150 1151/1151/1151
f  1152/1152/1152 1149/1149/1149 1151/1151/1151
f  1153/1153/1153 1154/1154/1154 1155/1155/1155
f  1156/1156/1156 1153/1153/1153 1155/1155/1155
f  135/135/135 1157/1157/1157 136/136/136
f  138/138/138 1158/1158/1158 139/139/139
f  141/141/141 1159/1159/1159 142/142/142
f  144/144/144 1160/1160/1160 145/145/145
f  147/147/147 1161/1161/1161 148/148/148
f  150/150/150 1162/1162/1162 151/151/151
f  153/153/153 1163/1163/1163 154/154/154
f  1164/1164/1164 163/163/163 165/165/165
f  1165/1165/1165 166/166/166 168/168/168
f  1166/1166/1166 169/169/169 171/171/171
f  1167/1167/1167 1168/1168/1168 1169/1169/1169
f  1170/1170/1170 1171/1171/1171 1172/1172/1172
f  1173/1173/1173 1174/1174/1174 1175/1175/1175
f  1176/1176/1176 1173/1173/1173 1175/1175/1175
f  1177/1177/1177 1178/1178/1178 1179/1179/1179
f  1180/1180/1180 1177/1177/1177 1179/1179/1179
f  1181/1181/1181 1182/1182/1182 1183/1183/1183
f  1184/1184/1184 1185/1185/1185 1186/1186/1186
f  1187/1187/1187 1188/1188/1188 1189/1189/1189
f  1190/1190/1190 1191/1191/1191 1192/1192/1192
f  1193/1193/1193 1194/1194/1194 1195/1195/1195
f  1196/1196/1196 1197/1197/1197 1198/1198/1198
f  1199/1199/1199 1200/1200/1200 1201/1201/1201
f  1202/1202/1202 1203/1203/1203 1204/1204/1204
f  1205/1205/1205 1202/1202/1202 1204/1204/1204
f  1206/1206/1206 1207/1207/1207 1208/1208/1208
f  1209/1209/1209 1210/1210/1210 1211/1211/1211
f  1212/1212/1212 1209/1209/1209 1211/1211/1211
f  1213/1213/1213 1214/1214/1214 1215/1215/1215
f  1216/1216/1216 1213/1213/1213 1215/1215/1215
f  1217/1217/1217 1218/1218/1218 1219/1219/1219
f  1220/1220/1220 1217/1217/1217 1219/1219/1219
f  1221/1221/1221 1222/1222/1222 1223/1223/1223
f  1224/1224/1224 1221/1221/1221 1223/1223/1223
f  1225/1225/1225 1226/1226/1226 1227/1227/1227
f  1228/1228/1228 1225/1225/1225 1227/1227/1227
f  1229/1229/1229 1230/1230/1230 1231/1231/1231
f  1232/1232/1232 1229/1229/1229 1231/1231/1231
f  1233/1233/1233 1234/1234/1234 1235/1235/1235
f  1236/1236/1236 1233/1233/1233 1235/1235/1235
f  1237/1237/1237 1238/1238/1238 1239/1239/1239
f  1240/1240/1240 1241/1241/1241 1242/1242/1242
f  1243/1243/1243 1244/1244/1244 1245/1245/1245
f  1246/1246/1246 1243/1243/1243 1245/1245/1245
f  1247/1247/1247 1248/1248/1248 1249/1249/1249
f  1250/1250/1250 1251/1251/1251 1252/1252/1252
f  1253/1253/1253 1250/1250/1250 1252/1252/1252
f  1254/1254/1254 1255/1255/1255 1256/1256/1256
f  1257/1257/1257 1258/1258/1258 1259/1259/1259
f  1260/1260/1260 1257/1257/1257 1259/1259/1259
f  1261/1261/1261 1262/1262/1262 1263/1263/1263
f  1264/1264/1264 1261/1261/1261 1263/1263/1263
f  1265/1265/1265 1266/1266/1266 1267/1267/1267
f  1268/1268/1268 1265/1265/1265 1267/1267/1267
f  1269/1269/1269 1270/1270/1270 1271/1271/1271
f  1272/1272/1272 1269/1269/1269 1271/1271/1271
f  1273/1273/1273 1274/1274/1274 1275/1275/1275
f  1276/1276/1276 1273/1273/1273 1275/1275/1275
f  1277/1277/1277 1278/1278/1278 1279/1279/1279
f  1280/1280/1280 1277/1277/1277 1279/1279/1279
f  1281/1281/1281 1282/1282/1282 1283/1283/1283
f  1284/1284/1284 1281/1281/1281 1283/1283/1283
f  1285/1285/1285 1286/1286/1286 1287/1287/1287
f  1288/1288/1288 1289/1289/1289 1290/1290/1290
f  1291/1291/1291 1292/1292/1292 1293/1293/1293
f  1294/1294/1294 1291/1291/1291 1293/1293/1293
f  1295/1295/1295 1296/1296/1296 1297/1297/1297
f  1298/1298/1298 1295/1295/1295 1297/1297/1297
f  1299/1299/1299 1300/1300/1300 1301/1301/1301
f  1302/1302/1302 1299/1299/1299 1301/1301/1301
f  1303/1303/1303 210/210/210 212/212/212
f  1304/1304/1304 1305/1305/1305 1306/1306/1306
f  1307/1307/1307 1308/1308/1308 1309/1309/1309
f  1310/1310/1310 1311/1311/1311 1312/1312/1312
f  1313/1313/1313 1310/1310/1310 1312/1312/1312
f  1314/1314/1314 1315/1315/1315 1316/1316/1316
f  1317/1317/1317 1314/1314/1314 1316/1316/1316
f  1318/1318/1318 1319/1319/1319 1320/1320/1320
f  1321/1321/1321 1318/1318/1318 1320/1320/1320
f  1322/1322/1322 1323/1323/1323 1324/1324/1324
f  1325/1325/1325 1322/1322/1322 1324/1324/1324
f  1326/1326/1326 1327/1327/1327 1328/1328/1328
f  1329/1329/1329 1326/1326/1326 1328/1328/1328
f  1330/1330/1330 1331/1331/1331 1332/1332/1332
f  1333/1333/1333 1330/1330/1330 1332/1332/1332
f  1334/1334/1334 1335/1335/1335 1336/1336/1336
f  1337/1337/1337 1338/1338/1338 1339/1339/1339
f  1340/1340/1340 1337/1337/1337 1339/1339/1339
f  1341/1341/1341 1342/1342/1342 1343/1343/1343
f  1344/1344/1344 1345/1345/1345 1346/1346/1346
f  1347/1347/1347 1344/1344/1344 1346/1346/1346
f  1348/1348/1348 1349/1349/1349 1350/1350/1350
f  1351/1351/1351 1352/1352/1352 1353/1353/1353
f  1354/1354/1354 1351/1351/1351 1353/1353/1353
f  1355/1355/1355 1356/1356/1356 1357/1357/1357
f  1358/1358/1358 1355/1355/1355 1357/1357/1357
f  1359/1359/1359 343/343/343 345/345/345
f  1360/1360/1360 1361/1361/1361 1362/1362/1362
f  1363/1363/1363 1360/1360/1360 1362/1362/1362
f  1364/1364/1364 1365/1365/1365 1366/1366/1366
f  1367/1367/1367 1364/1364/1364 1366/1366/1366
f  1368/1368/1368 1369/1369/1369 1370/1370/1370
f  1371/1371/1371 1368/1368/1368 1370/1370/1370
f  1372/1372/1372 1373/1373/1373 1374/1374/1374
f  1375/1375/1375 1372/1372/1372 1374/1374/1374
f  1376/1376/1376 1377/1377/1377 1378/1378/1378
f  1379/1379/1379 1380/1380/1380 1381/1381/1381
f  1382/1382/1382 1379/1379/1379 1381/1381/1381
f  1383/1383/1383 1384/1384/1384 1385/1385/1385
f  1386/1386/1386 1383/1383/1383 1385/1385/1385
f  1387/1387/1387 1388/1388/1388 1389/1389/1389
f  1390/1390/1390 1387/1387/1387 1389/1389/1389
f  1391/1391/1391 1392/1392/1392 1393/1393/1393
f  1394/1394/1394 1391/1391/1391 1393/1393/1393
f  1395/1395/1395 1396/1396/1396 1397/1397/1397
f  1398/1398/1398 1395/1395/1395 1397/1397/1397
f  1399/1399/1399 1400/1400/1400 1401/1401/1401
f  1402/1402/1402 1399/1399/1399 1401/1401/1401
f  1403/1403/1403 1404/1404/1404 1405/1405/1405
f  1406/1406/1406 1403/1403/1403 1405/1405/1405
f  1407/1407/1407 1408/1408/1408 1409/1409/1409
f  1410/1410/1410 1407/1407/1407 1409/1409/1409
f  1411/1411/1411 1412/1412/1412 1413/1413/1413
f  1414/1414/1414 1411/1411/1411 1413/1413/1413
f  1415/1415/1415 1416/1416/1416 1417/1417/1417
f  1418/1418/1418 1415/1415/1415 1417/1417/1417
f  1419/1419/1419 1420/1420/1420 1421/1421/1421
f  1422/1422/1422 1423/1423/1423 1424/1424/1424
f  1425/1425/1425 1422/1422/1422 1424/1424/1424
f  1426/1426/1426 1427/1427/1427 1428/1428/1428
f  1429/1429/1429 1430/1430/1430 1431/1431/1431
f  1432/1432/1432 1433/1433/1433 1434/1434/1434
f  1435/1435/1435 1436/1436/1436 1437/1437/1437
f  1438/1438/1438 377/377/377 379/379/379
f  1439/1439/1439 1440/1440/1440 1441/1441/1441
f  1442/1442/1442 1439/1439/1439 1441/1441/1441
f  1443/1443/1443 1444/1444/1444 1445/1445/1445
f  1446/1446/1446 1443/1443/1443 1445/1445/1445
f  1447/1447/1447 1448/1448/1448 1449/1449/1449
f  1450/1450/1450 1447/1447/1447 1449/1449/1449
f  1451/1451/1451 1452/1452/1452 1453/1453/1453
f  1454/1454/1454 1451/1451/1451 1453/1453/1453
f  1455/1455/1455 1456/1456/1456 1457/1457/1457
f  1458/1458/1458 1455/1455/1455 1457/1457/1457
f  1459/1459/1459 1460/1460/1460 1461/1461/1461
f  1462/1462/1462 1459/1459/1459 1461/1461/1461
f  1463/1463/1463 1464/1464/1464 1465/1465/1465
f  1466/1466/1466 1463/1463/1463 1465/1465/1465
f  1467/1467/1467 1468/1468/1468 1469/1469/1469
f  1470/1470/1470 1467/1467/1467 1469/1469/1469
f  1471/1471/1471 1472/1472/1472 1473/1473/1473
f  1474/1474/1474 1475/1475/1475 1476/1476/1476
f  1477/1477/1477 1474/1474/1474 1476/1476/1476
f  1478/1478/1478 1479/1479/1479 1480/1480/1480
f  1481/1481/1481 1478/1478/1478 1480/1480/1480
f  1482/1482/1482 1483/1483/1483 1484/1484/1484
f  1485/1485/1485 1482/1482/1482 1484/1484/1484
f  1486/1486/1486 1487/1487/1487 1488/1488/1488
f  1489/1489/1489 1486/1486/1486 1488/1488/1488
f  1490/1490/1490 1491/1491/1491 1492/1492/1492
f  1493/1493/1493 1490/1490/1490 1492/1492/1492
f  1494/1494/1494 1495/1495/1495 1496/1496/1496
f  1497/1497/1497 1494/1494/1494 1496/1496/1496
f  1498/1498/1498 1499/1499/1499 1500/1500/1500
f  1501/1501/1501 1498/1498/1498 1500/1500/1500
f  1502/1502/1502 1503/1503/1503 1504/1504/1504
f  1505/1505/1505 1502/1502/1502 1504/1504/1504
f  1506/1506/1506 1507/1507/1507 1508/1508/1508
f  1509/1509/1509 1506/1506/1506 1508/1508/1508
f  1510/1510/1510 1511/1511/1511 1512/1512/1512
f  1513/1513/1513 1510/1510/1510 1512/1512/1512
f  1514/1514/1514 1515/1515/1515 1516/1516/1516
f  1517/1517/1517 1514/1514/1514 1516/1516/1516
f  1518/1518/1518 1519/1519/1519 1520/1520/1520
f  1521/1521/1521 1518/1518/1518 1520/1520/1520
f  1522/1522/1522 1523/1523/1523 1524/1524/1524
f  1525/1525/1525 1522/1522/1522 1524/1524/1524
f  1526/1526/1526 1527/1527/1527 1528/1528/1528
f  1529/1529/1529 1526/1526/1526 1528/1528/1528
f  1530/1530/1530 1531/1531/1531 1532/1532/1532
f  1533/1533/1533 1530/1530/1530 1532/1532/1532
f  1534/1534/1534 1535/1535/1535 1536/1536/1536
f  1537/1537/1537 1534/1534/1534 1536/1536/1536
f  1538/1538/1538 1539/1539/1539 1540/1540/1540
f  1541/1541/1541 1538/1538/1538 1540/1540/1540
f  1542/1542/1542 1543/1543/1543 1544/1544/1544
f  1545/1545/1545 1542/1542/1542 1544/1544/1544
f  1546/1546/1546 1547/1547/1547 1548/1548/1548
f  1549/1549/1549 1546/1546/1546 1548/1548/1548
f  1550/1550/1550 1551/1551/1551 1552/1552/1552
f  1553/1553/1553 1550/1550/1550 1552/1552/1552
f  1554/1554/1554 1555/1555/1555 1556/1556/1556
f  1557/1557/1557 1554/1554/1554 1556/1556/1556
f  1558/1558/1558 1559/1559/1559 1560/1560/1560
f  1561/1561/1561 1558/1558/1558 1560/1560/1560
f  1562/1562/1562 1563/1563/1563 1564/1564/1564
f  1565/1565/1565 1562/1562/1562 1564/1564/1564
f  1566/1566/1566 1567/1567/1567 1568/1568/1568
f  1569/1569/1569 1566/1566/1566 1568/1568/1568
f  1570/1570/1570 1571/1571/1571 1572/1572/1572
f  1573/1573/1573 1570/1570/1570 1572/1572/1572
f  1574/1574/1574 1575/1575/1575 1576/1576/1576
f  1577/1577/1577 1574/1574/1574 1576/1576/1576
f  1578/1578/1578 1579/1579/1579 1580/1580/1580
f  1581/1581/1581 1578/1578/1578 1580/1580/1580
f  1582/1582/1582 1583/1583/1583 1584/1584/1584
f  1585/1585/1585 1582/1582/1582 1584/1584/1584
f  1586/1586/1586 1587/1587/1587 1588/1588/1588
f  1589/1589/1589 1586/1586/1586 1588/1588/1588
f  1590/1590/1590 1591/1591/1591 1592/1592/1592
f  1593/1593/1593 1590/1590/1590 1592/1592/1592
f  1594/1594/1594 1595/1595/1595 1596/1596/1596
f  1597/1597/1597 1594/1594/1594 1596/1596/1596
f  1598/1598/1598 1599/1599/1599 1600/1600/1600
f  1601/1601/1601 1598/1598/1598 1600/1600/1600
f  1602/1602/1602 1603/1603/1603 1604/1604/1604
f  1605/1605/1605 1602/1602/1602 1604/1604/1604
f  1606/1606/1606 1607/1607/1607 1608/1608/1608
f  1609/1609/1609 1606/1606/1606 1608/1608/1608
f  1610/1610/1610 1611/1611/1611 1612/1612/1612
f  1613/1613/1613 1610/1610/1610 1612/1612/1612
f  1614/1614/1614 1615/1615/1615 1616/1616/1616
f  1617/1617/1617 1614/1614/1614 1616/1616/1616
f  1618/1618/1618 1619/1619/1619 1620/1620/1620
f  1621/1621/1621 1618/1618/1618 1620/1620/1620
f  1622/1622/1622 1623/1623/1623 1624/1624/1624
f  1625/1625/1625 1622/1622/1622 1624/1624/1624
f  1626/1626/1626 1627/1627/1627 1628/1628/1628
f  1629/1629/1629 1626/1626/1626 1628/1628/1628
f  1630/1630/1630 1631/1631/1631 1632/1632/1632
f  1633/1633/1633 1630/1630/1630 1632/1632/1632
f  1634/1634/1634 1635/1635/1635 1636/1636/1636
f  1637/1637/1637 1634/1634/1634 1636/1636/1636
f  1638/1638/1638 1639/1639/1639 1640/1640/1640
f  1641/1641/1641 1638/1638/1638 1640/1640/1640
f  1642/1642/1642 1643/1643/1643 1644/1644/1644
f  1645/1645/1645 1642/1642/1642 1644/1644/1644
f  1646/1646/1646 1647/1647/1647 1648/1648/1648
f  1649/1649/1649 1646/1646/1646 1648/1648/1648
f  1650/1650/1650 1651/1651/1651 1652/1652/1652
f  1653/1653/1653 1650/1650/1650 1652/1652/1652
f  1654/1654/1654 1655/1655/1655 1656/1656/1656
f  1657/1657/1657 1654/1654/1654 1656/1656/1656
f  433/433/433 1658/1658/1658 434/434/434
f  436/436/436 1659/1659/1659 437/437/437
f  451/451/451 1660/1660/1660 452/452/452
f  454/454/454 1661/1661/1661 455/455/455
f  1662/1662/1662 1663/1663/1663 1664/1664/1664
f  1665/1665/1665 1666/1666/1666 1667/1667/1667
f  1668/1668/1668 1665/1665/1665 1667/1667/1667
f  1669/1669/1669 1670/1670/1670 1671/1671/1671
f  1672/1672/1672 1669/1669/1669 1671/1671/1671
f  1673/1673/1673 1674/1674/1674 1675/1675/1675
f  1676/1676/1676 1673/1673/1673 1675/1675/1675
f  1677/1677/1677 1678/1678/1678 1679/1679/1679
f  1680/1680/1680 1677/1677/1677 1679/1679/1679
f  1681/1681/1681 1682/1682/1682 1683/1683/1683
f  1684/1684/1684 1685/1685/1685 1686/1686/1686
f  1687/1687/1687 1688/1688/1688 1689/1689/1689
f  1690/1690/1690 1687/1687/1687 1689/1689/1689
f  1691/1691/1691 1692/1692/1692 1693/1693/1693
f  1694/1694/1694 1695/1695/1695 1696/1696/1696
f  1697/1697/1697 1698/1698/1698 1699/1699/1699
f  1700/1700/1700 1697/1697/1697 1699/1699/1699
f  1701/1701/1701 1702/1702/1702 1703/1703/1703
f  1704/1704/1704 1705/1705/1705 1706/1706/1706
f  1707/1707/1707 1704/1704/1704 1706/1706/1706
f  1708/1708/1708 1709/1709/1709 1710/1710/1710
f  1711/1711/1711 1712/1712/1712 1713/1713/1713
f  1714/1714/1714 1715/1715/1715 1716/1716/1716
f  1717/1717/1717 1714/1714/1714 1716/1716/1716
f  1718/1718/1718 1719/1719/1719 1720/1720/1720
f  1721/1721/1721 1718/1718/1718 1720/1720/1720
f  1722/1722/1722 1723/1723/1723 1724/1724/1724
f  1725/1725/1725 1722/1722/1722 1724/1724/1724
f  1726/1726/1726 1727/1727/1727 1728/1728/1728
f  1729/1729/1729 1726/1726/1726 1728/1728/1728
f  1730/1730/1730 1731/1731/1731 1732/1732/1732
f  1733/1733/1733 1730/1730/1730 1732/1732/1732
f  1734/1734/1734 1735/1735/1735 1736/1736/1736
f  1737/1737/1737 460/460/460 462/462/462
f  467/467/467 1738/1738/1738 468/468/468
f  1739/1739/1739 1740/1740/1740 1741/1741/1741
f  1742/1742/1742 1743/1743/1743 1744/1744/1744
f  1745/1745/1745 1742/1742/1742 1744/1744/1744
f  1746/1746/1746 1747/1747/1747 1748/1748/1748
f  1749/1749/1749 1746/1746/1746 1748/1748/1748
f  1750/1750/1750 1751/1751/1751 1752/1752/1752
f  1753/1753/1753 1754/1754/1754 1755/1755/1755
f  1756/1756/1756 1753/1753/1753 1755/1755/1755
f  1757/1757/1757 1758/1758/1758 1759/1759/1759
f  1760/1760/1760 1761/1761/1761 1762/1762/1762
f  1763/1763/1763 1764/1764/1764 1765/1765/1765
f  1766/1766/1766 1767/1767/1767 1768/1768/1768
f  1769/1769/1769 1770/1770/1770 1771/1771/1771
f  1772/1772/1772 1769/1769/1769 1771/1771/1771
f  1773/1773/1773 1774/1774/1774 1775/1775/1775
f  1776/1776/1776 1773/1773/1773 1775/1775/1775
f  1777/1777/1777 1778/1778/1778 1779/1779/1779
f  1780/1780/1780 1781/1781/1781 1782/1782/1782
f  1783/1783/1783 1780/1780/1780 1782/1782/1782
f  1784/1784/1784 1785/1785/1785 1786/1786/1786
f  1787/1787/1787 1788/1788/1788 1789/1789/1789
f  1790/1790/1790 1787/1787/1787 1789/1789/1789
f  1791/1791/1791 473/473/473 475/475/475
f  508/508/508 1792/1792/1792 509/509/509
f  511/511/511 1793/1793/1793 512/512/512
f  1794/1794/1794 1795/1795/1795 1796/1796/1796
f  1797/1797/1797 1798/1798/1798 1799/1799/1799
f  1800/1800/1800 1797/1797/1797 1799/1799/1799
f  1801/1801/1801 1802/1802/1802 1803/1803/1803
f  1804/1804/1804 1801/1801/1801 1803/1803/1803
f  1805/1805/1805 1806/1806/1806 1807/1807/1807
f  1808/1808/1808 1805/1805/1805 1807/1807/1807
f  1809/1809/1809 1810/1810/1810 1811/1811/1811
f  1812/1812/1812 1809/1809/1809 1811/1811/1811
f  1813/1813/1813 1814/1814/1814 1815/1815/1815
f  1816/1816/1816 1813/1813/1813 1815/1815/1815
f  1817/1817/1817 1818/1818/1818 1819/1819/1819
f  1820/1820/1820 1817/1817/1817 1819/1819/1819
f  1821/1821/1821 1822/1822/1822 1823/1823/1823
f  1824/1824/1824 1825/1825/1825 1826/1826/1826
f  1827/1827/1827 1824/1824/1824 1826/1826/1826
f  1828/1828/1828 1829/1829/1829 1830/1830/1830
f  1831/1831/1831 1832/1832/1832 1833/1833/1833
f  1834/1834/1834 1831/1831/1831 1833/1833/1833
f  1835/1835/1835 1836/1836/1836 1837/1837/1837
f  1838/1838/1838 1839/1839/1839 1840/1840/1840
f  1841/1841/1841 1842/1842/1842 1843/1843/1843
f  1844/1844/1844 1845/1845/1845 1846/1846/1846
f  1847/1847/1847 1844/1844/1844 1846/1846/1846
f  1848/1848/1848 1849/1849/1849 1850/1850/1850
f  1851/1851/1851 1848/1848/1848 1850/1850/1850
f  1852/1852/1852 1853/1853/1853 1854/1854/1854
f  1855/1855/1855 1852/1852/1852 1854/1854/1854
f  1856/1856/1856 1857/1857/1857 1858/1858/1858
f  1859/1859/1859 1856/1856/1856 1858/1858/1858
f  1860/1860/1860 1861/1861/1861 1862/1862/1862
f  1863/1863/1863 1860/1860/1860 1862/1862/1862
f  1864/1864/1864 1865/1865/1865 1866/1866/1866
f  1867/1867/1867 1864/1864/1864 1866/1866/1866
f  1868/1868/1868 1869/1869/1869 1870/1870/1870
f  1871/1871/1871 1872/1872/1872 1873/1873/1873
f  1874/1874/1874 1871/1871/1871 1873/1873/1873
f  1875/1875/1875 1876/1876/1876 1877/1877/1877
f  1878/1878/1878 1875/1875/1875 1877/1877/1877
f  1879/1879/1879 1880/1880/1880 1881/1881/1881
f  1882/1882/1882 1883/1883/1883 1884/1884/1884
f  1885/1885/1885 1882/1882/1882 1884/1884/1884
f  1886/1886/1886 1887/1887/1887 1888/1888/1888
f  1889/1889/1889 1886/1886/1886 1888/1888/1888
f  1890/1890/1890 1891/1891/1891 1892/1892/1892
f  1893/1893/1893 1894/1894/1894 1895/1895/1895
f  1896/1896/1896 1893/1893/1893 1895/1895/1895
f  1897/1897/1897 1898/1898/1898 1899/1899/1899
f  1900/1900/1900 1897/1897/1897 1899/1899/1899
f  1901/1901/1901 1902/1902/1902 1903/1903/1903
f  1904/1904/1904 1901/1901/1901 1903/1903/1903
f  1905/1905/1905 1906/1906/1906 1907/1907/1907
f  1908/1908/1908 1905/1905/1905 1907/1907/1907
f  1909/1909/1909 1910/1910/1910 1911/1911/1911
f  1912/1912/1912 1909/1909/1909 1911/1911/1911
f  1913/1913/1913 1914/1914/1914 1915/1915/1915
f  1916/1916/1916 1913/1913/1913 1915/1915/1915
f  1917/1917/1917 1918/1918/1918 1919/1919/1919
f  1920/1920/1920 1921/1921/1921 1922/1922/1922
f  1923/1923/1923 1924/1924/1924 1925/1925/1925
f  1926/1926/1926 1927/1927/1927 1928/1928/1928
f  1929/1929/1929 1930/1930/1930 1931/1931/1931
f  1932/1932/1932 1933/1933/1933 1934/1934/1934
f  1935/1935/1935 667/667/667 669/669/669
f  671/671/671 1936/1936/1936 672/672/672
f  674/674/674 1937/1937/1937 675/675/675
f  1938/1938/1938 1939/1939/1939 1940/1940/1940
f  1941/1941/1941 1938/1938/1938 1940/1940/1940
f  1942/1942/1942 1943/1943/1943 1944/1944/1944
f  1945/1945/1945 1942/1942/1942 1944/1944/1944
f  1946/1946/1946 1947/1947/1947 1948/1948/1948
f  1949/1949/1949 1946/1946/1946 1948/1948/1948
f  1950/1950/1950 1951/1951/1951 1952/1952/1952
f  1953/1953/1953 1950/1950/1950 1952/1952/1952
f  1954/1954/1954 1955/1955/1955 1956/1956/1956
f  1957/1957/1957 1954/1954/1954 1956/1956/1956
f  1958/1958/1958 1959/1959/1959 1960/1960/1960
f  1961/1961/1961 1958/1958/1958 1960/1960/1960
f  1962/1962/1962 1963/1963/1963 1964/1964/1964
f  1965/1965/1965 1962/1962/1962 1964/1964/1964
f  1966/1966/1966 1967/1967/1967 1968/1968/1968
f  1969/1969/1969 1966/1966/1966 1968/1968/1968
f  1970/1970/1970 1971/1971/1971 1972/1972/1972
f  1973/1973/1973 1974/1974/1974 1975/1975/1975
f  1976/1976/1976 1973/1973/1973 1975/1975/1975
f  1977/1977/1977 1978/1978/1978 1979/1979/1979
f  1980/1980/1980 1977/1977/1977 1979/1979/1979
f  1981/1981/1981 1982/1982/1982 1983/1983/1983
f  1984/1984/1984 1981/1981/1981 1983/1983/1983
f  1985/1985/1985 1986/1986/1986 1987/1987/1987
f  1988/1988/1988 1985/1985/1985 1987/1987/1987
f  1989/1989/1989 1990/1990/1990 1991/1991/1991
f  1992/1992/1992 1993/1993/1993 1994/1994/1994
f  1995/1995/1995 1996/1996/1996 1997/1997/1997
f  1998/1998/1998 1999/1999/1999 2000/2000/2000
f  2001/2001/2001 1998/1998/1998 2000/2000/2000
f  2002/2002/2002 2003/2003/2003 2004/2004/2004
f  2005/2005/2005 2002/2002/2002 2004/2004/2004
f  2006/2006/2006 2007/2007/2007 2008/2008/2008
f  2009/2009/2009 2006/2006/2006 2008/2008/2008
f  2010/2010/2010 2011/2011/2011 2012/2012/2012
f  2013/2013/2013 2014/2014/2014 2015/2015/2015
f  2016/2016/2016 2017/2017/2017 2018/2018/2018
f  2019/2019/2019 2020/2020/2020 2021/2021/2021
f  2022/2022/2022 2023/2023/2023 2024/2024/2024
f  2025/2025/2025 2022/2022/2022 2024/2024/2024
f  2026/2026/2026 2027/2027/2027 2028/2028/2028
f  2029/2029/2029 2026/2026/2026 2028/2028/2028
f  2030/2030/2030 2031/2031/2031 2032/2032/2032
f  2033/2033/2033 2030/2030/2030 2032/2032/2032
f  2034/2034/2034 2035/2035/2035 2036/2036/2036
f  2037/2037/2037 2034/2034/2034 2036/2036/2036
f  2038/2038/2038 2039/2039/2039 2040/2040/2040
f  2041/2041/2041 2042/2042/2042 2043/2043/2043
f  2044/2044/2044 2041/2041/2041 2043/2043/2043
f  2045/2045/2045 2046/2046/2046 2047/2047/2047
f  2048/2048/2048 2045/2045/2045 2047/2047/2047
f  2049/2049/2049 2050/2050/2050 2051/2051/2051
f  2052/2052/2052 2049/2049/2049 2051/2051/2051
f  2053/2053/2053 2054/2054/2054 2055/2055/2055
f  2056/2056/2056 2053/2053/2053 2055/2055/2055
f  2057/2057/2057 2058/2058/2058 2059/2059/2059
f  2060/2060/2060 2057/2057/2057 2059/2059/2059
f  2061/2061/2061 2062/2062/2062 2063/2063/2063
f  2064/2064/2064 2061/2061/2061 2063/2063/2063
f  2065/2065/2065 684/684/684 686/686/686
f  688/688/688 2066/2066/2066 689/689/689
f  2067/2067/2067 2068/2068/2068 2069/2069/2069
f  2070/2070/2070 2067/2067/2067 2069/2069/2069
f  2071/2071/2071 2072/2072/2072 2073/2073/2073
f  2074/2074/2074 2071/2071/2071 2073/2073/2073
f  2075/2075/2075 2076/2076/2076 2077/2077/2077
f  2078/2078/2078 2075/2075/2075 2077/2077/2077
f  2079/2079/2079 2080/2080/2080 2081/2081/2081
f  2082/2082/2082 2079/2079/2079 2081/2081/2081
f  2083/2083/2083 2084/2084/2084 2085/2085/2085
f  2086/2086/2086 2083/2083/2083 2085/2085/2085
f  2087/2087/2087 2088/2088/2088 2089/2089/2089
f  2090/2090/2090 2087/2087/2087 2089/2089/2089
f  2091/2091/2091 2092/2092/2092 2093/2093/2093
f  2094/2094/2094 2091/2091/2091 2093/2093/2093
f  2095/2095/2095 2096/2096/2096 2097/2097/2097
f  2098/2098/2098 2095/2095/2095 2097/2097/2097
f  2099/2099/2099 2100/2100/2100 2101/2101/2101
f  2102/2102/2102 2099/2099/2099 2101/2101/2101
f  2103/2103/2103 2104/2104/2104 2105/2105/2105
f  2106/2106/2106 2103/2103/2103 2105/2105/2105
f  2107/2107/2107 2108/2108/2108 2109/2109/2109
f  2110/2110/2110 2107/2107/2107 2109/2109/2109
f  2111/2111/2111 2112/2112/2112 2113/2113/2113
f  2114/2114/2114 2111/2111/2111 2113/2113/2113
f  2115/2115/2115 2116/2116/2116 2117/2117/2117
f  2118/2118/2118 2115/2115/2115 2117/2117/2117
f  2119/2119/2119 2120/2120/2120 2121/2121/2121
f  2122/2122/2122 2123/2123/2123 2124/2124/2124
f  2125/2125/2125 2122/2122/2122 2124/2124/2124
f  2126/2126/2126 2127/2127/2127 2128/2128/2128
f  2129/2129/2129 2130/2130/2130 2131/2131/2131
f  2132/2132/2132 2129/2129/2129 2131/2131/2131
f  2133/2133/2133 2134/2134/2134 2135/2135/2135
f  2136/2136/2136 2133/2133/2133 2135/2135/2135
f  2137/2137/2137 2138/2138/2138 2139/2139/2139
f  2140/2140/2140 2141/2141/2141 2142/2142/2142
f  2143/2143/2143 2144/2144/2144 2145/2145/2145
f  2146/2146/2146 2143/2143/2143 2145/2145/2145
f  2147/2147/2147 2148/2148/2148 2149/2149/2149
f  2150/2150/2150 2147/2147/2147 2149/2149/2149
f  2151/2151/2151 2152/2152/2152 2153/2153/2153
f  2154/2154/2154 2151/2151/2151 2153/2153/2153
f  2155/2155/2155 2156/2156/2156 2157/2157/2157
f  2158/2158/2158 2155/2155/2155 2157/2157/2157
f  2159/2159/2159 2160/2160/2160 2161/2161/2161
f  2162/2162/2162 2159/2159/2159 2161/2161/2161
f  2163/2163/2163 2164/2164/2164 2165/2165/2165
f  2166/2166/2166 2163/2163/2163 2165/2165/2165
f  2167/2167/2167 2168/2168/2168 2169/2169/2169
f  2170/2170/2170 2167/2167/2167 2169/2169/2169
f  2171/2171/2171 2172/2172/2172 2173/2173/2173
f  2174/2174/2174 2171/2171/2171 2173/2173/2173
f  2175/2175/2175 2176/2176/2176 2177/2177/2177
f  2178/2178/2178 2175/2175/2175 2177/2177/2177
f  2179/2179/2179 2180/2180/2180 2181/2181/2181
f  2182/2182/2182 2179/2179/2179 2181/2181/2181
f  2183/2183/2183 2184/2184/2184 2185/2185/2185
f  2186/2186/2186 2183/2183/2183 2185/2185/2185
f  2187/2187/2187 2188/2188/2188 2189/2189/2189
f  2190/2190/2190 2187/2187/2187 2189/2189/2189
f  2191/2191/2191 2192/2192/2192 2193/2193/2193
f  2194/2194/2194 2191/2191/2191 2193/2193/2193
f  2195/2195/2195 2196/2196/2196 2197/2197/2197
f  2198/2198/2198 2195/2195/2195 2197/2197/2197
f  2199/2199/2199 2200/2200/2200 2201/2201/2201
f  2202/2202/2202 2199/2199/2199 2201/2201/2201
f  2203/2203/2203 2204/2204/2204 2205/2205/2205
f  2206/2206/2206 2207/2207/2207 2208/2208/2208
f  2209/2209/2209 2206/2206/2206 2208/2208/2208
f  2210/2210/2210 2211/2211/2211 2212/2212/2212
f  2213/2213/2213 2210/2210/2210 2212/2212/2212
f  2214/2214/2214 2215/2215/2215 2216/2216/2216
f  2217/2217/2217 2214/2214/2214 2216/2216/2216
f  2218/2218/2218 2219/2219/2219 2220/2220/2220
f  2221/2221/2221 2218/2218/2218 2220/2220/2220
f  2222/2222/2222 2223/2223/2223 2224/2224/2224
f  2225/2225/2225 2222/2222/2222 2224/2224/2224
f  2226/2226/2226 2227/2227/2227 2228/2228/2228
f  2229/2229/2229 2226/2226/2226 2228/2228/2228
f  694/694/694 2230/2230/2230 695/695/695
f  697/697/697 2231/2231/2231 698/698/698
f  700/700/700 2232/2232/2232 701/701/701
f  703/703/703 2233/2233/2233 704/704/704
f  706/706/706 2234/2234/2234 707/707/707
f  709/709/709 2235/2235/2235 710/710/710
f  2236/2236/2236 2237/2237/2237 2238/2238/2238
f  2239/2239/2239 2236/2236/2236 2238/2238/2238
f  2240/2240/2240 2241/2241/2241 2242/2242/2242
f  2243/2243/2243 2244/2244/2244 2245/2245/2245
f  2246/2246/2246 2243/2243/2243 2245/2245/2245
f  2247/2247/2247 2248/2248/2248 2249/2249/2249
f  2250/2250/2250 2251/2251/2251 2252/2252/2252
f  2253/2253/2253 2250/2250/2250 2252/2252/2252
f  2254/2254/2254 2255/2255/2255 2256/2256/2256
f  2257/2257/2257 2254/2254/2254 2256/2256/2256
f  2258/2258/2258 2259/2259/2259 2260/2260/2260
f  2261/2261/2261 2258/2258/2258 2260/2260/2260
f  2262/2262/2262 2263/2263/2263 2264/2264/2264
f  2265/2265/2265 2266/2266/2266 2267/2267/2267
f  2268/2268/2268 2265/2265/2265 2267/2267/2267
f  2269/2269/2269 2270/2270/2270 2271/2271/2271
f  2272/2272/2272 2273/2273/2273 2274/2274/2274
f  2275/2275/2275 2272/2272/2272 2274/2274/2274
f  2276/2276/2276 2277/2277/2277 2278/2278/2278
f  2279/2279/2279 2276/2276/2276 2278/2278/2278
f  2280/2280/2280 2281/2281/2281 2282/2282/2282
f  2283/2283/2283 2280/2280/2280 2282/2282/2282
f  2284/2284/2284 2285/2285/2285 2286/2286/2286
f  2287/2287/2287 2284/2284/2284 2286/2286/2286
f  2288/2288/2288 2289/2289/2289 2290/2290/2290
f  2291/2291/2291 2288/2288/2288 2290/2290/2290
f  2292/2292/2292 2293/2293/2293 2294/2294/2294
f  2295/2295/2295 2296/2296/2296 2297/2297/2297
f  2298/2298/2298 2295/2295/2295 2297/2297/2297
f  2299/2299/2299 2300/2300/2300 2301/2301/2301
f  2302/2302/2302 2299/2299/2299 2301/2301/2301
f  2303/2303/2303 2304/2304/2304 2305/2305/2305
f  2306/2306/2306 2303/2303/2303 2305/2305/2305
f  2307/2307/2307 2308/2308/2308 2309/2309/2309
f  2310/2310/2310 2307/2307/2307 2309/2309/2309
f  2311/2311/2311 2312/2312/2312 2313/2313/2313
f  2314/2314/2314 2311/2311/2311 2313/2313/2313
f  2315/2315/2315 2316/2316/2316 2317/2317/2317
f  2318/2318/2318 2315/2315/2315 2317/2317/2317
f  2319/2319/2319 1012/1012/1012 1014/1014/1014
f  1016/1016/1016 2320/2320/2320 1017/1017/1017
f  2321/2321/2321 2322/2322/2322 2323/2323/2323
f  2324/2324/2324 2321/2321/2321 2323/2323/2323
f  2325/2325/2325 2326/2326/2326 2327/2327/2327
f  2328/2328/2328 2325/2325/2325 2327/2327/2327
f  2329/2329/2329 2330/2330/2330 2331/2331/2331
f  2332/2332/2332 2329/2329/2329 2331/2331/2331
f  2333/2333/2333 2334/2334/2334 2335/2335/2335
f  2336/2336/2336 2333/2333/2333 2335/2335/2335
f  2337/2337/2337 2338/2338/2338 2339/2339/2339
f  2340/2340/2340 2337/2337/2337 2339/2339/2339
f  2341/2341/2341 2342/2342/2342 2343/2343/2343
f  2344/2344/2344 2341/2341/2341 2343/2343/2343
f  2345/2345/2345 2346/2346/2346 2347/2347/2347
f  2348/2348/2348 2345/2345/2345 2347/2347/2347
f  2349/2349/2349 2350/2350/2350 2351/2351/2351
f  2352/2352/2352 2349/2349/2349 2351/2351/2351
f  2353/2353/2353 2354/2354/2354 2355/2355/2355
f  2356/2356/2356 2353/2353/2353 2355/2355/2355
f  2357/2357/2357 2358/2358/2358 2359/2359/2359
f  2360/2360/2360 2357/2357/2357 2359/2359/2359
f  2361/2361/2361 2362/2362/2362 2363/2363/2363
f  2364/2364/2364 2361/2361/2361 2363/2363/2363
f  2365/2365/2365 2366/2366/2366 2367/2367/2367
f  2368/2368/2368 2369/2369/2369 2370/2370/2370
f  2371/2371/2371 2372/2372/2372 2373/2373/2373
f  2374/2374/2374 2375/2375/2375 2376/2376/2376
f  2377/2377/2377 2374/2374/2374 2376/2376/2376
f  2378/2378/2378 2379/2379/2379 2380/2380/2380
f  2381/2381/2381 2378/2378/2378 2380/2380/2380
f  2382/2382/2382 2383/2383/2383 2384/2384/2384
f  2385/2385/2385 2382/2382/2382 2384/2384/2384
f  2386/2386/2386 2387/2387/2387 2388/2388/2388
f  2389/2389/2389 2386/2386/2386 2388/2388/2388
f  2390/2390/2390 2391/2391/2391 2392/2392/2392
f  2393/2393/2393 2394/2394/2394 2395/2395/2395
f  2396/2396/2396 2397/2397/2397 2398/2398/2398
f  2399/2399/2399 2400/2400/2400 2401/2401/2401
f  2402/2402/2402 2399/2399/2399 2401/2401/2401
f  2403/2403/2403 2404/2404/2404 2405/2405/2405
f  2406/2406/2406 2403/2403/2403 2405/2405/2405
f  2407/2407/2407 2408/2408/2408 2409/2409/2409
f  2410/2410/2410 2407/2407/2407 2409/2409/2409
f  2411/2411/2411 2412/2412/2412 2413/2413/2413
f  2414/2414/2414 2411/2411/2411 2413/2413/2413
f  2415/2415/2415 2416/2416/2416 2417/2417/2417
f  2418/2418/2418 2415/2415/2415 2417/2417/2417
f  2419/2419/2419 2420/2420/2420 2421/2421/2421
f  2422/2422/2422 2419/2419/2419 2421/2421/2421
f  2423/2423/2423 2424/2424/2424 2425/2425/2425
f  2426/2426/2426 2423/2423/2423 2425/2425/2425
f  2427/2427/2427 2428/2428/2428 2429/2429/2429
f  2430/2430/2430 2427/2427/2427 2429/2429/2429
f  2431/2431/2431 2432/2432/2432 2433/2433/2433
f  2434/2434/2434 2431/2431/2431 2433/2433/2433
f  2435/2435/2435 2436/2436/2436 2437/2437/2437
f  2438/2438/2438 2435/2435/2435 2437/2437/2437
f  2439/2439/2439 2440/2440/2440 2441/2441/2441
f  2442/2442/2442 2439/2439/2439 2441/2441/2441
f  2443/2443/2443 2444/2444/2444 2445/2445/2445
f  2446/2446/2446 2443/2443/2443 2445/2445/2445
f  2447/2447/2447 2448/2448/2448 2449/2449/2449
f  2450/2450/2450 2447/2447/2447 2449/2449/2449
f  2451/2451/2451 2452/2452/2452 2453/2453/2453
f  2454/2454/2454 2451/2451/2451 2453/2453/2453
f  2455/2455/2455 2456/2456/2456 2457/2457/2457
f  2458/2458/2458 2459/2459/2459 2460/2460/2460
f  2461/2461/2461 2462/2462/2462 2463/2463/2463
f  2464/2464/2464 2465/2465/2465 2466/2466/2466
f  2467/2467/2467 2464/2464/2464 2466/2466/2466
f  2468/2468/2468 2469/2469/2469 2470/2470/2470
f  2471/2471/2471 2468/2468/2468 2470/2470/2470
f  2472/2472/2472 2473/2473/2473 2474/2474/2474
f  2475/2475/2475 2472/2472/2472 2474/2474/2474
f  2476/2476/2476 2477/2477/2477 2478/2478/2478
f  2479/2479/2479 2480/2480/2480 2481/2481/2481
f  2482/2482/2482 2479/2479/2479 2481/2481/2481
f  2483/2483/2483 2484/2484/2484 2485/2485/2485
f  2486/2486/2486 2487/2487/2487 2488/2488/2488
f  2489/2489/2489 2490/2490/2490 2491/2491/2491
f  2492/2492/2492 2493/2493/2493 2494/2494/2494
f  2495/2495/2495 2496/2496/2496 2497/2497/2497
f  2498/2498/2498 2499/2499/2499 2500/2500/2500
f  2501/2501/2501 2502/2502/2502 2503/2503/2503
f  2504/2504/2504 2505/2505/2505 2506/2506/2506
f  2507/2507/2507 2508/2508/2508 2509/2509/2509
f  2510/2510/2510 2511/2511/2511 2512/2512/2512
f  2513/2513/2513 2514/2514/2514 2515/2515/2515
f  2516/2516/2516 2517/2517/2517 2518/2518/2518
f  2519/2519/2519 2516/2516/2516 2518/2518/2518
f  2520/2520/2520 2521/2521/2521 2522/2522/2522
f  2523/2523/2523 2524/2524/2524 2525/2525/2525
f  2526/2526/2526 2523/2523/2523 2525/2525/2525
f  2527/2527/2527 2528/2528/2528 2529/2529/2529
f  2530/2530/2530 2527/2527/2527 2529/2529/2529
f  2531/2531/2531 2532/2532/2532 2533/2533/2533
f  2534/2534/2534 2531/2531/2531 2533/2533/2533
f  2535/2535/2535 2536/2536/2536 2537/2537/2537
f  2538/2538/2538 2535/2535/2535 2537/2537/2537
f  2539/2539/2539 2540/2540/2540 2541/2541/2541
f  2542/2542/2542 2539/2539/2539 2541/2541/2541
f  2543/2543/2543 2544/2544/2544 2545/2545/2545
f  2546/2546/2546 2543/2543/2543 2545/2545/2545
f  2547/2547/2547 2548/2548/2548 2549/2549/2549
f  2550/2550/2550 2547/2547/2547 2549/2549/2549
f  93/93/93 2551/2551/2551 94/94/94
f  96/96/96 2552/2552/2552 97/97/97
f  99/99/99 2553/2553/2553 100/100/100
f  102/102/102 2554/2554/2554 103/103/103
f  105/105/105 2555/2555/2555 106/106/106
f  108/108/108 2556/2556/2556 109/109/109
f  111/111/111 2557/2557/2557 112/112/112
f  2558/2558/2558 1170/1170/1170 1172/1172/1172
f  2559/2559/2559 1181/1181/1181 1183/1183/1183
f  2560/2560/2560 2561/2561/2561 2562/2562/2562
f  2563/2563/2563 2560/2560/2560 2562/2562/2562
f  2564/2564/2564 2565/2565/2565 2566/2566/2566
f  2567/2567/2567 2568/2568/2568 2569/2569/2569
f  2570/2570/2570 2571/2571/2571 2572/2572/2572
f  2573/2573/2573 2574/2574/2574 2575/2575/2575
f  2576/2576/2576 2577/2577/2577 2578/2578/2578
f  2579/2579/2579 2580/2580/2580 2581/2581/2581
f  2582/2582/2582 2583/2583/2583 2584/2584/2584
f  2585/2585/2585 2586/2586/2586 2587/2587/2587
f  2588/2588/2588 2589/2589/2589 2590/2590/2590
f  2591/2591/2591 2588/2588/2588 2590/2590/2590
f  2592/2592/2592 2593/2593/2593 2594/2594/2594
f  2595/2595/2595 2592/2592/2592 2594/2594/2594
f  2596/2596/2596 2597/2597/2597 2598/2598/2598
f  2599/2599/2599 2596/2596/2596 2598/2598/2598
f  2600/2600/2600 2601/2601/2601 2602/2602/2602
f  2603/2603/2603 2604/2604/2604 2605/2605/2605
f  2606/2606/2606 2607/2607/2607 2608/2608/2608
f  2609/2609/2609 2610/2610/2610 2611/2611/2611
f  2612/2612/2612 2609/2609/2609 2611/2611/2611
f  2613/2613/2613 2614/2614/2614 2615/2615/2615
f  2616/2616/2616 2613/2613/2613 2615/2615/2615
f  2617/2617/2617 2618/2618/2618 2619/2619/2619
f  2620/2620/2620 2617/2617/2617 2619/2619/2619
f  2621/2621/2621 2622/2622/2622 2623/2623/2623
f  2624/2624/2624 2621/2621/2621 2623/2623/2623
f  1191/1191/1191 2625/2625/2625 1192/1192/1192
f  2626/2626/2626 2627/2627/2627 2628/2628/2628
f  2629/2629/2629 2630/2630/2630 2631/2631/2631
f  1200/1200/1200 2632/2632/2632 1201/1201/1201
f  2633/2633/2633 2634/2634/2634 2635/2635/2635
f  2636/2636/2636 2637/2637/2637 2638/2638/2638
f  2639/2639/2639 2636/2636/2636 2638/2638/2638
f  2640/2640/2640 2641/2641/2641 2642/2642/2642
f  2643/2643/2643 2640/2640/2640 2642/2642/2642
f  2644/2644/2644 2645/2645/2645 2646/2646/2646
f  2647/2647/2647 2644/2644/2644 2646/2646/2646
f  2648/2648/2648 2649/2649/2649 2650/2650/2650
f  2651/2651/2651 2648/2648/2648 2650/2650/2650
f  2652/2652/2652 2653/2653/2653 2654/2654/2654
f  2655/2655/2655 2652/2652/2652 2654/2654/2654
f  2656/2656/2656 2657/2657/2657 2658/2658/2658
f  2659/2659/2659 2656/2656/2656 2658/2658/2658
f  2660/2660/2660 2661/2661/2661 2662/2662/2662
f  1207/1207/1207 2663/2663/2663 1208/1208/1208
f  193/193/193 2664/2664/2664 194/194/194
f  2665/2665/2665 195/195/195 197/197/197
f  2666/2666/2666 1237/1237/1237 1239/1239/1239
f  2667/2667/2667 2668/2668/2668 2669/2669/2669
f  2670/2670/2670 2671/2671/2671 2672/2672/2672
f  1248/1248/1248 2673/2673/2673 1249/1249/1249
f  2674/2674/2674 2675/2675/2675 2676/2676/2676
f  2677/2677/2677 2674/2674/2674 2676/2676/2676
f  2678/2678/2678 1254/1254/1254 1256/1256/1256
f  2679/2679/2679 2680/2680/2680 2681/2681/2681
f  2682/2682/2682 2679/2679/2679 2681/2681/2681
f  2683/2683/2683 2684/2684/2684 2685/2685/2685
f  2686/2686/2686 2687/2687/2687 2688/2688/2688
f  2689/2689/2689 2690/2690/2690 2691/2691/2691
f  2692/2692/2692 2689/2689/2689 2691/2691/2691
f  2693/2693/2693 2694/2694/2694 2695/2695/2695
f  2696/2696/2696 2693/2693/2693 2695/2695/2695
f  2697/2697/2697 2698/2698/2698 2699/2699/2699
f  2700/2700/2700 2697/2697/2697 2699/2699/2699
f  2701/2701/2701 2702/2702/2702 2703/2703/2703
f  2704/2704/2704 2701/2701/2701 2703/2703/2703
f  2705/2705/2705 2706/2706/2706 2707/2707/2707
f  2708/2708/2708 2709/2709/2709 2710/2710/2710
f  2711/2711/2711 2708/2708/2708 2710/2710/2710
f  2712/2712/2712 2713/2713/2713 2714/2714/2714
f  2715/2715/2715 2712/2712/2712 2714/2714/2714
f  2716/2716/2716 2717/2717/2717 2718/2718/2718
f  2719/2719/2719 2716/2716/2716 2718/2718/2718
f  2720/2720/2720 2721/2721/2721 2722/2722/2722
f  2723/2723/2723 1285/1285/1285 1287/1287/1287
f  2724/2724/2724 2725/2725/2725 2726/2726/2726
f  2727/2727/2727 2724/2724/2724 2726/2726/2726
f  2728/2728/2728 2729/2729/2729 2730/2730/2730
f  2731/2731/2731 2732/2732/2732 2733/2733/2733
f  2734/2734/2734 2735/2735/2735 2736/2736/2736
f  2737/2737/2737 2738/2738/2738 2739/2739/2739
f  2740/2740/2740 2741/2741/2741 2742/2742/2742
f  2743/2743/2743 2740/2740/2740 2742/2742/2742
f  2744/2744/2744 2745/2745/2745 2746/2746/2746
f  2747/2747/2747 2748/2748/2748 2749/2749/2749
f  2750/2750/2750 2747/2747/2747 2749/2749/2749
f  2751/2751/2751 2752/2752/2752 2753/2753/2753
f  2754/2754/2754 2751/2751/2751 2753/2753/2753
f  2755/2755/2755 2756/2756/2756 2757/2757/2757
f  2758/2758/2758 2755/2755/2755 2757/2757/2757
f  2759/2759/2759 2760/2760/2760 2761/2761/2761
f  2762/2762/2762 2759/2759/2759 2761/2761/2761
f  2763/2763/2763 2764/2764/2764 2765/2765/2765
f  2766/2766/2766 2767/2767/2767 2768/2768/2768
f  2769/2769/2769 2770/2770/2770 2771/2771/2771
f  2772/2772/2772 2773/2773/2773 2774/2774/2774
f  2775/2775/2775 2776/2776/2776 2777/2777/2777
f  2778/2778/2778 2775/2775/2775 2777/2777/2777
f  2779/2779/2779 2780/2780/2780 2781/2781/2781
f  2782/2782/2782 2779/2779/2779 2781/2781/2781
f  2783/2783/2783 2784/2784/2784 2785/2785/2785
f  2786/2786/2786 2783/2783/2783 2785/2785/2785
f  2787/2787/2787 2788/2788/2788 2789/2789/2789
f  2790/2790/2790 2787/2787/2787 2789/2789/2789
f  2791/2791/2791 2792/2792/2792 2793/2793/2793
f  2794/2794/2794 2791/2791/2791 2793/2793/2793
f  2795/2795/2795 2796/2796/2796 2797/2797/2797
f  2798/2798/2798 1304/1304/1304 1306/1306/1306
f  2799/2799/2799 2800/2800/2800 2801/2801/2801
f  2802/2802/2802 2799/2799/2799 2801/2801/2801
f  2803/2803/2803 2804/2804/2804 2805/2805/2805
f  2806/2806/2806 2803/2803/2803 2805/2805/2805
f  2807/2807/2807 1307/1307/1307 1309/1309/1309
f  2808/2808/2808 2809/2809/2809 2810/2810/2810
f  2811/2811/2811 2808/2808/2808 2810/2810/2810
f  2812/2812/2812 2813/2813/2813 2814/2814/2814
f  2815/2815/2815 2812/2812/2812 2814/2814/2814
f  2816/2816/2816 2817/2817/2817 2818/2818/2818
f  2819/2819/2819 2816/2816/2816 2818/2818/2818
f  2820/2820/2820 2821/2821/2821 2822/2822/2822
f  2823/2823/2823 2820/2820/2820 2822/2822/2822
f  2824/2824/2824 2825/2825/2825 2826/2826/2826
f  2827/2827/2827 2824/2824/2824 2826/2826/2826
f  2828/2828/2828 303/303/303 305/305/305
f  2829/2829/2829 2830/2830/2830 2831/2831/2831
f  2832/2832/2832 2829/2829/2829 2831/2831/2831
f  2833/2833/2833 2834/2834/2834 2835/2835/2835
f  2836/2836/2836 2833/2833/2833 2835/2835/2835
f  2837/2837/2837 2838/2838/2838 2839/2839/2839
f  2840/2840/2840 322/322/322 324/324/324
f  326/326/326 2841/2841/2841 327/327/327
f  2842/2842/2842 2843/2843/2843 2844/2844/2844
f  1335/1335/1335 2845/2845/2845 1336/1336/1336
f  2846/2846/2846 2847/2847/2847 2848/2848/2848
f  2849/2849/2849 2846/2846/2846 2848/2848/2848
f  2850/2850/2850 2851/2851/2851 2852/2852/2852
f  2853/2853/2853 2854/2854/2854 2855/2855/2855
f  2856/2856/2856 2853/2853/2853 2855/2855/2855
f  2857/2857/2857 2858/2858/2858 2859/2859/2859
f  2860/2860/2860 2857/2857/2857 2859/2859/2859
f  2861/2861/2861 2862/2862/2862 2863/2863/2863
f  2864/2864/2864 2865/2865/2865 2866/2866/2866
f  2867/2867/2867 2864/2864/2864 2866/2866/2866
f  2868/2868/2868 2869/2869/2869 2870/2870/2870
f  2871/2871/2871 2868/2868/2868 2870/2870/2870
f  2872/2872/2872 1341/1341/1341 1343/1343/1343
f  2873/2873/2873 2874/2874/2874 2875/2875/2875
f  2876/2876/2876 2873/2873/2873 2875/2875/2875
f  2877/2877/2877 2878/2878/2878 2879/2879/2879
f  2880/2880/2880 2881/2881/2881 2882/2882/2882
f  2883/2883/2883 2880/2880/2880 2882/2882/2882
f  2884/2884/2884 2885/2885/2885 2886/2886/2886
f  2887/2887/2887 2888/2888/2888 2889/2889/2889
f  2890/2890/2890 2887/2887/2887 2889/2889/2889
f  2891/2891/2891 2892/2892/2892 2893/2893/2893
f  2894/2894/2894 2895/2895/2895 2896/2896/2896
f  2897/2897/2897 2894/2894/2894 2896/2896/2896
f  1349/1349/1349 2898/2898/2898 1350/1350/1350
f  2899/2899/2899 2900/2900/2900 2901/2901/2901
f  2902/2902/2902 2903/2903/2903 2904/2904/2904
f  2905/2905/2905 2906/2906/2906 2907/2907/2907
f  2908/2908/2908 1419/1419/1419 1421/1421/1421
f  2909/2909/2909 1426/1426/1426 1428/1428/1428
f  2910/2910/2910 2911/2911/2911 2912/2912/2912
f  2913/2913/2913 1429/1429/1429 1431/1431/1431
f  1433/1433/1433 2914/2914/2914 1434/1434/1434
f  2915/2915/2915 2916/2916/2916 2917/2917/2917
f  2918/2918/2918 2915/2915/2915 2917/2917/2917
f  2919/2919/2919 2920/2920/2920 2921/2921/2921
f  2922/2922/2922 362/362/362 364/364/364
f  2923/2923/2923 2924/2924/2924 2925/2925/2925
f  2926/2926/2926 2923/2923/2923 2925/2925/2925
f  2927/2927/2927 2928/2928/2928 2929/2929/2929
f  2930/2930/2930 2931/2931/2931 2932/2932/2932
f  2933/2933/2933 2930/2930/2930 2932/2932/2932
f  2934/2934/2934 2935/2935/2935 2936/2936/2936
f  2937/2937/2937 2934/2934/2934 2936/2936/2936
f  2938/2938/2938 2939/2939/2939 2940/2940/2940
f  2941/2941/2941 2942/2942/2942 2943/2943/2943
f  2944/2944/2944 2941/2941/2941 2943/2943/2943
f  2945/2945/2945 2946/2946/2946 2947/2947/2947
f  2948/2948/2948 2945/2945/2945 2947/2947/2947
f  2949/2949/2949 2950/2950/2950 2951/2951/2951
f  2952/2952/2952 2949/2949/2949 2951/2951/2951
f  2953/2953/2953 2954/2954/2954 2955/2955/2955
f  2956/2956/2956 2953/2953/2953 2955/2955/2955
f  2957/2957/2957 2958/2958/2958 2959/2959/2959
f  2960/2960/2960 2957/2957/2957 2959/2959/2959
f  2961/2961/2961 2962/2962/2962 2963/2963/2963
f  2964/2964/2964 2961/2961/2961 2963/2963/2963
f  2965/2965/2965 2966/2966/2966 2967/2967/2967
f  2968/2968/2968 2969/2969/2969 2970/2970/2970
f  2971/2971/2971 2972/2972/2972 2973/2973/2973
f  2974/2974/2974 2975/2975/2975 2976/2976/2976
f  2977/2977/2977 2974/2974/2974 2976/2976/2976
f  2978/2978/2978 2979/2979/2979 2980/2980/2980
f  2981/2981/2981 2978/2978/2978 2980/2980/2980
f  2982/2982/2982 2983/2983/2983 2984/2984/2984
f  2985/2985/2985 2982/2982/2982 2984/2984/2984
f  2986/2986/2986 2987/2987/2987 2988/2988/2988
f  2989/2989/2989 2990/2990/2990 2991/2991/2991
f  2992/2992/2992 2989/2989/2989 2991/2991/2991
f  2993/2993/2993 2994/2994/2994 2995/2995/2995
f  2996/2996/2996 2993/2993/2993 2995/2995/2995
f  2997/2997/2997 2998/2998/2998 2999/2999/2999
f  3000/3000/3000 2997/2997/2997 2999/2999/2999
f  3001/3001/3001 3002/3002/3002 3003/3003/3003
f  3004/3004/3004 3001/3001/3001 3003/3003/3003
f  3005/3005/3005 3006/3006/3006 3007/3007/3007
f  3008/3008/3008 3005/3005/3005 3007/3007/3007
f  3009/3009/3009 3010/3010/3010 3011/3011/3011
f  3012/3012/3012 3009/3009/3009 3011/3011/3011
f  3013/3013/3013 3014/3014/3014 3015/3015/3015
f  3016/3016/3016 3013/3013/3013 3015/3015/3015
f  3017/3017/3017 3018/3018/3018 3019/3019/3019
f  3020/3020/3020 3017/3017/3017 3019/3019/3019
f  3021/3021/3021 3022/3022/3022 3023/3023/3023
f  3024/3024/3024 3021/3021/3021 3023/3023/3023
f  3025/3025/3025 3026/3026/3026 3027/3027/3027
f  3028/3028/3028 3025/3025/3025 3027/3027/3027
f  3029/3029/3029 3030/3030/3030 3031/3031/3031
f  3032/3032/3032 3029/3029/3029 3031/3031/3031
f  3033/3033/3033 3034/3034/3034 3035/3035/3035
f  3036/3036/3036 3033/3033/3033 3035/3035/3035
f  3037/3037/3037 3038/3038/3038 3039/3039/3039
f  3040/3040/3040 3037/3037/3037 3039/3039/3039
f  3041/3041/3041 3042/3042/3042 3043/3043/3043
f  3044/3044/3044 3041/3041/3041 3043/3043/3043
f  3045/3045/3045 1662/1662/1662 1664/1664/1664
f  1682/1682/1682 3046/3046/3046 1683/1683/1683
f  3047/3047/3047 3048/3048/3048 3049/3049/3049
f  3050/3050/3050 3047/3047/3047 3049/3049/3049
f  3051/3051/3051 3052/3052/3052 3053/3053/3053
f  3054/3054/3054 1684/1684/1684 1686/1686/1686
f  1692/1692/1692 3055/3055/3055 1693/1693/1693
f  3056/3056/3056 3057/3057/3057 3058/3058/3058
f  3059/3059/3059 3056/3056/3056 3058/3058/3058
f  3060/3060/3060 3061/3061/3061 3062/3062/3062
f  3063/3063/3063 3064/3064/3064 3065/3065/3065
f  3066/3066/3066 3067/3067/3067 3068/3068/3068
f  3069/3069/3069 3070/3070/3070 3071/3071/3071
f  3072/3072/3072 3069/3069/3069 3071/3071/3071
f  3073/3073/3073 3074/3074/3074 3075/3075/3075
f  3076/3076/3076 3073/3073/3073 3075/3075/3075
f  3077/3077/3077 3078/3078/3078 3079/3079/3079
f  3080/3080/3080 3081/3081/3081 3082/3082/3082
f  3083/3083/3083 3084/3084/3084 3085/3085/3085
f  3086/3086/3086 3083/3083/3083 3085/3085/3085
f  3087/3087/3087 3088/3088/3088 3089/3089/3089
f  3090/3090/3090 3087/3087/3087 3089/3089/3089
f  3091/3091/3091 3092/3092/3092 3093/3093/3093
f  3094/3094/3094 3091/3091/3091 3093/3093/3093
f  3095/3095/3095 3096/3096/3096 3097/3097/3097
f  3098/3098/3098 3099/3099/3099 3100/3100/3100
f  3101/3101/3101 3102/3102/3102 3103/3103/3103
f  3104/3104/3104 3101/3101/3101 3103/3103/3103
f  3105/3105/3105 3106/3106/3106 3107/3107/3107
f  3108/3108/3108 3109/3109/3109 3110/3110/3110
f  3111/3111/3111 3112/3112/3112 3113/3113/3113
f  3114/3114/3114 3115/3115/3115 3116/3116/3116
f  3117/3117/3117 3114/3114/3114 3116/3116/3116
f  3118/3118/3118 3119/3119/3119 3120/3120/3120
f  3121/3121/3121 3118/3118/3118 3120/3120/3120
f  3122/3122/3122 3123/3123/3123 3124/3124/3124
f  3125/3125/3125 3122/3122/3122 3124/3124/3124
f  3126/3126/3126 3127/3127/3127 3128/3128/3128
f  3129/3129/3129 3126/3126/3126 3128/3128/3128
f  3130/3130/3130 3131/3131/3131 3132/3132/3132
f  3133/3133/3133 3130/3130/3130 3132/3132/3132
f  1702/1702/1702 3134/3134/3134 1703/1703/1703
f  3135/3135/3135 3136/3136/3136 3137/3137/3137
f  3138/3138/3138 3135/3135/3135 3137/3137/3137
f  1709/1709/1709 3139/3139/3139 1710/1710/1710
f  3140/3140/3140 1711/1711/1711 1713/1713/1713
f  3141/3141/3141 1734/1734/1734 1736/1736/1736
f  3142/3142/3142 463/463/463 465/465/465
f  1740/1740/1740 3143/3143/3143 1741/1741/1741
f  3144/3144/3144 3145/3145/3145 3146/3146/3146
f  3147/3147/3147 3148/3148/3148 3149/3149/3149
f  1751/1751/1751 3150/3150/3150 1752/1752/1752
f  3151/3151/3151 3152/3152/3152 3153/3153/3153
f  3154/3154/3154 3155/3155/3155 3156/3156/3156
f  3157/3157/3157 3158/3158/3158 3159/3159/3159
f  3160/3160/3160 1757/1757/1757 1759/1759/1759
f  3161/3161/3161 1760/1760/1760 1762/1762/1762
f  3162/3162/3162 3163/3163/3163 3164/3164/3164
f  3165/3165/3165 3166/3166/3166 3167/3167/3167
f  3168/3168/3168 3165/3165/3165 3167/3167/3167
f  3169/3169/3169 3170/3170/3170 3171/3171/3171
f  3172/3172/3172 3169/3169/3169 3171/3171/3171
f  3173/3173/3173 3174/3174/3174 3175/3175/3175
f  1767/1767/1767 3176/3176/3176 1768/1768/1768
f  3177/3177/3177 3178/3178/3178 3179/3179/3179
f  3180/3180/3180 3177/3177/3177 3179/3179/3179
f  3181/3181/3181 3182/3182/3182 3183/3183/3183
f  3184/3184/3184 3185/3185/3185 3186/3186/3186
f  3187/3187/3187 3184/3184/3184 3186/3186/3186
f  3188/3188/3188 3189/3189/3189 3190/3190/3190
f  3191/3191/3191 3192/3192/3192 3193/3193/3193
f  3194/3194/3194 3195/3195/3195 3196/3196/3196
f  3197/3197/3197 3198/3198/3198 3199/3199/3199
f  3200/3200/3200 3201/3201/3201 3202/3202/3202
f  3203/3203/3203 3204/3204/3204 3205/3205/3205
f  3206/3206/3206 3203/3203/3203 3205/3205/3205
f  3207/3207/3207 3208/3208/3208 3209/3209/3209
f  3210/3210/3210 3211/3211/3211 3212/3212/3212
f  3213/3213/3213 3210/3210/3210 3212/3212/3212
f  3214/3214/3214 3215/3215/3215 3216/3216/3216
f  3217/3217/3217 3218/3218/3218 3219/3219/3219
f  3220/3220/3220 3217/3217/3217 3219/3219/3219
f  3221/3221/3221 3222/3222/3222 3223/3223/3223
f  3224/3224/3224 3221/3221/3221 3223/3223/3223
f  3225/3225/3225 3226/3226/3226 3227/3227/3227
f  3228/3228/3228 3229/3229/3229 3230/3230/3230
f  3231/3231/3231 3228/3228/3228 3230/3230/3230
f  3232/3232/3232 3233/3233/3233 3234/3234/3234
f  3235/3235/3235 3232/3232/3232 3234/3234/3234
f  3236/3236/3236 3237/3237/3237 3238/3238/3238
f  3239/3239/3239 3236/3236/3236 3238/3238/3238
f  3240/3240/3240 3241/3241/3241 3242/3242/3242
f  3243/3243/3243 3240/3240/3240 3242/3242/3242
f  3244/3244/3244 3245/3245/3245 3246/3246/3246
f  3247/3247/3247 3244/3244/3244 3246/3246/3246
f  3248/3248/3248 1784/1784/1784 1786/1786/1786
f  3249/3249/3249 3250/3250/3250 3251/3251/3251
f  3252/3252/3252 3253/3253/3253 3254/3254/3254
f  3255/3255/3255 3252/3252/3252 3254/3254/3254
f  3256/3256/3256 3257/3257/3257 3258/3258/3258
f  3259/3259/3259 3256/3256/3256 3258/3258/3258
f  1795/1795/1795 3260/3260/3260 1796/1796/1796
f  3261/3261/3261 3262/3262/3262 3263/3263/3263
f  3264/3264/3264 3261/3261/3261 3263/3263/3263
f  3265/3265/3265 3266/3266/3266 3267/3267/3267
f  3268/3268/3268 3265/3265/3265 3267/3267/3267
f  550/550/550 3269/3269/3269 551/551/551
f  3270/3270/3270 3271/3271/3271 3272/3272/3272
f  3273/3273/3273 3270/3270/3270 3272/3272/3272
f  3274/3274/3274 3275/3275/3275 3276/3276/3276
f  3277/3277/3277 3274/3274/3274 3276/3276/3276
f  596/596/596 3278/3278/3278 597/597/597
f  603/603/603 3279/3279/3279 604/604/604
f  3280/3280/3280 3281/3281/3281 3282/3282/3282
f  618/618/618 3283/3283/3283 619/619/619
f  1822/1822/1822 3284/3284/3284 1823/1823/1823
f  3285/3285/3285 3286/3286/3286 3287/3287/3287
f  3288/3288/3288 3285/3285/3285 3287/3287/3287
f  3289/3289/3289 3290/3290/3290 3291/3291/3291
f  3292/3292/3292 3293/3293/3293 3294/3294/3294
f  3295/3295/3295 3292/3292/3292 3294/3294/3294
f  3296/3296/3296 3297/3297/3297 3298/3298/3298
f  3299/3299/3299 3296/3296/3296 3298/3298/3298
f  1829/1829/1829 3300/3300/3300 1830/1830/1830
f  3301/3301/3301 3302/3302/3302 3303/3303/3303
f  3304/3304/3304 3301/3301/3301 3303/3303/3303
f  1836/1836/1836 3305/3305/3305 1837/1837/1837
f  1839/1839/1839 3306/3306/3306 1840/1840/1840
f  3307/3307/3307 3308/3308/3308 3309/3309/3309
f  1842/1842/1842 3310/3310/3310 1843/1843/1843
f  3311/3311/3311 3312/3312/3312 3313/3313/3313
f  3314/3314/3314 3311/3311/3311 3313/3313/3313
f  3315/3315/3315 3316/3316/3316 3317/3317/3317
f  3318/3318/3318 3315/3315/3315 3317/3317/3317
f  3319/3319/3319 3320/3320/3320 3321/3321/3321
f  3322/3322/3322 3319/3319/3319 3321/3321/3321
f  3323/3323/3323 3324/3324/3324 3325/3325/3325
f  3326/3326/3326 3323/3323/3323 3325/3325/3325
f  3327/3327/3327 3328/3328/3328 3329/3329/3329
f  3330/3330/3330 3327/3327/3327 3329/3329/3329
f  3331/3331/3331 3332/3332/3332 3333/3333/3333
f  3334/3334/3334 1879/1879/1879 1881/1881/1881
f  1891/1891/1891 3335/3335/3335 1892/1892/1892
f  3336/3336/3336 1917/1917/1917 1919/1919/1919
f  1921/1921/1921 3337/3337/3337 1922/1922/1922
f  3338/3338/3338 1923/1923/1923 1925/1925/1925
f  3339/3339/3339 3340/3340/3340 3341/3341/3341
f  3342/3342/3342 1926/1926/1926 1928/1928/1928
f  3343/3343/3343 3344/3344/3344 3345/3345/3345
f  3346/3346/3346 3343/3343/3343 3345/3345/3345
f  3347/3347/3347 3348/3348/3348 3349/3349/3349
f  3350/3350/3350 3347/3347/3347 3349/3349/3349
f  3351/3351/3351 3352/3352/3352 3353/3353/3353
f  3354/3354/3354 3351/3351/3351 3353/3353/3353
f  3355/3355/3355 3356/3356/3356 3357/3357/3357
f  3358/3358/3358 3359/3359/3359 3360/3360/3360
f  3361/3361/3361 1929/1929/1929 1931/1931/1931
f  3362/3362/3362 3363/3363/3363 3364/3364/3364
f  3365/3365/3365 3366/3366/3366 3367/3367/3367
f  3368/3368/3368 3365/3365/3365 3367/3367/3367
f  3369/3369/3369 3370/3370/3370 3371/3371/3371
f  3372/3372/3372 3369/3369/3369 3371/3371/3371
f  3373/3373/3373 3374/3374/3374 3375/3375/3375
f  3376/3376/3376 3377/3377/3377 3378/3378/3378
f  3379/3379/3379 3380/3380/3380 3381/3381/3381
f  3382/3382/3382 3379/3379/3379 3381/3381/3381
f  3383/3383/3383 3384/3384/3384 3385/3385/3385
f  3386/3386/3386 3383/3383/3383 3385/3385/3385
f  3387/3387/3387 3388/3388/3388 3389/3389/3389
f  3390/3390/3390 3387/3387/3387 3389/3389/3389
f  3391/3391/3391 3392/3392/3392 3393/3393/3393
f  3394/3394/3394 3395/3395/3395 3396/3396/3396
f  1971/1971/1971 3397/3397/3397 1972/1972/1972
f  3398/3398/3398 1989/1989/1989 1991/1991/1991
f  3399/3399/3399 1992/1992/1992 1994/1994/1994
f  1996/1996/1996 3400/3400/3400 1997/1997/1997
f  3401/3401/3401 3402/3402/3402 3403/3403/3403
f  3404/3404/3404 3401/3401/3401 3403/3403/3403
f  2011/2011/2011 3405/3405/3405 2012/2012/2012
f  2014/2014/2014 3406/3406/3406 2015/2015/2015
f  3407/3407/3407 2016/2016/2016 2018/2018/2018
f  3408/3408/3408 3409/3409/3409 3410/3410/3410
f  3411/3411/3411 3408/3408/3408 3410/3410/3410
f  3412/3412/3412 3413/3413/3413 3414/3414/3414
f  2020/2020/2020 3415/3415/3415 2021/2021/2021
f  2120/2120/2120 3416/3416/3416 2121/2121/2121
f  3417/3417/3417 3418/3418/3418 3419/3419/3419
f  3420/3420/3420 3417/3417/3417 3419/3419/3419
f  3421/3421/3421 2126/2126/2126 2128/2128/2128
f  3422/3422/3422 3423/3423/3423 3424/3424/3424
f  3425/3425/3425 3422/3422/3422 3424/3424/3424
f  3426/3426/3426 3427/3427/3427 3428/3428/3428
f  3429/3429/3429 3426/3426/3426 3428/3428/3428
f  3430/3430/3430 3431/3431/3431 3432/3432/3432
f  3433/3433/3433 3430/3430/3430 3432/3432/3432
f  3434/3434/3434 3435/3435/3435 3436/3436/3436
f  3437/3437/3437 3434/3434/3434 3436/3436/3436
f  3438/3438/3438 3439/3439/3439 3440/3440/3440
f  3441/3441/3441 3442/3442/3442 3443/3443/3443
f  3444/3444/3444 3441/3441/3441 3443/3443/3443
f  3445/3445/3445 3446/3446/3446 3447/3447/3447
f  3448/3448/3448 3445/3445/3445 3447/3447/3447
f  3449/3449/3449 3450/3450/3450 3451/3451/3451
f  3452/3452/3452 2137/2137/2137 2139/2139/2139
f  3453/3453/3453 2203/2203/2203 2205/2205/2205
f  3454/3454/3454 3455/3455/3455 3456/3456/3456
f  3457/3457/3457 3454/3454/3454 3456/3456/3456
f  3458/3458/3458 3459/3459/3459 3460/3460/3460
f  3461/3461/3461 3458/3458/3458 3460/3460/3460
f  3462/3462/3462 3463/3463/3463 3464/3464/3464
f  3465/3465/3465 3462/3462/3462 3464/3464/3464
f  3466/3466/3466 3467/3467/3467 3468/3468/3468
f  3469/3469/3469 3466/3466/3466 3468/3468/3468
f  3470/3470/3470 3471/3471/3471 3472/3472/3472
f  3473/3473/3473 3470/3470/3470 3472/3472/3472
f  3474/3474/3474 3475/3475/3475 3476/3476/3476
f  3477/3477/3477 3474/3474/3474 3476/3476/3476
f  3478/3478/3478 3479/3479/3479 3480/3480/3480
f  3481/3481/3481 3478/3478/3478 3480/3480/3480
f  3482/3482/3482 3483/3483/3483 3484/3484/3484
f  3485/3485/3485 3482/3482/3482 3484/3484/3484
f  3486/3486/3486 3487/3487/3487 3488/3488/3488
f  3489/3489/3489 3486/3486/3486 3488/3488/3488
f  3490/3490/3490 3491/3491/3491 3492/3492/3492
f  3493/3493/3493 3490/3490/3490 3492/3492/3492
f  3494/3494/3494 3495/3495/3495 3496/3496/3496
f  3497/3497/3497 3494/3494/3494 3496/3496/3496
f  3498/3498/3498 3499/3499/3499 3500/3500/3500
f  3501/3501/3501 3498/3498/3498 3500/3500/3500
f  3502/3502/3502 3503/3503/3503 3504/3504/3504
f  3505/3505/3505 3502/3502/3502 3504/3504/3504
f  3506/3506/3506 3507/3507/3507 3508/3508/3508
f  3509/3509/3509 3506/3506/3506 3508/3508/3508
f  3510/3510/3510 3511/3511/3511 3512/3512/3512
f  3513/3513/3513 3510/3510/3510 3512/3512/3512
f  3514/3514/3514 3515/3515/3515 3516/3516/3516
f  3517/3517/3517 3514/3514/3514 3516/3516/3516
f  3518/3518/3518 3519/3519/3519 3520/3520/3520
f  3521/3521/3521 3518/3518/3518 3520/3520/3520
f  3522/3522/3522 3523/3523/3523 3524/3524/3524
f  3525/3525/3525 3522/3522/3522 3524/3524/3524
f  3526/3526/3526 3527/3527/3527 3528/3528/3528
f  3529/3529/3529 3526/3526/3526 3528/3528/3528
f  3530/3530/3530 3531/3531/3531 3532/3532/3532
f  3533/3533/3533 3530/3530/3530 3532/3532/3532
f  3534/3534/3534 3535/3535/3535 3536/3536/3536
f  3537/3537/3537 3534/3534/3534 3536/3536/3536
f  2241/2241/2241 3538/3538/3538 2242/2242/2242
f  2248/2248/2248 3539/3539/3539 2249/2249/2249
f  2263/2263/2263 3540/3540/3540 2264/2264/2264
f  1010/1010/1010 3541/3541/3541 1011/1011/1011
f  3542/3542/3542 3543/3543/3543 3544/3544/3544
f  3545/3545/3545 3542/3542/3542 3544/3544/3544
f  2270/2270/2270 3546/3546/3546 2271/2271/2271
f  3547/3547/3547 3548/3548/3548 3549/3549/3549
f  2366/2366/2366 3550/3550/3550 2367/2367/2367
f  2369/2369/2369 3551/3551/3551 2370/2370/2370
f  3552/3552/3552 3553/3553/3553 3554/3554/3554
f  3555/3555/3555 3552/3552/3552 3554/3554/3554
f  2372/2372/2372 3556/3556/3556 2373/2373/2373
f  3557/3557/3557 3558/3558/3558 3559/3559/3559
f  3560/3560/3560 3557/3557/3557 3559/3559/3559
f  3561/3561/3561 3562/3562/3562 3563/3563/3563
f  3564/3564/3564 3561/3561/3561 3563/3563/3563
f  3565/3565/3565 3566/3566/3566 3567/3567/3567
f  3568/3568/3568 3565/3565/3565 3567/3567/3567
f  3569/3569/3569 3570/3570/3570 3571/3571/3571
f  3572/3572/3572 3569/3569/3569 3571/3571/3571
f  3573/3573/3573 3574/3574/3574 3575/3575/3575
f  3576/3576/3576 3577/3577/3577 3578/3578/3578
f  3579/3579/3579 3576/3576/3576 3578/3578/3578
f  3580/3580/3580 3581/3581/3581 3582/3582/3582
f  3583/3583/3583 3580/3580/3580 3582/3582/3582
f  3584/3584/3584 3585/3585/3585 3586/3586/3586
f  3587/3587/3587 2390/2390/2390 2392/2392/2392
f  2397/2397/2397 3588/3588/3588 2398/2398/2398
f  3589/3589/3589 3590/3590/3590 3591/3591/3591
f  3592/3592/3592 3589/3589/3589 3591/3591/3591
f  2456/2456/2456 3593/3593/3593 2457/2457/2457
f  3594/3594/3594 2458/2458/2458 2460/2460/2460
f  2462/2462/2462 3595/3595/3595 2463/2463/2463
f  3596/3596/3596 3597/3597/3597 3598/3598/3598
f  3599/3599/3599 3596/3596/3596 3598/3598/3598
f  3600/3600/3600 3601/3601/3601 3602/3602/3602
f  3603/3603/3603 3600/3600/3600 3602/3602/3602
f  3604/3604/3604 3605/3605/3605 3606/3606/3606
f  3607/3607/3607 3604/3604/3604 3606/3606/3606
f  3608/3608/3608 2476/2476/2476 2478/2478/2478
f  3609/3609/3609 3610/3610/3610 3611/3611/3611
f  3612/3612/3612 3609/3609/3609 3611/3611/3611
f  2484/2484/2484 3613/3613/3613 2485/2485/2485
f  3614/3614/3614 3615/3615/3615 3616/3616/3616
f  3617/3617/3617 3614/3614/3614 3616/3616/3616
f  3618/3618/3618 3619/3619/3619 3620/3620/3620
f  3621/3621/3621 3618/3618/3618 3620/3620/3620
f  3622/3622/3622 3623/3623/3623 3624/3624/3624
f  3625/3625/3625 3622/3622/3622 3624/3624/3624
f  3626/3626/3626 3627/3627/3627 3628/3628/3628
f  3629/3629/3629 3626/3626/3626 3628/3628/3628
f  3630/3630/3630 3631/3631/3631 3632/3632/3632
f  3633/3633/3633 3630/3630/3630 3632/3632/3632
f  3634/3634/3634 3635/3635/3635 3636/3636/3636
f  3637/3637/3637 3634/3634/3634 3636/3636/3636
f  3638/3638/3638 3639/3639/3639 3640/3640/3640
f  3641/3641/3641 3638/3638/3638 3640/3640/3640
f  3642/3642/3642 3643/3643/3643 3644/3644/3644
f  3645/3645/3645 3642/3642/3642 3644/3644/3644
f  3646/3646/3646 3647/3647/3647 3648/3648/3648
f  3649/3649/3649 3646/3646/3646 3648/3648/3648
f  3650/3650/3650 3651/3651/3651 3652/3652/3652
f  3653/3653/3653 3650/3650/3650 3652/3652/3652
f  3654/3654/3654 3655/3655/3655 3656/3656/3656
f  3657/3657/3657 3654/3654/3654 3656/3656/3656
f  3658/3658/3658 3659/3659/3659 3660/3660/3660
f  3661/3661/3661 3658/3658/3658 3660/3660/3660
f  3662/3662/3662 3663/3663/3663 3664/3664/3664
f  3665/3665/3665 3662/3662/3662 3664/3664/3664
f  3666/3666/3666 3667/3667/3667 3668/3668/3668
f  3669/3669/3669 3666/3666/3666 3668/3668/3668
f  2505/2505/2505 3670/3670/3670 2506/2506/2506
f  2508/2508/2508 3671/3671/3671 2509/2509/2509
f  3672/3672/3672 3673/3673/3673 3674/3674/3674
f  3675/3675/3675 3672/3672/3672 3674/3674/3674
f  2511/2511/2511 3676/3676/3676 2512/2512/2512
f  3677/3677/3677 3678/3678/3678 3679/3679/3679
f  3680/3680/3680 3677/3677/3677 3679/3679/3679
f  2514/2514/2514 3681/3681/3681 2515/2515/2515
f  3682/3682/3682 3683/3683/3683 3684/3684/3684
f  3685/3685/3685 3682/3682/3682 3684/3684/3684
f  3686/3686/3686 2520/2520/2520 2522/2522/2522
f  3687/3687/3687 3688/3688/3688 3689/3689/3689
f  3690/3690/3690 3687/3687/3687 3689/3689/3689
f  3691/3691/3691 1167/1167/1167 1169/1169/1169
f  3692/3692/3692 2564/2564/2564 2566/2566/2566
f  3693/3693/3693 3694/3694/3694 3695/3695/3695
f  3696/3696/3696 3693/3693/3693 3695/3695/3695
f  3697/3697/3697 2567/2567/2567 2569/2569/2569
f  3698/3698/3698 1184/1184/1184 1186/1186/1186
f  3699/3699/3699 1187/1187/1187 1189/1189/1189
f  3700/3700/3700 2570/2570/2570 2572/2572/2572
f  3701/3701/3701 2573/2573/2573 2575/2575/2575
f  3702/3702/3702 3703/3703/3703 3704/3704/3704
f  3705/3705/3705 3702/3702/3702 3704/3704/3704
f  2577/2577/2577 3706/3706/3706 2578/2578/2578
f  2580/2580/2580 3707/3707/3707 2581/2581/2581
f  3708/3708/3708 3709/3709/3709 3710/3710/3710
f  3711/3711/3711 3708/3708/3708 3710/3710/3710
f  3712/3712/3712 3713/3713/3713 3714/3714/3714
f  3715/3715/3715 3716/3716/3716 3717/3717/3717
f  3718/3718/3718 3715/3715/3715 3717/3717/3717
f  3719/3719/3719 3720/3720/3720 3721/3721/3721
f  3722/3722/3722 3723/3723/3723 3724/3724/3724
f  3725/3725/3725 3722/3722/3722 3724/3724/3724
f  3726/3726/3726 3727/3727/3727 3728/3728/3728
f  3729/3729/3729 3726/3726/3726 3728/3728/3728
f  3730/3730/3730 3731/3731/3731 3732/3732/3732
f  3733/3733/3733 3730/3730/3730 3732/3732/3732
f  3734/3734/3734 3735/3735/3735 3736/3736/3736
f  3737/3737/3737 3734/3734/3734 3736/3736/3736
f  3738/3738/3738 3739/3739/3739 3740/3740/3740
f  3741/3741/3741 3738/3738/3738 3740/3740/3740
f  3742/3742/3742 3743/3743/3743 3744/3744/3744
f  3745/3745/3745 3742/3742/3742 3744/3744/3744
f  3746/3746/3746 3747/3747/3747 3748/3748/3748
f  3749/3749/3749 3746/3746/3746 3748/3748/3748
f  3750/3750/3750 3751/3751/3751 3752/3752/3752
f  3753/3753/3753 3750/3750/3750 3752/3752/3752
f  2583/2583/2583 3754/3754/3754 2584/2584/2584
f  3755/3755/3755 3756/3756/3756 3757/3757/3757
f  3758/3758/3758 3755/3755/3755 3757/3757/3757
f  2586/2586/2586 3759/3759/3759 2587/2587/2587
f  3760/3760/3760 3761/3761/3761 3762/3762/3762
f  3763/3763/3763 3760/3760/3760 3762/3762/3762
f  3764/3764/3764 3765/3765/3765 3766/3766/3766
f  3767/3767/3767 3764/3764/3764 3766/3766/3766
f  3768/3768/3768 3769/3769/3769 3770/3770/3770
f  3771/3771/3771 3768/3768/3768 3770/3770/3770
f  3772/3772/3772 3773/3773/3773 3774/3774/3774
f  3775/3775/3775 3772/3772/3772 3774/3774/3774
f  2604/2604/2604 3776/3776/3776 2605/2605/2605
f  3777/3777/3777 3778/3778/3778 3779/3779/3779
f  3780/3780/3780 3777/3777/3777 3779/3779/3779
f  3781/3781/3781 3782/3782/3782 3783/3783/3783
f  3784/3784/3784 3781/3781/3781 3783/3783/3783
f  2607/2607/2607 3785/3785/3785 2608/2608/2608
f  3786/3786/3786 3787/3787/3787 3788/3788/3788
f  3789/3789/3789 3786/3786/3786 3788/3788/3788
f  3790/3790/3790 3791/3791/3791 3792/3792/3792
f  3793/3793/3793 3790/3790/3790 3792/3792/3792
f  2627/2627/2627 3794/3794/3794 2628/2628/2628
f  1194/1194/1194 3795/3795/3795 1195/1195/1195
f  3796/3796/3796 3797/3797/3797 3798/3798/3798
f  3799/3799/3799 3800/3800/3800 3801/3801/3801
f  3802/3802/3802 3799/3799/3799 3801/3801/3801
f  3803/3803/3803 3804/3804/3804 3805/3805/3805
f  3806/3806/3806 3803/3803/3803 3805/3805/3805
f  3807/3807/3807 3808/3808/3808 3809/3809/3809
f  3810/3810/3810 3807/3807/3807 3809/3809/3809
f  3811/3811/3811 3812/3812/3812 3813/3813/3813
f  3814/3814/3814 3811/3811/3811 3813/3813/3813
f  2661/2661/2661 3815/3815/3815 2662/2662/2662
f  3816/3816/3816 3817/3817/3817 3818/3818/3818
f  3819/3819/3819 1240/1240/1240 1242/1242/1242
f  2668/2668/2668 3820/3820/3820 2669/2669/2669
f  2671/2671/2671 3821/3821/3821 2672/2672/2672
f  3822/3822/3822 3823/3823/3823 3824/3824/3824
f  3825/3825/3825 3822/3822/3822 3824/3824/3824
f  3826/3826/3826 3827/3827/3827 3828/3828/3828
f  3829/3829/3829 3826/3826/3826 3828/3828/3828
f  3830/3830/3830 3831/3831/3831 3832/3832/3832
f  3833/3833/3833 3830/3830/3830 3832/3832/3832
f  3834/3834/3834 3835/3835/3835 3836/3836/3836
f  3837/3837/3837 2683/2683/2683 2685/2685/2685
f  3838/3838/3838 3839/3839/3839 3840/3840/3840
f  3841/3841/3841 3838/3838/3838 3840/3840/3840
f  3842/3842/3842 3843/3843/3843 3844/3844/3844
f  3845/3845/3845 3842/3842/3842 3844/3844/3844
f  2687/2687/2687 3846/3846/3846 2688/2688/2688
f  3847/3847/3847 3848/3848/3848 3849/3849/3849
f  3850/3850/3850 3847/3847/3847 3849/3849/3849
f  3851/3851/3851 3852/3852/3852 3853/3853/3853
f  3854/3854/3854 3851/3851/3851 3853/3853/3853
f  3855/3855/3855 3856/3856/3856 3857/3857/3857
f  3858/3858/3858 3855/3855/3855 3857/3857/3857
f  3859/3859/3859 3860/3860/3860 3861/3861/3861
f  3862/3862/3862 3859/3859/3859 3861/3861/3861
f  3863/3863/3863 3864/3864/3864 3865/3865/3865
f  3866/3866/3866 3863/3863/3863 3865/3865/3865
f  3867/3867/3867 2728/2728/2728 2730/2730/2730
f  3868/3868/3868 3869/3869/3869 3870/3870/3870
f  3871/3871/3871 3868/3868/3868 3870/3870/3870
f  3872/3872/3872 3873/3873/3873 3874/3874/3874
f  3875/3875/3875 3872/3872/3872 3874/3874/3874
f  2732/2732/2732 3876/3876/3876 2733/2733/2733
f  3877/3877/3877 3878/3878/3878 3879/3879/3879
f  3880/3880/3880 3877/3877/3877 3879/3879/3879
f  3881/3881/3881 2734/2734/2734 2736/2736/2736
f  3882/3882/3882 2737/2737/2737 2739/2739/2739
f  3883/3883/3883 3884/3884/3884 3885/3885/3885
f  3886/3886/3886 3883/3883/3883 3885/3885/3885
f  3887/3887/3887 3888/3888/3888 3889/3889/3889
f  3890/3890/3890 3887/3887/3887 3889/3889/3889
f  3891/3891/3891 3892/3892/3892 3893/3893/3893
f  3894/3894/3894 3891/3891/3891 3893/3893/3893
f  3895/3895/3895 3896/3896/3896 3897/3897/3897
f  3898/3898/3898 3895/3895/3895 3897/3897/3897
f  3899/3899/3899 2744/2744/2744 2746/2746/2746
f  3900/3900/3900 3901/3901/3901 3902/3902/3902
f  3903/3903/3903 3900/3900/3900 3902/3902/3902
f  3904/3904/3904 3905/3905/3905 3906/3906/3906
f  2764/2764/2764 3907/3907/3907 2765/2765/2765
f  3908/3908/3908 3909/3909/3909 3910/3910/3910
f  3911/3911/3911 3908/3908/3908 3910/3910/3910
f  3912/3912/3912 3913/3913/3913 3914/3914/3914
f  3915/3915/3915 3912/3912/3912 3914/3914/3914
f  2767/2767/2767 3916/3916/3916 2768/2768/2768
f  3917/3917/3917 3918/3918/3918 3919/3919/3919
f  2770/2770/2770 3920/3920/3920 2771/2771/2771
f  3921/3921/3921 2772/2772/2772 2774/2774/2774
f  3922/3922/3922 3923/3923/3923 3924/3924/3924
f  3925/3925/3925 3922/3922/3922 3924/3924/3924
f  3926/3926/3926 3927/3927/3927 3928/3928/3928
f  3929/3929/3929 3926/3926/3926 3928/3928/3928
f  3930/3930/3930 3931/3931/3931 3932/3932/3932
f  3933/3933/3933 3930/3930/3930 3932/3932/3932
f  2843/2843/2843 3934/3934/3934 2844/2844/2844
f  3935/3935/3935 3936/3936/3936 3937/3937/3937
f  3938/3938/3938 3939/3939/3939 3940/3940/3940
f  3941/3941/3941 3938/3938/3938 3940/3940/3940
f  3942/3942/3942 2850/2850/2850 2852/2852/2852
f  3943/3943/3943 3944/3944/3944 3945/3945/3945
f  3946/3946/3946 3943/3943/3943 3945/3945/3945
f  3947/3947/3947 3948/3948/3948 3949/3949/3949
f  3950/3950/3950 3947/3947/3947 3949/3949/3949
f  3951/3951/3951 2861/2861/2861 2863/2863/2863
f  3952/3952/3952 3953/3953/3953 3954/3954/3954
f  3955/3955/3955 3952/3952/3952 3954/3954/3954
f  3956/3956/3956 3957/3957/3957 3958/3958/3958
f  3959/3959/3959 3956/3956/3956 3958/3958/3958
f  3960/3960/3960 3961/3961/3961 3962/3962/3962
f  3963/3963/3963 3960/3960/3960 3962/3962/3962
f  3964/3964/3964 3965/3965/3965 3966/3966/3966
f  3967/3967/3967 3964/3964/3964 3966/3966/3966
f  3968/3968/3968 3969/3969/3969 3970/3970/3970
f  3971/3971/3971 3968/3968/3968 3970/3970/3970
f  3972/3972/3972 3973/3973/3973 3974/3974/3974
f  3975/3975/3975 3972/3972/3972 3974/3974/3974
f  3976/3976/3976 3977/3977/3977 3978/3978/3978
f  3979/3979/3979 3976/3976/3976 3978/3978/3978
f  3980/3980/3980 2884/2884/2884 2886/2886/2886
f  3981/3981/3981 3982/3982/3982 3983/3983/3983
f  3984/3984/3984 3981/3981/3981 3983/3983/3983
f  3985/3985/3985 3986/3986/3986 3987/3987/3987
f  3988/3988/3988 2891/2891/2891 2893/2893/2893
f  3989/3989/3989 3990/3990/3990 3991/3991/3991
f  2903/2903/2903 3992/3992/3992 2904/2904/2904
f  3993/3993/3993 2905/2905/2905 2907/2907/2907
f  3994/3994/3994 2919/2919/2919 2921/2921/2921
f  3995/3995/3995 3996/3996/3996 3997/3997/3997
f  3998/3998/3998 3995/3995/3995 3997/3997/3997
f  3999/3999/3999 4000/4000/4000 4001/4001/4001
f  4002/4002/4002 3999/3999/3999 4001/4001/4001
f  4003/4003/4003 4004/4004/4004 4005/4005/4005
f  4006/4006/4006 4003/4003/4003 4005/4005/4005
f  4007/4007/4007 4008/4008/4008 4009/4009/4009
f  4010/4010/4010 4007/4007/4007 4009/4009/4009
f  4011/4011/4011 4012/4012/4012 4013/4013/4013
f  4014/4014/4014 4011/4011/4011 4013/4013/4013
f  4015/4015/4015 4016/4016/4016 4017/4017/4017
f  4018/4018/4018 4015/4015/4015 4017/4017/4017
f  4019/4019/4019 4020/4020/4020 4021/4021/4021
f  4022/4022/4022 4019/4019/4019 4021/4021/4021
f  2928/2928/2928 4023/4023/4023 2929/2929/2929
f  1472/1472/1472 4024/4024/4024 1473/1473/1473
f  4025/4025/4025 4026/4026/4026 4027/4027/4027
f  4028/4028/4028 4025/4025/4025 4027/4027/4027
f  4029/4029/4029 2938/2938/2938 2940/2940/2940
f  4030/4030/4030 4031/4031/4031 4032/4032/4032
f  4033/4033/4033 4030/4030/4030 4032/4032/4032
f  4034/4034/4034 4035/4035/4035 4036/4036/4036
f  4037/4037/4037 4034/4034/4034 4036/4036/4036
f  2966/2966/2966 4038/4038/4038 2967/2967/2967
f  4039/4039/4039 4040/4040/4040 4041/4041/4041
f  4042/4042/4042 4039/4039/4039 4041/4041/4041
f  4043/4043/4043 2968/2968/2968 2970/2970/2970
f  4044/4044/4044 4045/4045/4045 4046/4046/4046
f  4047/4047/4047 4044/4044/4044 4046/4046/4046
f  4048/4048/4048 2971/2971/2971 2973/2973/2973
f  4049/4049/4049 4050/4050/4050 4051/4051/4051
f  4052/4052/4052 4049/4049/4049 4051/4051/4051
f  2987/2987/2987 4053/4053/4053 2988/2988/2988
f  4054/4054/4054 4055/4055/4055 4056/4056/4056
f  4057/4057/4057 4054/4054/4054 4056/4056/4056
f  4058/4058/4058 3051/3051/3051 3053/3053/3053
f  3061/3061/3061 4059/4059/4059 3062/3062/3062
f  4060/4060/4060 4061/4061/4061 4062/4062/4062
f  4063/4063/4063 4060/4060/4060 4062/4062/4062
f  4064/4064/4064 4065/4065/4065 4066/4066/4066
f  4067/4067/4067 4064/4064/4064 4066/4066/4066
f  4068/4068/4068 4069/4069/4069 4070/4070/4070
f  4071/4071/4071 4068/4068/4068 4070/4070/4070
f  4072/4072/4072 4073/4073/4073 4074/4074/4074
f  4075/4075/4075 4076/4076/4076 4077/4077/4077
f  4078/4078/4078 4075/4075/4075 4077/4077/4077
f  4079/4079/4079 4080/4080/4080 4081/4081/4081
f  4082/4082/4082 3063/3063/3063 3065/3065/3065
f  4083/4083/4083 4084/4084/4084 4085/4085/4085
f  4086/4086/4086 4083/4083/4083 4085/4085/4085
f  4087/4087/4087 4088/4088/4088 4089/4089/4089
f  4090/4090/4090 4087/4087/4087 4089/4089/4089
f  4091/4091/4091 4092/4092/4092 4093/4093/4093
f  4094/4094/4094 4091/4091/4091 4093/4093/4093
f  4095/4095/4095 4096/4096/4096 4097/4097/4097
f  4098/4098/4098 4095/4095/4095 4097/4097/4097
f  4099/4099/4099 4100/4100/4100 4101/4101/4101
f  4102/4102/4102 4099/4099/4099 4101/4101/4101
f  4103/4103/4103 4104/4104/4104 4105/4105/4105
f  4106/4106/4106 4103/4103/4103 4105/4105/4105
f  4107/4107/4107 4108/4108/4108 4109/4109/4109
f  4110/4110/4110 4107/4107/4107 4109/4109/4109
f  4111/4111/4111 4112/4112/4112 4113/4113/4113
f  4114/4114/4114 4111/4111/4111 4113/4113/4113
f  4115/4115/4115 4116/4116/4116 4117/4117/4117
f  4118/4118/4118 4115/4115/4115 4117/4117/4117
f  4119/4119/4119 4120/4120/4120 4121/4121/4121
f  4122/4122/4122 4119/4119/4119 4121/4121/4121
f  4123/4123/4123 4124/4124/4124 4125/4125/4125
f  4126/4126/4126 4123/4123/4123 4125/4125/4125
f  4127/4127/4127 3066/3066/3066 3068/3068/3068
f  4128/4128/4128 4129/4129/4129 4130/4130/4130
f  4131/4131/4131 4128/4128/4128 4130/4130/4130
f  4132/4132/4132 4133/4133/4133 4134/4134/4134
f  4135/4135/4135 4132/4132/4132 4134/4134/4134
f  4136/4136/4136 4137/4137/4137 4138/4138/4138
f  4139/4139/4139 4136/4136/4136 4138/4138/4138
f  4140/4140/4140 4141/4141/4141 4142/4142/4142
f  4143/4143/4143 4140/4140/4140 4142/4142/4142
f  4144/4144/4144 4145/4145/4145 4146/4146/4146
f  4147/4147/4147 4144/4144/4144 4146/4146/4146
f  4148/4148/4148 4149/4149/4149 4150/4150/4150
f  4151/4151/4151 4148/4148/4148 4150/4150/4150
f  3081/3081/3081 4152/4152/4152 3082/3082/3082
f  4153/4153/4153 3095/3095/3095 3097/3097/3097
f  4154/4154/4154 4155/4155/4155 4156/4156/4156
f  4157/4157/4157 4154/4154/4154 4156/4156/4156
f  3099/3099/3099 4158/4158/4158 3100/3100/3100
f  4159/4159/4159 4160/4160/4160 4161/4161/4161
f  4162/4162/4162 4159/4159/4159 4161/4161/4161
f  3106/3106/3106 4163/4163/4163 3107/3107/3107
f  4164/4164/4164 4165/4165/4165 4166/4166/4166
f  4167/4167/4167 4168/4168/4168 4169/4169/4169
f  4170/4170/4170 4167/4167/4167 4169/4169/4169
f  4171/4171/4171 4172/4172/4172 4173/4173/4173
f  4174/4174/4174 4171/4171/4171 4173/4173/4173
f  4175/4175/4175 4176/4176/4176 4177/4177/4177
f  4178/4178/4178 4175/4175/4175 4177/4177/4177
f  4179/4179/4179 4180/4180/4180 4181/4181/4181
f  4182/4182/4182 4179/4179/4179 4181/4181/4181
f  4183/4183/4183 4184/4184/4184 4185/4185/4185
f  4186/4186/4186 4187/4187/4187 4188/4188/4188
f  4189/4189/4189 4186/4186/4186 4188/4188/4188
f  4190/4190/4190 4191/4191/4191 4192/4192/4192
f  4193/4193/4193 4190/4190/4190 4192/4192/4192
f  4194/4194/4194 4195/4195/4195 4196/4196/4196
f  4197/4197/4197 4194/4194/4194 4196/4196/4196
f  3145/3145/3145 4198/4198/4198 3146/3146/3146
f  3148/3148/3148 4199/4199/4199 3149/3149/3149
f  4200/4200/4200 4201/4201/4201 4202/4202/4202
f  4203/4203/4203 4200/4200/4200 4202/4202/4202
f  4204/4204/4204 4205/4205/4205 4206/4206/4206
f  4207/4207/4207 4204/4204/4204 4206/4206/4206
f  4208/4208/4208 4209/4209/4209 4210/4210/4210
f  4211/4211/4211 4212/4212/4212 4213/4213/4213
f  4214/4214/4214 4211/4211/4211 4213/4213/4213
f  3152/3152/3152 4215/4215/4215 3153/3153/3153
f  4216/4216/4216 3154/3154/3154 3156/3156/3156
f  3158/3158/3158 4217/4217/4217 3159/3159/3159
f  3163/3163/3163 4218/4218/4218 3164/3164/3164
f  1764/1764/1764 4219/4219/4219 1765/1765/1765
f  4220/4220/4220 4221/4221/4221 4222/4222/4222
f  4223/4223/4223 4220/4220/4220 4222/4222/4222
f  4224/4224/4224 4225/4225/4225 4226/4226/4226
f  4227/4227/4227 4224/4224/4224 4226/4226/4226
f  3182/3182/3182 4228/4228/4228 3183/3183/3183
f  4229/4229/4229 4230/4230/4230 4231/4231/4231
f  4232/4232/4232 4229/4229/4229 4231/4231/4231
f  3192/3192/3192 4233/4233/4233 3193/3193/3193
f  4234/4234/4234 4235/4235/4235 4236/4236/4236
f  4237/4237/4237 4234/4234/4234 4236/4236/4236
f  3195/3195/3195 4238/4238/4238 3196/3196/3196
f  4239/4239/4239 4240/4240/4240 4241/4241/4241
f  4242/4242/4242 4239/4239/4239 4241/4241/4241
f  3198/3198/3198 4243/4243/4243 3199/3199/3199
f  4244/4244/4244 4245/4245/4245 4246/4246/4246
f  4247/4247/4247 4244/4244/4244 4246/4246/4246
f  4248/4248/4248 4249/4249/4249 4250/4250/4250
f  4251/4251/4251 4248/4248/4248 4250/4250/4250
f  4252/4252/4252 4253/4253/4253 4254/4254/4254
f  4255/4255/4255 4252/4252/4252 4254/4254/4254
f  4256/4256/4256 4257/4257/4257 4258/4258/4258
f  4259/4259/4259 4256/4256/4256 4258/4258/4258
f  4260/4260/4260 3200/3200/3200 3202/3202/3202
f  4261/4261/4261 4262/4262/4262 4263/4263/4263
f  4264/4264/4264 4261/4261/4261 4263/4263/4263
f  4265/4265/4265 4266/4266/4266 4267/4267/4267
f  4268/4268/4268 4265/4265/4265 4267/4267/4267
f  4269/4269/4269 3207/3207/3207 3209/3209/3209
f  3215/3215/3215 4270/4270/4270 3216/3216/3216
f  4271/4271/4271 4272/4272/4272 4273/4273/4273
f  3226/3226/3226 4274/4274/4274 3227/3227/3227
f  4275/4275/4275 4276/4276/4276 4277/4277/4277
f  4278/4278/4278 4275/4275/4275 4277/4277/4277
f  4279/4279/4279 4280/4280/4280 4281/4281/4281
f  4282/4282/4282 4279/4279/4279 4281/4281/4281
f  4283/4283/4283 4284/4284/4284 4285/4285/4285
f  4286/4286/4286 4283/4283/4283 4285/4285/4285
f  4287/4287/4287 4288/4288/4288 4289/4289/4289
f  4290/4290/4290 4287/4287/4287 4289/4289/4289
f  4291/4291/4291 4292/4292/4292 4293/4293/4293
f  4294/4294/4294 4295/4295/4295 4296/4296/4296
f  4297/4297/4297 4294/4294/4294 4296/4296/4296
f  4298/4298/4298 4299/4299/4299 4300/4300/4300
f  4301/4301/4301 4298/4298/4298 4300/4300/4300
f  4302/4302/4302 4303/4303/4303 4304/4304/4304
f  4305/4305/4305 4302/4302/4302 4304/4304/4304
f  4306/4306/4306 4307/4307/4307 4308/4308/4308
f  4309/4309/4309 4306/4306/4306 4308/4308/4308
f  4310/4310/4310 4311/4311/4311 4312/4312/4312
f  4313/4313/4313 4310/4310/4310 4312/4312/4312
f  4314/4314/4314 4315/4315/4315 4316/4316/4316
f  4317/4317/4317 4318/4318/4318 4319/4319/4319
f  4320/4320/4320 4317/4317/4317 4319/4319/4319
f  4321/4321/4321 3289/3289/3289 3291/3291/3291
f  4322/4322/4322 4323/4323/4323 4324/4324/4324
f  4325/4325/4325 4322/4322/4322 4324/4324/4324
f  4326/4326/4326 4327/4327/4327 4328/4328/4328
f  4329/4329/4329 4326/4326/4326 4328/4328/4328
f  4330/4330/4330 4331/4331/4331 4332/4332/4332
f  4333/4333/4333 4330/4330/4330 4332/4332/4332
f  4334/4334/4334 4335/4335/4335 4336/4336/4336
f  4337/4337/4337 4334/4334/4334 4336/4336/4336
f  4338/4338/4338 4339/4339/4339 4340/4340/4340
f  4341/4341/4341 4338/4338/4338 4340/4340/4340
f  4342/4342/4342 4343/4343/4343 4344/4344/4344
f  4345/4345/4345 4342/4342/4342 4344/4344/4344
f  4346/4346/4346 4347/4347/4347 4348/4348/4348
f  4349/4349/4349 4346/4346/4346 4348/4348/4348
f  4350/4350/4350 4351/4351/4351 4352/4352/4352
f  4353/4353/4353 4350/4350/4350 4352/4352/4352
f  4354/4354/4354 4355/4355/4355 4356/4356/4356
f  4357/4357/4357 4354/4354/4354 4356/4356/4356
f  4358/4358/4358 4359/4359/4359 4360/4360/4360
f  4361/4361/4361 4358/4358/4358 4360/4360/4360
f  4362/4362/4362 4363/4363/4363 4364/4364/4364
f  4365/4365/4365 4362/4362/4362 4364/4364/4364
f  4366/4366/4366 4367/4367/4367 4368/4368/4368
f  4369/4369/4369 4370/4370/4370 4371/4371/4371
f  4372/4372/4372 4373/4373/4373 4374/4374/4374
f  4375/4375/4375 4372/4372/4372 4374/4374/4374
f  3356/3356/3356 4376/4376/4376 3357/3357/3357
f  4377/4377/4377 4378/4378/4378 4379/4379/4379
f  4380/4380/4380 4377/4377/4377 4379/4379/4379
f  3359/3359/3359 4381/4381/4381 3360/3360/3360
f  4382/4382/4382 4383/4383/4383 4384/4384/4384
f  4385/4385/4385 4382/4382/4382 4384/4384/4384
f  4386/4386/4386 4387/4387/4387 4388/4388/4388
f  4389/4389/4389 4386/4386/4386 4388/4388/4388
f  4390/4390/4390 4391/4391/4391 4392/4392/4392
f  4393/4393/4393 4390/4390/4390 4392/4392/4392
f  4394/4394/4394 4395/4395/4395 4396/4396/4396
f  4397/4397/4397 4394/4394/4394 4396/4396/4396
f  3363/3363/3363 4398/4398/4398 3364/3364/3364
f  4399/4399/4399 4400/4400/4400 4401/4401/4401
f  4402/4402/4402 4399/4399/4399 4401/4401/4401
f  4403/4403/4403 4404/4404/4404 4405/4405/4405
f  4406/4406/4406 4403/4403/4403 4405/4405/4405
f  4407/4407/4407 3373/3373/3373 3375/3375/3375
f  4408/4408/4408 4409/4409/4409 4410/4410/4410
f  4411/4411/4411 4408/4408/4408 4410/4410/4410
f  4412/4412/4412 4413/4413/4413 4414/4414/4414
f  4415/4415/4415 4412/4412/4412 4414/4414/4414
f  4416/4416/4416 3376/3376/3376 3378/3378/3378
f  4417/4417/4417 3391/3391/3391 3393/3393/3393
f  4418/4418/4418 3394/3394/3394 3396/3396/3396

g
v  -4.673169 150.567307 5.643291
v  -2.321584 150.770523 6.876835
v  -2.356640 152.448807 7.305607
v  -4.651515 152.462921 6.221371
v  0.000086 150.713821 7.312674
v  0.000088 152.602097 7.511293
v  -2.356640 152.448807 7.305607
v  -2.321584 150.770523 6.876835
v  -4.673169 150.567307 5.643291
v  -4.651515 152.462921 6.221371
v  -6.293531 152.600220 4.378403
v  -6.058797 150.149826 3.891498
v  -6.058797 150.149826 3.891498
v  -6.293531 152.600220 4.378403
v  -7.727562 152.107529 1.958029
v  -7.080015 148.188965 2.196016
v  -4.651515 152.462921 6.221371
v  -2.356640 152.448807 7.305607
v  -2.267081 153.595047 7.291095
v  -4.528702 154.058777 6.477288
v  0.000088 152.602097 7.511293
v  0.000089 153.564194 7.340185
v  -2.267081 153.595047 7.291095
v  -2.356640 152.448807 7.305607
v  -6.293531 152.600220 4.378403
v  -4.651515 152.462921 6.221371
v  -4.528702 154.058777 6.477288
v  -5.992107 154.528580 4.867791
v  -7.727562 152.107529 1.958029
v  -6.293531 152.600220 4.378403
v  -5.992107 154.528580 4.867791
v  -6.618222 154.900772 2.523122
v  -4.528702 154.058777 6.477288
v  -2.267081 153.595047 7.291095
v  -1.463294 156.222443 6.004340
v  -3.309001 156.571594 5.440791
v  0.000089 153.564194 7.340185
v  0.000093 156.240799 6.109750
v  -1.463294 156.222443 6.004340
v  -2.267081 153.595047 7.291095
v  -5.992107 154.528580 4.867791
v  -4.528702 154.058777 6.477288
v  -3.309001 156.571594 5.440791
v  -4.444881 156.801559 4.131883
v  -6.618222 154.900772 2.523122
v  -5.992107 154.528580 4.867791
v  -4.444881 156.801559 4.131883
v  -4.929065 156.916748 2.078780
v  -3.309001 156.571594 5.440791
v  -1.463294 156.222443 6.004340
v  -0.923565 157.856949 3.787687
v  -2.067475 158.024948 2.986816
v  0.000093 156.240799 6.109750
v  0.000095 157.846542 4.000495
v  -0.923565 157.856949 3.787687
v  -1.463294 156.222443 6.004340
v  -4.444881 156.801559 4.131883
v  -3.309001 156.571594 5.440791
v  -2.067475 158.024948 2.986816
v  -4.929065 156.916748 2.078780
v  -4.444881 156.801559 4.131883
v  -2.067475 158.024948 2.986816
v  -2.379672 158.179443 2.269967
v  -2.379672 158.179443 2.269967
v  -2.067475 158.024948 2.986816
v  -0.706013 158.384186 3.075121
v  -0.887034 158.784546 1.377698
v  -0.887034 158.784546 1.377698
v  -0.706013 158.384186 3.075121
v  0.000096 158.384186 3.075121
v  0.000097 158.830139 1.090499
v  0.000095 157.846542 4.000495
v  0.000096 158.384186 3.075121
v  -0.706013 158.384186 3.075121
v  -0.923565 157.856949 3.787687
v  -0.923565 157.856949 3.787687
v  -0.706013 158.384186 3.075121
v  -2.067475 158.024948 2.986816
v  0.000097 158.830139 1.090499
v  0.000098 159.489105 -0.632323
v  -0.976960 159.418045 -0.166462
v  -0.887034 158.784546 1.377698
v  0.000098 159.489105 -0.632323
v  0.000098 159.660751 -3.215835
v  -1.379869 159.600586 -2.906057
v  -0.976960 159.418045 -0.166462
v  -1.761203 159.253403 -5.688159
v  0.000098 159.548828 -5.792909
v  0.000094 157.187134 -9.800583
v  -2.407047 157.137634 -9.488744
v  -2.407047 157.137634 -9.488744
v  0.000094 157.187134 -9.800583
v  0.000091 154.922241 -10.969665
v  -2.696967 154.868454 -10.629764
v  -2.859324 150.177139 -11.785275
v  0.000085 150.245468 -12.139090
v  0.000078 145.040939 -12.128657
v  -2.935825 144.978317 -11.761479
v  -7.080015 148.188965 2.196016
v  -7.727562 152.107529 1.958029
v  -7.819594 151.448700 0.294051
v  -8.142898 147.882767 1.502635
v  -7.727562 152.107529 1.958029
v  -6.618222 154.900772 2.523122
v  -7.280187 155.505371 0.855607
v  -7.819594 151.448700 0.294051
v  -6.618222 154.900772 2.523122
v  -4.929065 156.916748 2.078780
v  -5.082370 158.162277 -0.497025
v  -7.280187 155.505371 0.855607
v  -4.929065 156.916748 2.078780
v  -2.379672 158.179443 2.269967
v  -2.457904 159.082275 -0.709894
v  -5.082370 158.162277 -0.497025
v  -0.887034 158.784546 1.377698
v  -0.976960 159.418045 -0.166462
v  -2.457904 159.082275 -0.709894
v  -2.379672 158.179443 2.269967
v  -1.761203 159.253403 -5.688159
v  -2.407047 157.137634 -9.488744
v  -5.353969 157.176270 -7.680562
v  -3.537987 159.055725 -5.131670
v  -2.407047 157.137634 -9.488744
v  -2.696967 154.868454 -10.629764
v  -5.874446 154.575485 -8.684556
v  -5.353969 157.176270 -7.680562
v  -2.935825 144.978317 -11.761479
v  -6.500405 145.610748 -9.698400
v  -6.299157 149.794464 -9.744699
v  -2.859324 150.177139 -11.785275
v  -3.537987 159.055725 -5.131670
v  -5.353969 157.176270 -7.680562
v  -7.111634 156.927216 -6.111617
v  -4.622884 158.631439 -4.494982
v  -5.353969 157.176270 -7.680562
v  -5.874446 154.575485 -8.684556
v  -8.097205 154.246490 -6.680951
v  -7.111634 156.927216 -6.111617
v  -6.500405 145.610748 -9.698400
v  -8.943429 146.487732 -6.711059
v  -8.839286 149.641373 -6.949353
v  -6.299157 149.794464 -9.744699
v  -4.622884 158.631439 -4.494982
v  -7.111634 156.927216 -6.111617
v  -7.045907 156.468002 -3.211097
v  -4.449097 158.454086 -3.012837
v  -7.111634 156.927216 -6.111617
v  -8.097205 154.246490 -6.680951
v  -8.304829 153.922852 -3.531809
v  -7.045907 156.468002 -3.211097
v  -8.943429 146.487732 -6.711059
v  -9.727166 147.189484 -3.480059
v  -9.385529 150.224487 -3.683327
v  -8.839286 149.641373 -6.949353
v  -4.449097 158.454086 -3.012837
v  -7.045907 156.468002 -3.211097
v  -7.447905 155.785660 -0.766604
v  -5.082370 158.162277 -0.497025
v  -8.304829 153.922852 -3.531809
v  -8.319778 153.426331 -1.777594
v  -7.447905 155.785660 -0.766604
v  -7.045907 156.468002 -3.211097
v  -9.727166 147.189484 -3.480059
v  -9.355656 146.942917 -1.368314
v  -9.172379 149.280685 -1.312716
v  -9.385529 150.224487 -3.683327
v  -2.696967 154.868454 -10.629764
v  -2.859324 150.177139 -11.785275
v  -6.299157 149.794464 -9.744699
v  -5.874446 154.575485 -8.684556
v  -5.874446 154.575485 -8.684556
v  -6.299157 149.794464 -9.744699
v  -8.839286 149.641373 -6.949353
v  -8.097205 154.246490 -6.680951
v  -8.097205 154.246490 -6.680951
v  -8.839286 149.641373 -6.949353
v  -9.385529 150.224487 -3.683327
v  -8.304829 153.922852 -3.531809
v  -9.385529 150.224487 -3.683327
v  -9.172379 149.280685 -1.312716
v  -8.319778 153.426331 -1.777594
v  -8.304829 153.922852 -3.531809
v  -7.447905 155.785660 -0.766604
v  -8.319778 153.426331 -1.777594
v  -7.819594 151.448700 0.294051
v  -7.280187 155.505371 0.855607
v  -5.082370 158.162277 -0.497025
v  -2.457904 159.082275 -0.709894
v  -3.031880 159.395340 -2.935107
v  -4.449097 158.454086 -3.012837
v  -4.622884 158.631439 -4.494982
v  -4.449097 158.454086 -3.012837
v  -3.031880 159.395340 -2.935107
v  -3.537987 159.055725 -5.131670
v  -5.082370 158.162277 -0.497025
v  -7.447905 155.785660 -0.766604
v  -7.280187 155.505371 0.855607
v  -1.761203 159.253403 -5.688159
v  -3.537987 159.055725 -5.131670
v  -3.031880 159.395340 -2.935107
v  -1.379869 159.600586 -2.906057
v  -2.457904 159.082275 -0.709894
v  -0.976960 159.418045 -0.166462
v  -1.379869 159.600586 -2.906057
v  -3.031880 159.395340 -2.935107
v  -9.172379 149.280685 -1.312716
v  -8.142898 147.882767 1.502635
v  -7.819594 151.448700 0.294051
v  -8.319778 153.426331 -1.777594
v  -9.355656 146.942917 -1.368314
v  -7.699770 146.098984 0.755161
v  -8.142898 147.882767 1.502635
v  -9.172379 149.280685 -1.312716
v  -2.321584 150.770523 6.876835
v  -4.673169 150.567307 5.643291
v  -3.774132 150.123276 3.855080
v  -1.944014 150.403931 4.854117
v  -4.673169 150.567307 5.643291
v  -6.058797 150.149826 3.891498
v  -4.802521 148.866745 2.724612
v  -3.774132 150.123276 3.855080
v  -6.058797 150.149826 3.891498
v  -7.080015 148.188965 2.196016
v  -5.406081 148.118744 1.612120
v  -4.802521 148.866745 2.724612
v  -7.080015 148.188965 2.196016
v  -8.142898 147.882767 1.502635
v  -6.016293 147.943405 0.934190
v  -5.406081 148.118744 1.612120
v  -1.944014 150.403931 4.854117
v  -3.774132 150.123276 3.855080
v  -3.060596 151.776047 0.460101
v  -2.116544 152.368805 1.342664
v  -3.774132 150.123276 3.855080
v  -4.802521 148.866745 2.724612
v  -3.060596 151.776047 0.460101
v  -4.802521 148.866745 2.724612
v  -5.406081 148.118744 1.612120
v  -3.568301 151.563431 -1.408623
v  -3.060596 151.776047 0.460101
v  -5.406081 148.118744 1.612120
v  -6.016293 147.943405 0.934190
v  -3.568301 151.563431 -1.408623
v  -3.060596 151.776047 0.460101
v  -3.568301 151.563431 -1.408623
v  -1.678432 152.026505 -1.424405
v  -2.116544 152.368805 1.342664
v  -1.678432 152.026505 -1.424405
v  0.000087 152.018661 -1.349405
v  0.000088 152.375610 1.408297
v  -2.116544 152.368805 1.342664
v  -8.142898 147.882767 1.502635
v  -7.699770 146.098984 0.755161
v  -5.795757 145.541504 0.526307
v  -6.016293 147.943405 0.934190
v  0.000071 140.313797 -8.268387
v  0.000074 142.166473 -7.640697
v  -1.442994 142.757095 -6.838377
v  -2.605088 140.141144 -7.126459
v  -2.605088 140.141144 -7.126459
v  -1.442994 142.757095 -6.838377
v  -4.179009 143.305344 -5.248602
v  -4.899893 142.609924 -4.930134
v  -4.899893 142.609924 -4.930134
v  -4.179009 143.305344 -5.248602
v  -5.394135 145.557602 -1.903781
v  -5.460473 143.876266 -2.132687
v  -5.460473 143.876266 -2.132687
v  -5.394135 145.557602 -1.903781
v  -5.795757 145.541504 0.526307
v  -4.093785 143.878860 0.512027
v  -0.906101 148.661285 -7.772763
v  0.000080 147.000061 -8.275717
v  0.000087 151.716324 -5.651747
v  -1.563433 151.838593 -6.016976
v  -3.245016 148.865494 -6.362850
v  -0.906101 148.661285 -7.772763
v  -1.563433 151.838593 -6.016976
v  -4.832132 149.160675 -3.202412
v  -3.245016 148.865494 -6.362850
v  -1.563433 151.838593 -6.016976
v  -2.836143 151.715393 -3.838919
v  -6.016293 147.943405 0.934190
v  -4.832132 149.160675 -3.202412
v  -2.836143 151.715393 -3.838919
v  -3.568301 151.563431 -1.408623
v  0.000087 151.716324 -5.651747
v  0.000087 151.542526 -3.513069
v  -1.064484 151.568115 -3.326099
v  -1.563433 151.838593 -6.016976
v  -1.064484 151.568115 -3.326099
v  0.000087 151.542526 -3.513069
v  0.000087 152.018661 -1.349405
v  -1.678432 152.026505 -1.424405
v  -1.678432 152.026505 -1.424405
v  -3.568301 151.563431 -1.408623
v  -2.836143 151.715393 -3.838919
v  -1.064484 151.568115 -3.326099
v  -1.064484 151.568115 -3.326099
v  -2.836143 151.715393 -3.838919
v  -1.563433 151.838593 -6.016976
v  -2.976682 140.870956 -10.189196
v  -6.614396 140.572800 -8.041009
v  -6.500405 145.610748 -9.698400
v  -2.935825 144.978317 -11.761479
v  -6.614396 140.572800 -8.041009
v  -8.479731 142.529327 -6.050220
v  -8.943429 146.487732 -6.711059
v  -6.500405 145.610748 -9.698400
v  -8.479731 142.529327 -6.050220
v  -8.990315 144.852005 -2.894810
v  -9.727166 147.189484 -3.480059
v  -8.943429 146.487732 -6.711059
v  -8.990315 144.852005 -2.894810
v  -7.909756 144.161652 -0.638377
v  -9.355656 146.942917 -1.368314
v  -9.727166 147.189484 -3.480059
v  -7.909756 144.161652 -0.638377
v  -6.819069 143.942154 0.848614
v  -7.699770 146.098984 0.755161
v  -9.355656 146.942917 -1.368314
v  -6.819069 143.942154 0.848614
v  -4.093785 143.878860 0.512027
v  -5.795757 145.541504 0.526307
v  -7.699770 146.098984 0.755161
v  -1.442994 142.757095 -6.838377
v  -0.906101 148.661285 -7.772763
v  -3.245016 148.865494 -6.362850
v  -4.179009 143.305344 -5.248602
v  -3.245016 148.865494 -6.362850
v  -4.832132 149.160675 -3.202412
v  -5.394135 145.557602 -1.903781
v  -4.179009 143.305344 -5.248602
v  -5.394135 145.557602 -1.903781
v  -4.832132 149.160675 -3.202412
v  -6.016293 147.943405 0.934190
v  -5.795757 145.541504 0.526307
v  -8.990315 144.852005 -2.894810
v  -8.479731 142.529327 -6.050220
v  -4.899893 142.609924 -4.930134
v  -5.460473 143.876266 -2.132687
v  -8.990315 144.852005 -2.894810
v  -5.460473 143.876266 -2.132687
v  -7.909756 144.161652 -0.638377
v  -4.093785 143.878860 0.512027
v  -6.819069 143.942154 0.848614
v  -7.909756 144.161652 -0.638377
v  -5.460473 143.876266 -2.132687
v  -2.976682 140.870956 -10.189196
v  0.000072 140.893158 -10.560838
v  0.000071 140.313797 -8.268387
v  -2.605088 140.141144 -7.126459
v  -2.605088 140.141144 -7.126459
v  -4.899893 142.609924 -4.930134
v  -6.614396 140.572800 -8.041009
v  -2.976682 140.870956 -10.189196
v  -4.899893 142.609924 -4.930134
v  -8.479731 142.529327 -6.050220
v  -6.614396 140.572800 -8.041009
v  0.000085 150.245468 -12.139090
v  -2.859324 150.177139 -11.785275
v  -2.696967 154.868454 -10.629764
v  0.000091 154.922241 -10.969665
v  -1.761203 159.253403 -5.688159
v  -1.379869 159.600586 -2.906057
v  0.000098 159.660751 -3.215835
v  0.000098 159.548828 -5.792909
v  -2.321584 150.770523 6.876835
v  -1.944014 150.403931 4.854117
v  0.000085 150.110748 5.230784
v  0.000086 150.713821 7.312674
v  -1.944014 150.403931 4.854117
v  -2.116544 152.368805 1.342664
v  0.000088 152.375610 1.408297
v  0.000085 150.110748 5.230784
v  0.000072 140.893158 -10.560838
v  -2.976682 140.870956 -10.189196
v  -2.935825 144.978317 -11.761479
v  0.000078 145.040939 -12.128657
v  0.000080 147.000061 -8.275717
v  -0.906101 148.661285 -7.772763
v  -1.442994 142.757095 -6.838377
v  0.000074 142.166473 -7.640697
v  4.673339 150.567291 5.643291
v  4.651691 152.462906 6.221370
v  2.356816 152.448807 7.305607
v  2.321755 150.770523 6.876835
v  2.356816 152.448807 7.305607
v  2.321755 150.770523 6.876835
v  4.673339 150.567291 5.643291
v  6.058967 150.149811 3.891498
v  6.293707 152.600189 4.378402
v  4.651691 152.462906 6.221370
v  6.058967 150.149811 3.891498
v  7.080179 148.188950 2.196015
v  7.727737 152.107513 1.958029
v  6.293707 152.600189 4.378402
v  4.651691 152.462906 6.221370
v  4.528883 154.058762 6.477288
v  2.267261 153.595047 7.291095
v  2.356816 152.448807 7.305607
v  2.267261 153.595047 7.291095
v  0.000089 153.564194 7.340185
v  0.000088 152.602097 7.511293
v  2.356816 152.448807 7.305607
v  6.293707 152.600189 4.378402
v  5.992289 154.528564 4.867791
v  4.528883 154.058762 6.477288
v  4.651691 152.462906 6.221370
v  7.727737 152.107513 1.958029
v  6.618404 154.900757 2.523122
v  5.992289 154.528564 4.867791
v  6.293707 152.600189 4.378402
v  4.528883 154.058762 6.477288
v  3.309188 156.571594 5.440791
v  1.463480 156.222427 6.004340
v  2.267261 153.595047 7.291095
v  1.463480 156.222427 6.004340
v  0.000093 156.240799 6.109750
v  0.000089 153.564194 7.340185
v  2.267261 153.595047 7.291095
v  5.992289 154.528564 4.867791
v  4.445069 156.801544 4.131883
v  3.309188 156.571594 5.440791
v  4.528883 154.058762 6.477288
v  6.618404 154.900757 2.523122
v  4.929253 156.916733 2.078780
v  4.445069 156.801544 4.131883
v  5.992289 154.528564 4.867791
v  3.309188 156.571594 5.440791
v  2.067666 158.024933 2.986816
v  0.923756 157.856949 3.787687
v  1.463480 156.222427 6.004340
v  0.923756 157.856949 3.787687
v  0.000095 157.846542 4.000495
v  0.000093 156.240799 6.109750
v  1.463480 156.222427 6.004340
v  4.445069 156.801544 4.131883
v  2.067666 158.024933 2.986816
v  3.309188 156.571594 5.440791
v  4.929253 156.916733 2.078780
v  2.379864 158.179428 2.269966
v  2.067666 158.024933 2.986816
v  4.445069 156.801544 4.131883
v  2.379864 158.179428 2.269966
v  0.887228 158.784546 1.377698
v  0.706205 158.384186 3.075121
v  2.067666 158.024933 2.986816
v  0.887228 158.784546 1.377698
v  0.000097 158.830139 1.090499
v  0.000096 158.384186 3.075121
v  0.706205 158.384186 3.075121
v  0.706205 158.384186 3.075121
v  0.000096 158.384186 3.075121
v  0.000095 157.846542 4.000495
v  0.923756 157.856949 3.787687
v  0.923756 157.856949 3.787687
v  2.067666 158.024933 2.986816
v  0.706205 158.384186 3.075121
v  0.977155 159.418045 -0.166462
v  0.000098 159.489105 -0.632323
v  0.000097 158.830139 1.090499
v  0.887228 158.784546 1.377698
v  1.380064 159.600586 -2.906057
v  0.000098 159.660751 -3.215835
v  0.000098 159.489105 -0.632323
v  0.977155 159.418045 -0.166462
v  1.761398 159.253403 -5.688159
v  2.407236 157.137634 -9.488744
v  0.000094 157.187134 -9.800583
v  0.000098 159.548828 -5.792909
v  2.407236 157.137634 -9.488744
v  2.697150 154.868439 -10.629764
v  0.000091 154.922241 -10.969665
v  0.000094 157.187134 -9.800583
v  2.859494 150.177139 -11.785275
v  2.935980 144.978302 -11.761479
v  0.000078 145.040939 -12.128657
v  0.000085 150.245468 -12.139090
v  7.080179 148.188950 2.196015
v  8.143061 147.882751 1.502635
v  7.819767 151.448685 0.294051
v  7.727737 152.107513 1.958029
v  7.727737 152.107513 1.958029
v  7.819767 151.448685 0.294051
v  7.280371 155.505341 0.855607
v  6.618404 154.900757 2.523122
v  6.618404 154.900757 2.523122
v  7.280371 155.505341 0.855607
v  5.082562 158.162262 -0.497025
v  4.929253 156.916733 2.078780
v  4.929253 156.916733 2.078780
v  5.082562 158.162262 -0.497025
v  2.458098 159.082275 -0.709894
v  2.379864 158.179428 2.269966
v  2.458098 159.082275 -0.709894
v  0.977155 159.418045 -0.166462
v  0.887228 158.784546 1.377698
v  2.379864 158.179428 2.269966
v  1.761398 159.253403 -5.688159
v  3.538181 159.055710 -5.131670
v  5.354158 157.176254 -7.680562
v  2.407236 157.137634 -9.488744
v  2.407236 157.137634 -9.488744
v  5.354158 157.176254 -7.680562
v  5.874628 154.575455 -8.684556
v  2.697150 154.868439 -10.629764
v  6.299325 149.794434 -9.744699
v  6.500562 145.610733 -9.698400
v  2.935980 144.978302 -11.761479
v  2.859494 150.177139 -11.785275
v  3.538181 159.055710 -5.131670
v  4.623077 158.631439 -4.494982
v  7.111822 156.927185 -6.111617
v  5.354158 157.176254 -7.680562
v  5.354158 157.176254 -7.680562
v  7.111822 156.927185 -6.111617
v  8.097386 154.246460 -6.680951
v  5.874628 154.575455 -8.684556
v  8.839454 149.641342 -6.949353
v  8.943588 146.487717 -6.711059
v  6.500562 145.610733 -9.698400
v  6.299325 149.794434 -9.744699
v  4.623077 158.631439 -4.494982
v  4.449289 158.454071 -3.012837
v  7.046093 156.467987 -3.211097
v  7.111822 156.927185 -6.111617
v  7.111822 156.927185 -6.111617
v  7.046093 156.467987 -3.211097
v  8.305009 153.922821 -3.531809
v  8.097386 154.246460 -6.680951
v  9.385698 150.224472 -3.683327
v  9.727327 147.189453 -3.480059
v  8.943588 146.487717 -6.711059
v  8.839454 149.641342 -6.949353
v  4.449289 158.454071 -3.012837
v  5.082562 158.162262 -0.497025
v  7.448090 155.785645 -0.766604
v  7.046093 156.467987 -3.211097
v  7.448090 155.785645 -0.766604
v  8.319957 153.426315 -1.777594
v  8.305009 153.922821 -3.531809
v  7.046093 156.467987 -3.211097
v  9.172545 149.280670 -1.312716
v  9.355816 146.942886 -1.368314
v  9.727327 147.189453 -3.480059
v  9.385698 150.224472 -3.683327
v  2.697150 154.868439 -10.629764
v  5.874628 154.575455 -8.684556
v  6.299325 149.794434 -9.744699
v  2.859494 150.177139 -11.785275
v  5.874628 154.575455 -8.684556
v  8.097386 154.246460 -6.680951
v  8.839454 149.641342 -6.949353
v  6.299325 149.794434 -9.744699
v  8.097386 154.246460 -6.680951
v  8.305009 153.922821 -3.531809
v  9.385698 150.224472 -3.683327
v  8.839454 149.641342 -6.949353
v  8.319957 153.426315 -1.777594
v  9.172545 149.280670 -1.312716
v  9.385698 150.224472 -3.683327
v  8.305009 153.922821 -3.531809
v  7.448090 155.785645 -0.766604
v  7.280371 155.505341 0.855607
v  7.819767 151.448685 0.294051
v  8.319957 153.426315 -1.777594
v  5.082562 158.162262 -0.497025
v  4.449289 158.454071 -3.012837
v  3.032075 159.395325 -2.935107
v  2.458098 159.082275 -0.709894
v  4.623077 158.631439 -4.494982
v  3.538181 159.055710 -5.131670
v  3.032075 159.395325 -2.935107
v  4.449289 158.454071 -3.012837
v  5.082562 158.162262 -0.497025
v  7.280371 155.505341 0.855607
v  7.448090 155.785645 -0.766604
v  1.761398 159.253403 -5.688159
v  1.380064 159.600586 -2.906057
v  3.032075 159.395325 -2.935107
v  3.538181 159.055710 -5.131670
v  1.380064 159.600586 -2.906057
v  0.977155 159.418045 -0.166462
v  2.458098 159.082275 -0.709894
v  3.032075 159.395325 -2.935107
v  7.819767 151.448685 0.294051
v  8.143061 147.882751 1.502635
v  9.172545 149.280670 -1.312716
v  8.319957 153.426315 -1.777594
v  8.143061 147.882751 1.502635
v  7.699928 146.098953 0.755161
v  9.355816 146.942886 -1.368314
v  9.172545 149.280670 -1.312716
v  2.321755 150.770523 6.876835
v  1.944184 150.403915 4.854117
v  3.774302 150.123260 3.855080
v  4.673339 150.567291 5.643291
v  4.673339 150.567291 5.643291
v  3.774302 150.123260 3.855080
v  4.802687 148.866730 2.724612
v  6.058967 150.149811 3.891498
v  6.058967 150.149811 3.891498
v  4.802687 148.866730 2.724612
v  5.406245 148.118729 1.612120
v  7.080179 148.188950 2.196015
v  7.080179 148.188950 2.196015
v  5.406245 148.118729 1.612120
v  6.016456 147.943390 0.934190
v  8.143061 147.882751 1.502635
v  1.944184 150.403915 4.854117
v  2.116720 152.368790 1.342664
v  3.060770 151.776031 0.460101
v  3.774302 150.123260 3.855080
v  3.774302 150.123260 3.855080
v  3.060770 151.776031 0.460101
v  4.802687 148.866730 2.724612
v  4.802687 148.866730 2.724612
v  3.060770 151.776031 0.460101
v  3.568475 151.563431 -1.408623
v  5.406245 148.118729 1.612120
v  5.406245 148.118729 1.612120
v  3.568475 151.563431 -1.408623
v  6.016456 147.943390 0.934190
v  3.060770 151.776031 0.460101
v  2.116720 152.368790 1.342664
v  1.678606 152.026489 -1.424405
v  3.568475 151.563431 -1.408623
v  0.000088 152.375610 1.408297
v  0.000087 152.018661 -1.349405
v  1.678606 152.026489 -1.424405
v  2.116720 152.368790 1.342664
v  8.143061 147.882751 1.502635
v  6.016456 147.943390 0.934190
v  5.795914 145.541489 0.526307
v  7.699928 146.098953 0.755161
v  1.443143 142.757080 -6.838377
v  0.000074 142.166473 -7.640697
v  0.000071 140.313797 -8.268387
v  2.605230 140.141144 -7.126459
v  4.179160 143.305328 -5.248602
v  1.443143 142.757080 -6.838377
v  2.605230 140.141144 -7.126459
v  4.900041 142.609909 -4.930134
v  5.394291 145.557587 -1.903781
v  4.179160 143.305328 -5.248602
v  4.900041 142.609909 -4.930134
v  5.460625 143.876251 -2.132687
v  5.795914 145.541489 0.526307
v  5.394291 145.557587 -1.903781
v  5.460625 143.876251 -2.132687
v  4.093937 143.878845 0.512027
v  0.906266 148.661285 -7.772764
v  1.563607 151.838593 -6.016976
v  0.000087 151.716324 -5.651747
v  0.000080 147.000061 -8.275717
v  3.245182 148.865479 -6.362850
v  1.563607 151.838593 -6.016976
v  0.906266 148.661285 -7.772764
v  4.832299 149.160660 -3.202412
v  2.836317 151.715393 -3.838919
v  1.563607 151.838593 -6.016976
v  3.245182 148.865479 -6.362850
v  6.016456 147.943390 0.934190
v  3.568475 151.563431 -1.408623
v  2.836317 151.715393 -3.838919
v  4.832299 149.160660 -3.202412
v  1.064657 151.568115 -3.326099
v  0.000087 151.542526 -3.513069
v  0.000087 151.716324 -5.651747
v  1.563607 151.838593 -6.016976
v  1.064657 151.568115 -3.326099
v  1.678606 152.026489 -1.424405
v  0.000087 152.018661 -1.349405
v  0.000087 151.542526 -3.513069
v  1.678606 152.026489 -1.424405
v  1.064657 151.568115 -3.326099
v  2.836317 151.715393 -3.838919
v  3.568475 151.563431 -1.408623
v  1.064657 151.568115 -3.326099
v  1.563607 151.838593 -6.016976
v  2.836317 151.715393 -3.838919
v  6.500562 145.610733 -9.698400
v  6.614538 140.572784 -8.041009
v  2.976826 140.870956 -10.189196
v  2.935980 144.978302 -11.761479
v  8.943588 146.487717 -6.711059
v  8.479879 142.529297 -6.050220
v  6.614538 140.572784 -8.041009
v  6.500562 145.610733 -9.698400
v  9.727327 147.189453 -3.480059
v  8.990470 144.851974 -2.894810
v  8.479879 142.529297 -6.050220
v  8.943588 146.487717 -6.711059
v  9.355816 146.942886 -1.368314
v  7.909909 144.161636 -0.638377
v  8.990470 144.851974 -2.894810
v  9.727327 147.189453 -3.480059
v  7.699928 146.098953 0.755161
v  6.819221 143.942139 0.848614
v  7.909909 144.161636 -0.638377
v  9.355816 146.942886 -1.368314
v  5.795914 145.541489 0.526307
v  4.093937 143.878845 0.512027
v  6.819221 143.942139 0.848614
v  7.699928 146.098953 0.755161
v  1.443143 142.757080 -6.838377
v  4.179160 143.305328 -5.248602
v  3.245182 148.865479 -6.362850
v  0.906266 148.661285 -7.772764
v  5.394291 145.557587 -1.903781
v  4.832299 149.160660 -3.202412
v  3.245182 148.865479 -6.362850
v  4.179160 143.305328 -5.248602
v  5.394291 145.557587 -1.903781
v  5.795914 145.541489 0.526307
v  6.016456 147.943390 0.934190
v  4.832299 149.160660 -3.202412
v  8.990470 144.851974 -2.894810
v  5.460625 143.876251 -2.132687
v  4.900041 142.609909 -4.930134
v  8.479879 142.529297 -6.050220
v  8.990470 144.851974 -2.894810
v  7.909909 144.161636 -0.638377
v  5.460625 143.876251 -2.132687
v  7.909909 144.161636 -0.638377
v  6.819221 143.942139 0.848614
v  4.093937 143.878845 0.512027
v  5.460625 143.876251 -2.132687
v  2.976826 140.870956 -10.189196
v  2.605230 140.141144 -7.126459
v  0.000071 140.313797 -8.268387
v  0.000072 140.893158 -10.560838
v  6.614538 140.572784 -8.041009
v  4.900041 142.609909 -4.930134
v  2.605230 140.141144 -7.126459
v  2.976826 140.870956 -10.189196
v  4.900041 142.609909 -4.930134
v  6.614538 140.572784 -8.041009
v  8.479879 142.529297 -6.050220
v  0.000085 150.245468 -12.139090
v  0.000091 154.922241 -10.969665
v  2.697150 154.868439 -10.629764
v  2.859494 150.177139 -11.785275
v  0.000098 159.660751 -3.215835
v  1.380064 159.600586 -2.906057
v  1.761398 159.253403 -5.688159
v  0.000098 159.548828 -5.792909
v  0.000085 150.110748 5.230784
v  1.944184 150.403915 4.854117
v  2.321755 150.770523 6.876835
v  0.000086 150.713821 7.312674
v  0.000088 152.375610 1.408297
v  2.116720 152.368790 1.342664
v  1.944184 150.403915 4.854117
v  0.000085 150.110748 5.230784
v  0.000072 140.893158 -10.560838
v  0.000078 145.040939 -12.128657
v  2.935980 144.978302 -11.761479
v  2.976826 140.870956 -10.189196
v  0.000080 147.000061 -8.275717
v  0.000074 142.166473 -7.640697
v  1.443143 142.757080 -6.838377
v  0.906266 148.661285 -7.772764

vt  0.818137 0.235884 0.000000
vt  0.818137 0.235884 0.000000
vt  0.818137 0.235884 0.000000
vt  0.818137 0.235884 0.000000
vt  0.902512 0.245259 0.000000
vt  0.902512 0.245259 0.000000
vt  0.902512 0.245259 0.000000
vt  0.902512 0.245259 0.000000
vt  0.902512 0.245259 0.000000
vt  0.902512 0.245259 0.000000
vt  0.902512 0.245259 0.000000
vt  0.902512 0.245259 0.000000
vt  0.818137 0.235884 0.000000
vt  0.818137 0.235884 0.000000
vt  0.818137 0.235884 0.000000
vt  0.818137 0.235884 0.000000
vt  0.746262 0.251509 0.000000
vt  0.746262 0.251509 0.000000
vt  0.746262 0.251509 0.000000
vt  0.746262 0.251509 0.000000
vt  0.818137 0.235883 0.000000
vt  0.818137 0.235884 0.000000
vt  0.818137 0.235884 0.000000
vt  0.818137 0.235884 0.000000
vt  0.818137 0.235884 0.000000
vt  0.818137 0.235884 0.000000
vt  0.818137 0.235884 0.000000
vt  0.818137 0.235884 0.000000
vt  0.818137 0.235884 0.000000
vt  0.818137 0.235884 0.000000
vt  0.818137 0.235884 0.000000
vt  0.818137 0.235884 0.000000
vt  0.818137 0.235884 0.000000
vt  0.818137 0.235884 0.000000
vt  0.818137 0.235884 0.000000
vt  0.818137 0.235884 0.000000
vt  0.902512 0.245259 0.000000
vt  0.902513 0.245259 0.000000
vt  0.902512 0.245259 0.000000
vt  0.902512 0.245259 0.000000
vt  0.902512 0.245259 0.000000
vt  0.902512 0.245259 0.000000
vt  0.902512 0.245259 0.000000
vt  0.902512 0.245259 0.000000
vt  0.818137 0.235884 0.000000
vt  0.818137 0.235884 0.000000
vt  0.818137 0.235884 0.000000
vt  0.818137 0.235884 0.000000
vt  0.902512 0.245259 0.000000
vt  0.902512 0.245259 0.000000
vt  0.902512 0.245259 0.000000
vt  0.902512 0.245259 0.000000
vt  0.902513 0.245259 0.000000
vt  0.902512 0.245259 0.000000
vt  0.902512 0.245259 0.000000
vt  0.902512 0.245259 0.000000
vt  0.902512 0.245259 0.000000
vt  0.902512 0.245259 0.000000
vt  0.902512 0.245259 0.000000
vt  0.902512 0.245259 0.000000
vt  0.902512 0.245259 0.000000
vt  0.902512 0.245259 0.000000
vt  0.902512 0.245259 0.000000
vt  0.902512 0.245259 0.000000
vt  0.902512 0.245259 0.000000
vt  0.902512 0.245259 0.000000
vt  0.902512 0.245259 0.000000
vt  0.902512 0.245259 0.000000
vt  0.902512 0.245259 0.000000
vt  0.902512 0.245259 0.000000
vt  0.902512 0.245259 0.000000
vt  0.902512 0.245259 0.000000
vt  0.902512 0.245259 0.000000
vt  0.902512 0.245259 0.000000
vt  0.902512 0.245259 0.000000
vt  0.902512 0.245259 0.000000
vt  0.902512 0.245259 0.000000
vt  0.902512 0.245259 0.000000
vt  0.902512 0.245259 0.000000
vt  0.902513 0.245259 0.000000
vt  0.902512 0.245259 0.000000
vt  0.902512 0.245259 0.000000
vt  0.902513 0.245259 0.000000
vt  0.902513 0.245258 0.000000
vt  0.902512 0.245259 0.000000
vt  0.902512 0.245259 0.000000
vt  0.902512 0.245259 0.000000
vt  0.902512 0.245259 0.000000
vt  0.902512 0.245259 0.000000
vt  0.902512 0.245259 0.000000
vt  0.902512 0.245259 0.000000
vt  0.902512 0.245259 0.000000
vt  0.902512 0.245259 0.000000
vt  0.902512 0.245259 0.000000
vt  0.818137 0.235884 0.000000
vt  0.818137 0.235884 0.000000
vt  0.818137 0.235884 0.000000
vt  0.818137 0.235884 0.000000
vt  0.902512 0.245259 0.000000
vt  0.902512 0.245259 0.000000
vt  0.902512 0.245259 0.000000
vt  0.902512 0.245259 0.000000
vt  0.902512 0.245259 0.000000
vt  0.902512 0.245259 0.000000
vt  0.902512 0.245259 0.000000
vt  0.902512 0.245259 0.000000
vt  0.902512 0.245259 0.000000
vt  0.902512 0.245259 0.000000
vt  0.902512 0.245259 0.000000
vt  0.902512 0.245259 0.000000
vt  0.902512 0.245259 0.000000
vt  0.902512 0.245259 0.000000
vt  0.902512 0.245259 0.000000
vt  0.902512 0.245259 0.000000
vt  0.902512 0.245259 0.000000
vt  0.902512 0.245259 0.000000
vt  0.902512 0.245259 0.000000
vt  0.902512 0.245259 0.000000
vt  0.818137 0.235884 0.000000
vt  0.818137 0.235884 0.000000
vt  0.818137 0.235884 0.000000
vt  0.818137 0.235884 0.000000
vt  0.902512 0.245259 0.000000
vt  0.902512 0.245259 0.000000
vt  0.902512 0.245259 0.000000
vt  0.902512 0.245259 0.000000
vt  0.752512 0.239009 0.000000
vt  0.752512 0.239009 0.000000
vt  0.752512 0.239009 0.000000
vt  0.752512 0.239009 0.000000
vt  0.902512 0.245259 0.000000
vt  0.902512 0.245259 0.000000
vt  0.902512 0.245259 0.000000
vt  0.902512 0.245259 0.000000
vt  0.902512 0.245259 0.000000
vt  0.902512 0.245259 0.000000
vt  0.902512 0.245259 0.000000
vt  0.902512 0.245259 0.000000
vt  0.818137 0.235884 0.000000
vt  0.818137 0.235884 0.000000
vt  0.818137 0.235884 0.000000
vt  0.818137 0.235884 0.000000
vt  0.902512 0.245259 0.000000
vt  0.902512 0.245259 0.000000
vt  0.902512 0.245259 0.000000
vt  0.902512 0.245259 0.000000
vt  0.902512 0.245259 0.000000
vt  0.902512 0.245259 0.000000
vt  0.902512 0.245259 0.000000
vt  0.902512 0.245259 0.000000
vt  0.752512 0.239009 0.000000
vt  0.752512 0.239009 0.000000
vt  0.752512 0.239009 0.000000
vt  0.752512 0.239009 0.000000
vt  0.902512 0.245259 0.000000
vt  0.902512 0.245259 0.000000
vt  0.902512 0.245259 0.000000
vt  0.902512 0.245259 0.000000
vt  0.902512 0.245259 0.000000
vt  0.902512 0.245259 0.000000
vt  0.902512 0.245259 0.000000
vt  0.902512 0.245259 0.000000
vt  0.818137 0.235884 0.000000
vt  0.818137 0.235884 0.000000
vt  0.818137 0.235884 0.000000
vt  0.818137 0.235884 0.000000
vt  0.818137 0.235884 0.000000
vt  0.818137 0.235884 0.000000
vt  0.818137 0.235884 0.000000
vt  0.818137 0.235884 0.000000
vt  0.902512 0.245259 0.000000
vt  0.902512 0.245259 0.000000
vt  0.902512 0.245259 0.000000
vt  0.902512 0.245259 0.000000
vt  0.902512 0.245259 0.000000
vt  0.902512 0.245259 0.000000
vt  0.902512 0.245259 0.000000
vt  0.902512 0.245259 0.000000
vt  0.818137 0.235884 0.000000
vt  0.818137 0.235884 0.000000
vt  0.818137 0.235884 0.000000
vt  0.818137 0.235884 0.000000
vt  0.902512 0.245259 0.000000
vt  0.902512 0.245259 0.000000
vt  0.902512 0.245259 0.000000
vt  0.902512 0.245259 0.000000
vt  0.902512 0.245259 0.000000
vt  0.902512 0.245259 0.000000
vt  0.902512 0.245259 0.000000
vt  0.902512 0.245259 0.000000
vt  0.902512 0.245259 0.000000
vt  0.902512 0.245259 0.000000
vt  0.902512 0.245259 0.000000
vt  0.902512 0.245259 0.000000
vt  0.902512 0.245259 0.000000
vt  0.902512 0.245259 0.000000
vt  0.902512 0.245259 0.000000
vt  0.902512 0.245259 0.000000
vt  0.902512 0.245259 0.000000
vt  0.902512 0.245259 0.000000
vt  0.902512 0.245259 0.000000
vt  0.902512 0.245259 0.000000
vt  0.902512 0.245259 0.000000
vt  0.902512 0.245259 0.000000
vt  0.902512 0.245259 0.000000
vt  0.902512 0.245259 0.000000
vt  0.902512 0.245259 0.000000
vt  0.902512 0.245259 0.000000
vt  0.902512 0.245259 0.000000
vt  0.818137 0.235884 0.000000
vt  0.818137 0.235884 0.000000
vt  0.818137 0.235884 0.000000
vt  0.818137 0.235884 0.000000
vt  0.902512 0.245259 0.000000
vt  0.902512 0.245259 0.000000
vt  0.902512 0.245259 0.000000
vt  0.902512 0.245259 0.000000
vt  0.902512 0.245259 0.000000
vt  0.902512 0.245259 0.000000
vt  0.902512 0.245259 0.000000
vt  0.902512 0.245259 0.000000
vt  0.902512 0.245259 0.000000
vt  0.902512 0.245259 0.000000
vt  0.902512 0.245259 0.000000
vt  0.902512 0.245259 0.000000
vt  0.902512 0.245259 0.000000
vt  0.902512 0.245259 0.000000
vt  0.902512 0.245259 0.000000
vt  0.902512 0.245259 0.000000
vt  0.902512 0.245259 0.000000
vt  0.902512 0.245259 0.000000
vt  0.902512 0.245259 0.000000
vt  0.902512 0.245259 0.000000
vt  0.902512 0.245259 0.000000
vt  0.902512 0.245259 0.000000
vt  0.902512 0.245259 0.000000
vt  0.902512 0.245259 0.000000
vt  0.902512 0.245259 0.000000
vt  0.902512 0.245259 0.000000
vt  0.902512 0.245259 0.000000
vt  0.902512 0.245259 0.000000
vt  0.902512 0.245259 0.000000
vt  0.902512 0.245259 0.000000
vt  0.902512 0.245259 0.000000
vt  0.902512 0.245259 0.000000
vt  0.902512 0.245259 0.000000
vt  0.902512 0.245259 0.000000
vt  0.902512 0.245259 0.000000
vt  0.902513 0.245259 0.000000
vt  0.902512 0.245259 0.000000
vt  0.902512 0.245259 0.000000
vt  0.902512 0.245259 0.000000
vt  0.902512 0.245259 0.000000
vt  0.902512 0.245259 0.000000
vt  0.902512 0.245259 0.000000
vt  0.902512 0.245259 0.000000
vt  0.902512 0.245259 0.000000
vt  0.902512 0.245259 0.000000
vt  0.902512 0.245259 0.000000
vt  0.902512 0.245259 0.000000
vt  0.902512 0.245259 0.000000
vt  0.902512 0.245259 0.000000
vt  0.902512 0.245259 0.000000
vt  0.902512 0.245259 0.000000
vt  0.902512 0.245259 0.000000
vt  0.902512 0.245259 0.000000
vt  0.902512 0.245259 0.000000
vt  0.902512 0.245259 0.000000
vt  0.902512 0.245259 0.000000
vt  0.902512 0.245259 0.000000
vt  0.902512 0.245259 0.000000
vt  0.902512 0.245259 0.000000
vt  0.902512 0.245259 0.000000
vt  0.902513 0.245258 0.000000
vt  0.902512 0.245259 0.000000
vt  0.902512 0.245259 0.000000
vt  0.902512 0.245259 0.000000
vt  0.902512 0.245259 0.000000
vt  0.902512 0.245259 0.000000
vt  0.902512 0.245259 0.000000
vt  0.902512 0.245259 0.000000
vt  0.902512 0.245259 0.000000
vt  0.902512 0.245259 0.000000
vt  0.902512 0.245259 0.000000
vt  0.902512 0.245259 0.000000
vt  0.902512 0.245259 0.000000
vt  0.902513 0.245258 0.000000
vt  0.902513 0.245259 0.000000
vt  0.902512 0.245259 0.000000
vt  0.902512 0.245259 0.000000
vt  0.902512 0.245259 0.000000
vt  0.902513 0.245259 0.000000
vt  0.902513 0.245259 0.000000
vt  0.902512 0.245259 0.000000
vt  0.902512 0.245259 0.000000
vt  0.902512 0.245259 0.000000
vt  0.902512 0.245259 0.000000
vt  0.902512 0.245259 0.000000
vt  0.902512 0.245259 0.000000
vt  0.902512 0.245259 0.000000
vt  0.902512 0.245259 0.000000
vt  0.818137 0.235884 0.000000
vt  0.818137 0.235884 0.000000
vt  0.818137 0.235884 0.000000
vt  0.818137 0.235884 0.000000
vt  0.902512 0.245259 0.000000
vt  0.902512 0.245259 0.000000
vt  0.902512 0.245259 0.000000
vt  0.902512 0.245259 0.000000
vt  0.818137 0.235884 0.000000
vt  0.818137 0.235884 0.000000
vt  0.818137 0.235884 0.000000
vt  0.818137 0.235884 0.000000
vt  0.902512 0.245259 0.000000
vt  0.902512 0.245259 0.000000
vt  0.902512 0.245259 0.000000
vt  0.902512 0.245259 0.000000
vt  0.818137 0.235884 0.000000
vt  0.818137 0.235884 0.000000
vt  0.818137 0.235884 0.000000
vt  0.818137 0.235884 0.000000
vt  0.902512 0.245259 0.000000
vt  0.902512 0.245259 0.000000
vt  0.902512 0.245259 0.000000
vt  0.902512 0.245259 0.000000
vt  0.902512 0.245259 0.000000
vt  0.902512 0.245259 0.000000
vt  0.902512 0.245259 0.000000
vt  0.902512 0.245259 0.000000
vt  0.902512 0.245259 0.000000
vt  0.902512 0.245259 0.000000
vt  0.902512 0.245259 0.000000
vt  0.902512 0.245259 0.000000
vt  0.902512 0.245259 0.000000
vt  0.902512 0.245259 0.000000
vt  0.902512 0.245259 0.000000
vt  0.902512 0.245259 0.000000
vt  0.902512 0.245259 0.000000
vt  0.902512 0.245259 0.000000
vt  0.902512 0.245259 0.000000
vt  0.902512 0.245259 0.000000
vt  0.902512 0.245259 0.000000
vt  0.902512 0.245259 0.000000
vt  0.902512 0.245259 0.000000
vt  0.902512 0.245259 0.000000
vt  0.902512 0.245259 0.000000
vt  0.902512 0.245259 0.000000
vt  0.902512 0.245259 0.000000
vt  0.902512 0.245259 0.000000
vt  0.902512 0.245259 0.000000
vt  0.902512 0.245259 0.000000
vt  0.902512 0.245259 0.000000
vt  0.902512 0.245259 0.000000
vt  0.902512 0.245259 0.000000
vt  0.902512 0.245259 0.000000
vt  0.902512 0.245259 0.000000
vt  0.902512 0.245259 0.000000
vt  0.902512 0.245259 0.000000
vt  0.902512 0.245259 0.000000
vt  0.902512 0.245259 0.000000
vt  0.902512 0.245259 0.000000
vt  0.902512 0.245259 0.000000
vt  0.902512 0.245259 0.000000
vt  0.902512 0.245259 0.000000
vt  0.902512 0.245259 0.000000
vt  0.902513 0.245258 0.000000
vt  0.902512 0.245259 0.000000
vt  0.902512 0.245259 0.000000
vt  0.902512 0.245259 0.000000
vt  0.902512 0.245259 0.000000
vt  0.902512 0.245259 0.000000
vt  0.902512 0.245259 0.000000
vt  0.902512 0.245259 0.000000
vt  0.902512 0.245259 0.000000
vt  0.902512 0.245259 0.000000
vt  0.902512 0.245259 0.000000
vt  0.902512 0.245259 0.000000
vt  0.902512 0.245259 0.000000
vt  0.902512 0.245259 0.000000
vt  0.902512 0.245259 0.000000
vt  0.902512 0.245259 0.000000
vt  0.902512 0.245259 0.000000
vt  0.902512 0.245259 0.000000
vt  0.818137 0.235884 0.000000
vt  0.818137 0.235884 0.000000
vt  0.818137 0.235884 0.000000
vt  0.818137 0.235884 0.000000
vt  0.902512 0.245259 0.000000
vt  0.902512 0.245259 0.000000
vt  0.902512 0.245259 0.000000
vt  0.902512 0.245259 0.000000
vt  0.902512 0.245259 0.000000
vt  0.902512 0.245259 0.000000
vt  0.818137 0.235884 0.000000
vt  0.818137 0.235884 0.000000
vt  0.818137 0.235884 0.000000
vt  0.818137 0.235884 0.000000
vt  0.746262 0.251509 0.000000
vt  0.746262 0.251509 0.000000
vt  0.746262 0.251509 0.000000
vt  0.746262 0.251509 0.000000
vt  0.818137 0.235884 0.000000
vt  0.818137 0.235884 0.000000
vt  0.818137 0.235883 0.000000
vt  0.818137 0.235884 0.000000
vt  0.818137 0.235884 0.000000
vt  0.818137 0.235884 0.000000
vt  0.818137 0.235884 0.000000
vt  0.818137 0.235884 0.000000
vt  0.818137 0.235884 0.000000
vt  0.818137 0.235884 0.000000
vt  0.818137 0.235884 0.000000
vt  0.818137 0.235884 0.000000
vt  0.818137 0.235884 0.000000
vt  0.818137 0.235884 0.000000
vt  0.818137 0.235884 0.000000
vt  0.818137 0.235884 0.000000
vt  0.902512 0.245259 0.000000
vt  0.902513 0.245259 0.000000
vt  0.902512 0.245259 0.000000
vt  0.902512 0.245259 0.000000
vt  0.902512 0.245259 0.000000
vt  0.902512 0.245259 0.000000
vt  0.902512 0.245259 0.000000
vt  0.902512 0.245259 0.000000
vt  0.818137 0.235884 0.000000
vt  0.818137 0.235884 0.000000
vt  0.818137 0.235884 0.000000
vt  0.818137 0.235884 0.000000
vt  0.902512 0.245259 0.000000
vt  0.902512 0.245259 0.000000
vt  0.902512 0.245259 0.000000
vt  0.902512 0.245259 0.000000
vt  0.902512 0.245259 0.000000
vt  0.902512 0.245259 0.000000
vt  0.902513 0.245259 0.000000
vt  0.902512 0.245259 0.000000
vt  0.902512 0.245259 0.000000
vt  0.902512 0.245259 0.000000
vt  0.902512 0.245259 0.000000
vt  0.902512 0.245259 0.000000
vt  0.902512 0.245259 0.000000
vt  0.902512 0.245259 0.000000
vt  0.902512 0.245259 0.000000
vt  0.902512 0.245259 0.000000
vt  0.902512 0.245259 0.000000
vt  0.902512 0.245259 0.000000
vt  0.902512 0.245259 0.000000
vt  0.902512 0.245259 0.000000
vt  0.902512 0.245259 0.000000
vt  0.902512 0.245259 0.000000
vt  0.902512 0.245259 0.000000
vt  0.902512 0.245259 0.000000
vt  0.902512 0.245259 0.000000
vt  0.902512 0.245259 0.000000
vt  0.902512 0.245259 0.000000
vt  0.902512 0.245259 0.000000
vt  0.902512 0.245259 0.000000
vt  0.902512 0.245259 0.000000
vt  0.902512 0.245259 0.000000
vt  0.902513 0.245259 0.000000
vt  0.902512 0.245259 0.000000
vt  0.902512 0.245259 0.000000
vt  0.902512 0.245259 0.000000
vt  0.902513 0.245258 0.000000
vt  0.902513 0.245259 0.000000
vt  0.902512 0.245259 0.000000
vt  0.902512 0.245259 0.000000
vt  0.902512 0.245259 0.000000
vt  0.902512 0.245259 0.000000
vt  0.902512 0.245259 0.000000
vt  0.902512 0.245259 0.000000
vt  0.902512 0.245259 0.000000
vt  0.902512 0.245259 0.000000
vt  0.902512 0.245259 0.000000
vt  0.818137 0.235884 0.000000
vt  0.818137 0.235884 0.000000
vt  0.818137 0.235884 0.000000
vt  0.818137 0.235884 0.000000
vt  0.902512 0.245259 0.000000
vt  0.902512 0.245259 0.000000
vt  0.902512 0.245259 0.000000
vt  0.902512 0.245259 0.000000
vt  0.902512 0.245259 0.000000
vt  0.902512 0.245259 0.000000
vt  0.902512 0.245259 0.000000
vt  0.902512 0.245259 0.000000
vt  0.902512 0.245259 0.000000
vt  0.902512 0.245259 0.000000
vt  0.902512 0.245259 0.000000
vt  0.902512 0.245259 0.000000
vt  0.902512 0.245259 0.000000
vt  0.902512 0.245259 0.000000
vt  0.902512 0.245259 0.000000
vt  0.902512 0.245259 0.000000
vt  0.902512 0.245259 0.000000
vt  0.902512 0.245259 0.000000
vt  0.902512 0.245259 0.000000
vt  0.902512 0.245259 0.000000
vt  0.818137 0.235884 0.000000
vt  0.818137 0.235884 0.000000
vt  0.818137 0.235884 0.000000
vt  0.818137 0.235884 0.000000
vt  0.902512 0.245259 0.000000
vt  0.902512 0.245259 0.000000
vt  0.902512 0.245259 0.000000
vt  0.902512 0.245259 0.000000
vt  0.752512 0.239009 0.000000
vt  0.752512 0.239009 0.000000
vt  0.752512 0.239009 0.000000
vt  0.752512 0.239009 0.000000
vt  0.902512 0.245259 0.000000
vt  0.902512 0.245259 0.000000
vt  0.902512 0.245259 0.000000
vt  0.902512 0.245259 0.000000
vt  0.902512 0.245259 0.000000
vt  0.902512 0.245259 0.000000
vt  0.902512 0.245259 0.000000
vt  0.902512 0.245259 0.000000
vt  0.818137 0.235884 0.000000
vt  0.818137 0.235884 0.000000
vt  0.818137 0.235884 0.000000
vt  0.818137 0.235884 0.000000
vt  0.902512 0.245259 0.000000
vt  0.902512 0.245259 0.000000
vt  0.902512 0.245259 0.000000
vt  0.902512 0.245259 0.000000
vt  0.902512 0.245259 0.000000
vt  0.902512 0.245259 0.000000
vt  0.902512 0.245259 0.000000
vt  0.902512 0.245259 0.000000
vt  0.752512 0.239009 0.000000
vt  0.752512 0.239009 0.000000
vt  0.752512 0.239009 0.000000
vt  0.752512 0.239009 0.000000
vt  0.902512 0.245259 0.000000
vt  0.902512 0.245259 0.000000
vt  0.902512 0.245259 0.000000
vt  0.902512 0.245259 0.000000
vt  0.902512 0.245259 0.000000
vt  0.902512 0.245259 0.000000
vt  0.902512 0.245259 0.000000
vt  0.902512 0.245259 0.000000
vt  0.818137 0.235884 0.000000
vt  0.818137 0.235884 0.000000
vt  0.818137 0.235884 0.000000
vt  0.818137 0.235884 0.000000
vt  0.818137 0.235884 0.000000
vt  0.818137 0.235884 0.000000
vt  0.818137 0.235884 0.000000
vt  0.818137 0.235884 0.000000
vt  0.902512 0.245259 0.000000
vt  0.902512 0.245259 0.000000
vt  0.902512 0.245259 0.000000
vt  0.902512 0.245259 0.000000
vt  0.902512 0.245259 0.000000
vt  0.902512 0.245259 0.000000
vt  0.902512 0.245259 0.000000
vt  0.902512 0.245259 0.000000
vt  0.818137 0.235884 0.000000
vt  0.818137 0.235884 0.000000
vt  0.818137 0.235884 0.000000
vt  0.818137 0.235884 0.000000
vt  0.902512 0.245259 0.000000
vt  0.902512 0.245259 0.000000
vt  0.902512 0.245259 0.000000
vt  0.902512 0.245259 0.000000
vt  0.902512 0.245259 0.000000
vt  0.902512 0.245259 0.000000
vt  0.902512 0.245259 0.000000
vt  0.902512 0.245259 0.000000
vt  0.902512 0.245259 0.000000
vt  0.902512 0.245259 0.000000
vt  0.902512 0.245259 0.000000
vt  0.902512 0.245259 0.000000
vt  0.902512 0.245259 0.000000
vt  0.902512 0.245259 0.000000
vt  0.902512 0.245259 0.000000
vt  0.902512 0.245259 0.000000
vt  0.902512 0.245259 0.000000
vt  0.902512 0.245259 0.000000
vt  0.902512 0.245259 0.000000
vt  0.902512 0.245259 0.000000
vt  0.902512 0.245259 0.000000
vt  0.902512 0.245259 0.000000
vt  0.902512 0.245259 0.000000
vt  0.902512 0.245259 0.000000
vt  0.902512 0.245259 0.000000
vt  0.902512 0.245259 0.000000
vt  0.902512 0.245259 0.000000
vt  0.818137 0.235884 0.000000
vt  0.818137 0.235884 0.000000
vt  0.818137 0.235884 0.000000
vt  0.818137 0.235884 0.000000
vt  0.902512 0.245259 0.000000
vt  0.902512 0.245259 0.000000
vt  0.902512 0.245259 0.000000
vt  0.902512 0.245259 0.000000
vt  0.902512 0.245259 0.000000
vt  0.902512 0.245259 0.000000
vt  0.902512 0.245259 0.000000
vt  0.902512 0.245259 0.000000
vt  0.902512 0.245259 0.000000
vt  0.902512 0.245259 0.000000
vt  0.902512 0.245259 0.000000
vt  0.902512 0.245259 0.000000
vt  0.902512 0.245259 0.000000
vt  0.902512 0.245259 0.000000
vt  0.902512 0.245259 0.000000
vt  0.902512 0.245259 0.000000
vt  0.902512 0.245259 0.000000
vt  0.902512 0.245259 0.000000
vt  0.902512 0.245259 0.000000
vt  0.902512 0.245259 0.000000
vt  0.902512 0.245259 0.000000
vt  0.902512 0.245259 0.000000
vt  0.902512 0.245259 0.000000
vt  0.902512 0.245259 0.000000
vt  0.902512 0.245259 0.000000
vt  0.902512 0.245259 0.000000
vt  0.902512 0.245259 0.000000
vt  0.902512 0.245259 0.000000
vt  0.902512 0.245259 0.000000
vt  0.902512 0.245259 0.000000
vt  0.902512 0.245259 0.000000
vt  0.902512 0.245259 0.000000
vt  0.902512 0.245259 0.000000
vt  0.902512 0.245259 0.000000
vt  0.902512 0.245259 0.000000
vt  0.902513 0.245259 0.000000
vt  0.902512 0.245259 0.000000
vt  0.902512 0.245259 0.000000
vt  0.902512 0.245259 0.000000
vt  0.902512 0.245259 0.000000
vt  0.902512 0.245259 0.000000
vt  0.902512 0.245259 0.000000
vt  0.902512 0.245259 0.000000
vt  0.902512 0.245259 0.000000
vt  0.902512 0.245259 0.000000
vt  0.902512 0.245259 0.000000
vt  0.902512 0.245259 0.000000
vt  0.902512 0.245259 0.000000
vt  0.902512 0.245259 0.000000
vt  0.902512 0.245259 0.000000
vt  0.902512 0.245259 0.000000
vt  0.902512 0.245259 0.000000
vt  0.902512 0.245259 0.000000
vt  0.902512 0.245259 0.000000
vt  0.902512 0.245259 0.000000
vt  0.902512 0.245259 0.000000
vt  0.902512 0.245259 0.000000
vt  0.902512 0.245259 0.000000
vt  0.902512 0.245259 0.000000
vt  0.902512 0.245259 0.000000
vt  0.902513 0.245258 0.000000
vt  0.902512 0.245259 0.000000
vt  0.902512 0.245259 0.000000
vt  0.902512 0.245259 0.000000
vt  0.902512 0.245259 0.000000
vt  0.902512 0.245259 0.000000
vt  0.902512 0.245259 0.000000
vt  0.902512 0.245259 0.000000
vt  0.902512 0.245259 0.000000
vt  0.902512 0.245259 0.000000
vt  0.902512 0.245259 0.000000
vt  0.902512 0.245259 0.000000
vt  0.902512 0.245259 0.000000
vt  0.902512 0.245259 0.000000
vt  0.902513 0.245259 0.000000
vt  0.902513 0.245258 0.000000
vt  0.902512 0.245259 0.000000
vt  0.902512 0.245259 0.000000
vt  0.902512 0.245259 0.000000
vt  0.902513 0.245259 0.000000
vt  0.902513 0.245259 0.000000
vt  0.902512 0.245259 0.000000
vt  0.902512 0.245259 0.000000
vt  0.902512 0.245259 0.000000
vt  0.902512 0.245259 0.000000
vt  0.902512 0.245259 0.000000
vt  0.902512 0.245259 0.000000
vt  0.902512 0.245259 0.000000
vt  0.818137 0.235884 0.000000
vt  0.818137 0.235884 0.000000
vt  0.818137 0.235884 0.000000
vt  0.818137 0.235884 0.000000
vt  0.902512 0.245259 0.000000
vt  0.902512 0.245259 0.000000
vt  0.902512 0.245259 0.000000
vt  0.902512 0.245259 0.000000
vt  0.818137 0.235884 0.000000
vt  0.818137 0.235884 0.000000
vt  0.818137 0.235884 0.000000
vt  0.818137 0.235884 0.000000
vt  0.902512 0.245259 0.000000
vt  0.902512 0.245259 0.000000
vt  0.902512 0.245259 0.000000
vt  0.902512 0.245259 0.000000
vt  0.818137 0.235884 0.000000
vt  0.818137 0.235884 0.000000
vt  0.818137 0.235884 0.000000
vt  0.818137 0.235884 0.000000
vt  0.902512 0.245259 0.000000
vt  0.902512 0.245259 0.000000
vt  0.902512 0.245259 0.000000
vt  0.902512 0.245259 0.000000
vt  0.902512 0.245259 0.000000
vt  0.902512 0.245259 0.000000
vt  0.902512 0.245259 0.000000
vt  0.902512 0.245259 0.000000
vt  0.902512 0.245259 0.000000
vt  0.902512 0.245259 0.000000
vt  0.902512 0.245259 0.000000
vt  0.902512 0.245259 0.000000
vt  0.902512 0.245259 0.000000
vt  0.902512 0.245259 0.000000
vt  0.902512 0.245259 0.000000
vt  0.902512 0.245259 0.000000
vt  0.902512 0.245259 0.000000
vt  0.902512 0.245259 0.000000
vt  0.902512 0.245259 0.000000
vt  0.902512 0.245259 0.000000
vt  0.902512 0.245259 0.000000
vt  0.902512 0.245259 0.000000
vt  0.902512 0.245259 0.000000
vt  0.902512 0.245259 0.000000
vt  0.902512 0.245259 0.000000
vt  0.902512 0.245259 0.000000
vt  0.902512 0.245259 0.000000
vt  0.902512 0.245259 0.000000
vt  0.902512 0.245259 0.000000
vt  0.902512 0.245259 0.000000
vt  0.902512 0.245259 0.000000
vt  0.902512 0.245259 0.000000
vt  0.902512 0.245259 0.000000
vt  0.902512 0.245259 0.000000
vt  0.902512 0.245259 0.000000
vt  0.902512 0.245259 0.000000
vt  0.902512 0.245259 0.000000
vt  0.902512 0.245259 0.000000
vt  0.902512 0.245259 0.000000
vt  0.902512 0.245259 0.000000
vt  0.902512 0.245259 0.000000
vt  0.902512 0.245259 0.000000
vt  0.902513 0.245258 0.000000
vt  0.902512 0.245259 0.000000
vt  0.902512 0.245259 0.000000
vt  0.902512 0.245259 0.000000
vt  0.902512 0.245259 0.000000
vt  0.902512 0.245259 0.000000
vt  0.902512 0.245259 0.000000
vt  0.902512 0.245259 0.000000
vt  0.902512 0.245259 0.000000
vt  0.902512 0.245259 0.000000
vt  0.902512 0.245259 0.000000
vt  0.902512 0.245259 0.000000
vt  0.902512 0.245259 0.000000
vt  0.902512 0.245259 0.000000
vt  0.902512 0.245259 0.000000
vt  0.902512 0.245259 0.000000
vt  0.902512 0.245259 0.000000
vt  0.902512 0.245259 0.000000
vt  0.902512 0.245259 0.000000
vt  0.902512 0.245259 0.000000

vn  -0.424474 -0.247001 0.871098
vn  -0.288854 -0.214730 0.932981
vn  -0.274049 -0.211007 0.938282
vn  -0.424474 -0.247001 0.871098
vn  -0.000000 -0.174503 0.984657
vn  -0.000000 -0.174503 0.984657
vn  -0.274049 -0.211007 0.938282
vn  -0.288854 -0.214730 0.932981
vn  -0.742931 -0.193454 0.640803
vn  -0.742931 -0.193454 0.640803
vn  -0.742931 -0.193454 0.640803
vn  -0.742931 -0.193454 0.640803
vn  -0.813541 -0.134807 0.565666
vn  -0.813541 -0.134807 0.565666
vn  -0.813541 -0.134807 0.565666
vn  -0.813541 -0.134807 0.565666
vn  -0.388575 -0.050900 0.920010
vn  -0.388575 -0.050900 0.920010
vn  -0.388575 -0.050900 0.920010
vn  -0.388575 -0.050900 0.920010
vn  -0.057168 0.089967 0.994303
vn  -0.057168 0.089967 0.994303
vn  -0.057168 0.089967 0.994303
vn  -0.057168 0.089967 0.994303
vn  -0.746927 -0.050299 0.663001
vn  -0.746927 -0.050299 0.663001
vn  -0.746927 -0.050299 0.663001
vn  -0.746927 -0.050299 0.663001
vn  -0.903926 0.183842 0.386160
vn  -0.903926 0.183842 0.386160
vn  -0.903926 0.183842 0.386160
vn  -0.903926 0.183842 0.386160
vn  -0.196655 0.467056 0.862082
vn  -0.196655 0.467056 0.862082
vn  -0.196655 0.467056 0.862082
vn  -0.196655 0.467056 0.862082
vn  -0.035854 0.432904 0.900727
vn  -0.035854 0.432904 0.900727
vn  -0.035854 0.432904 0.900727
vn  -0.035854 0.432904 0.900727
vn  -0.553090 0.551149 0.624761
vn  -0.553090 0.551149 0.624761
vn  -0.553090 0.551149 0.624761
vn  -0.553090 0.551149 0.624761
vn  -0.736679 0.626165 0.255385
vn  -0.736679 0.626165 0.255385
vn  -0.736679 0.626165 0.255385
vn  -0.736679 0.626165 0.255385
vn  -0.092827 0.846498 0.524237
vn  -0.092827 0.846498 0.524237
vn  -0.092827 0.846498 0.524237
vn  -0.092827 0.846498 0.524237
vn  -0.081459 0.802560 0.590984
vn  -0.081459 0.802560 0.590984
vn  -0.081459 0.802560 0.590984
vn  -0.081459 0.802560 0.590984
vn  -0.267546 0.882327 0.387192
vn  -0.267546 0.882327 0.387192
vn  -0.267546 0.882328 0.387192
vn  -0.409198 0.889295 0.204233
vn  -0.409198 0.889295 0.204233
vn  -0.409198 0.889295 0.204233
vn  -0.409198 0.889295 0.204233
vn  -0.241206 0.933901 0.263911
vn  -0.241206 0.933901 0.263911
vn  -0.241206 0.933901 0.263911
vn  -0.241206 0.933901 0.263911
vn  0.012384 0.974645 0.223412
vn  0.012384 0.974645 0.223412
vn  0.012384 0.974645 0.223412
vn  0.012384 0.974645 0.223412
vn  -0.064861 0.840547 0.537842
vn  -0.064861 0.840547 0.537842
vn  -0.064861 0.840547 0.537842
vn  -0.064861 0.840547 0.537842
vn  -0.248730 0.813379 0.525878
vn  -0.248730 0.813379 0.525878
vn  -0.248730 0.813379 0.525878
vn  0.089152 0.927011 0.364284
vn  0.089152 0.927011 0.364284
vn  0.089152 0.927011 0.364284
vn  0.089152 0.927011 0.364284
vn  -0.032858 0.997087 0.068831
vn  -0.032858 0.997087 0.068831
vn  -0.032858 0.997087 0.068831
vn  -0.032858 0.997087 0.068831
vn  -0.120215 0.865463 -0.486336
vn  -0.120215 0.865463 -0.486336
vn  -0.120215 0.865463 -0.486336
vn  -0.120215 0.865463 -0.486336
vn  -0.121763 0.456763 -0.881216
vn  -0.121763 0.456763 -0.881216
vn  -0.121763 0.456763 -0.881216
vn  -0.121763 0.456763 -0.881216
vn  -0.123405 -0.002357 -0.992354
vn  -0.123405 -0.002357 -0.992354
vn  -0.123405 -0.002357 -0.992354
vn  -0.123405 -0.002357 -0.992354
vn  -0.904035 0.043033 0.425287
vn  -0.904035 0.043033 0.425287
vn  -0.904035 0.043033 0.425287
vn  -0.904035 0.043033 0.425287
vn  -0.957232 0.195292 0.213466
vn  -0.957232 0.195292 0.213466
vn  -0.957232 0.195292 0.213466
vn  -0.957232 0.195292 0.213466
vn  -0.616817 0.671186 0.411152
vn  -0.616817 0.671186 0.411152
vn  -0.616817 0.671186 0.411152
vn  -0.616817 0.671186 0.411152
vn  -0.362984 0.863891 0.349193
vn  -0.362984 0.863891 0.349193
vn  -0.362984 0.863891 0.349193
vn  -0.362984 0.863891 0.349193
vn  -0.251565 0.913553 0.319589
vn  -0.251565 0.913553 0.319589
vn  -0.251565 0.913553 0.319589
vn  -0.251565 0.913552 0.319589
vn  -0.251159 0.860177 -0.443863
vn  -0.251159 0.860177 -0.443863
vn  -0.251159 0.860177 -0.443863
vn  -0.251159 0.860177 -0.443863
vn  -0.487114 0.418649 -0.766455
vn  -0.487114 0.418649 -0.766455
vn  -0.487114 0.418649 -0.766455
vn  -0.487114 0.418649 -0.766455
vn  -0.505257 0.008510 -0.862927
vn  -0.505257 0.008510 -0.862927
vn  -0.505257 0.008510 -0.862927
vn  -0.505257 0.008510 -0.862927
vn  -0.429050 0.854782 -0.292000
vn  -0.429050 0.854782 -0.292000
vn  -0.429050 0.854782 -0.292000
vn  -0.429050 0.854782 -0.292000
vn  -0.647559 0.381207 -0.659810
vn  -0.647559 0.381207 -0.659810
vn  -0.647559 0.381207 -0.659810
vn  -0.647559 0.381207 -0.659810
vn  -0.757137 0.006176 -0.653226
vn  -0.757137 0.006176 -0.653226
vn  -0.757137 0.006176 -0.653226
vn  -0.757137 0.006176 -0.653226
vn  -0.614645 0.775141 0.146179
vn  -0.614645 0.775141 0.146179
vn  -0.614645 0.775141 0.146179
vn  -0.614645 0.775141 0.146179
vn  -0.920229 0.390309 0.028924
vn  -0.920230 0.390309 0.028924
vn  -0.920229 0.390309 0.028924
vn  -0.920229 0.390309 0.028924
vn  -0.975983 0.055267 -0.210719
vn  -0.975983 0.055267 -0.210719
vn  -0.975983 0.055267 -0.210719
vn  -0.975983 0.055267 -0.210719
vn  -0.660748 0.750548 0.009493
vn  -0.660748 0.750548 0.009493
vn  -0.660748 0.750548 0.009493
vn  -0.660748 0.750548 0.009493
vn  -0.918917 0.393974 0.019363
vn  -0.918917 0.393974 0.019363
vn  -0.918917 0.393974 0.019363
vn  -0.918917 0.393974 0.019363
vn  -0.982839 0.100278 0.154828
vn  -0.982839 0.100278 0.154828
vn  -0.982839 0.100278 0.154828
vn  -0.982839 0.100278 0.154828
vn  -0.519485 0.225011 -0.824321
vn  -0.519485 0.225011 -0.824321
vn  -0.519485 0.225011 -0.824321
vn  -0.519485 0.225011 -0.824321
vn  -0.706786 0.184526 -0.682938
vn  -0.706786 0.184526 -0.682938
vn  -0.706786 0.184526 -0.682938
vn  -0.706786 0.184526 -0.682938
vn  -0.968057 0.218709 -0.122606
vn  -0.968057 0.218709 -0.122606
vn  -0.968057 0.218709 -0.122606
vn  -0.968057 0.218709 -0.122606
vn  -0.961381 0.242174 0.130758
vn  -0.961381 0.242174 0.130758
vn  -0.961381 0.242174 0.130758
vn  -0.961381 0.242174 0.130758
vn  -0.954106 0.145749 0.261607
vn  -0.954106 0.145749 0.261607
vn  -0.954106 0.145749 0.261607
vn  -0.954106 0.145749 0.261607
vn  -0.412701 0.904176 0.110194
vn  -0.412701 0.904176 0.110194
vn  -0.412701 0.904176 0.110194
vn  -0.412701 0.904176 0.110194
vn  -0.470211 0.881246 0.048037
vn  -0.470211 0.881246 0.048037
vn  -0.470211 0.881246 0.048037
vn  -0.470211 0.881246 0.048037
vn  -0.706473 0.681536 0.190800
vn  -0.706473 0.681536 0.190800
vn  -0.706473 0.681536 0.190800
vn  -0.132972 0.984755 -0.112140
vn  -0.132972 0.984755 -0.112140
vn  -0.132972 0.984755 -0.112140
vn  -0.132972 0.984755 -0.112140
vn  -0.192496 0.971981 0.134902
vn  -0.192496 0.971981 0.134902
vn  -0.192496 0.971981 0.134902
vn  -0.192496 0.971981 0.134902
vn  -0.873912 0.226582 0.430045
vn  -0.873912 0.226582 0.430045
vn  -0.873912 0.226582 0.430045
vn  -0.873912 0.226582 0.430045
vn  -0.895118 -0.138974 0.423615
vn  -0.895118 -0.138974 0.423615
vn  -0.895118 -0.138974 0.423615
vn  -0.895118 -0.138974 0.423615
vn  0.001780 -0.977993 0.208630
vn  0.001780 -0.977993 0.208630
vn  0.001780 -0.977993 0.208630
vn  0.001780 -0.977993 0.208630
vn  -0.002018 -0.863996 0.503495
vn  -0.002018 -0.863996 0.503495
vn  -0.002018 -0.863996 0.503495
vn  -0.002018 -0.863996 0.503495
vn  0.062668 -0.736153 0.673908
vn  0.062668 -0.736153 0.673908
vn  0.062668 -0.736153 0.673908
vn  0.062668 -0.736153 0.673908
vn  0.073265 -0.965558 0.249661
vn  0.073265 -0.965558 0.249661
vn  0.073265 -0.965558 0.249661
vn  0.073265 -0.965558 0.249661
vn  0.498465 -0.783374 -0.371292
vn  0.498465 -0.783374 -0.371292
vn  0.498465 -0.783374 -0.371292
vn  0.498465 -0.783374 -0.371292
vn  0.814314 -0.570549 -0.106612
vn  0.814314 -0.570549 -0.106612
vn  0.814314 -0.570549 -0.106612
vn  0.817256 -0.562941 -0.123246
vn  0.817256 -0.562941 -0.123246
vn  0.817256 -0.562941 -0.123246
vn  0.817256 -0.562941 -0.123246
vn  0.626394 -0.675430 -0.389134
vn  0.626393 -0.675430 -0.389134
vn  0.626393 -0.675430 -0.389134
vn  0.317910 -0.941952 0.107980
vn  0.317910 -0.941952 0.107980
vn  0.317910 -0.941952 0.107980
vn  0.317910 -0.941952 0.107980
vn  -0.004906 -0.992122 0.125181
vn  -0.004906 -0.992122 0.125181
vn  -0.004906 -0.992122 0.125181
vn  -0.004906 -0.992122 0.125181
vn  0.159993 -0.238995 0.957749
vn  0.159993 -0.238995 0.957749
vn  0.159993 -0.238995 0.957749
vn  0.159993 -0.238995 0.957749
vn  0.391676 -0.281384 0.876021
vn  0.391676 -0.281384 0.876021
vn  0.391676 -0.281384 0.876021
vn  0.391676 -0.281384 0.876021
vn  0.474880 -0.262328 0.840043
vn  0.474880 -0.262328 0.840043
vn  0.474880 -0.262328 0.840043
vn  0.474880 -0.262328 0.840043
vn  0.871045 -0.273120 0.408273
vn  0.871045 -0.273120 0.408273
vn  0.871045 -0.273120 0.408273
vn  0.871045 -0.273120 0.408273
vn  0.880955 0.442996 -0.166351
vn  0.880955 0.442996 -0.166351
vn  0.880955 0.442996 -0.166351
vn  0.880955 0.442996 -0.166351
vn  -0.301930 -0.481631 0.822721
vn  -0.301930 -0.481631 0.822721
vn  -0.301930 -0.481631 0.822721
vn  -0.301930 -0.481631 0.822721
vn  0.459772 -0.354755 0.814100
vn  0.459772 -0.354755 0.814100
vn  0.459772 -0.354755 0.814100
vn  0.763849 -0.485840 0.424845
vn  0.763849 -0.485840 0.424845
vn  0.763850 -0.485840 0.424845
vn  0.763849 -0.485840 0.424845
vn  0.833584 -0.536541 0.131381
vn  0.833584 -0.536541 0.131381
vn  0.833584 -0.536541 0.131381
vn  0.833584 -0.536541 0.131381
vn  -0.050122 -0.995003 -0.086352
vn  -0.050122 -0.995003 -0.086352
vn  -0.050122 -0.995003 -0.086352
vn  -0.050122 -0.995003 -0.086352
vn  -0.002749 -0.974669 0.223634
vn  -0.002749 -0.974669 0.223634
vn  -0.002749 -0.974669 0.223634
vn  -0.002749 -0.974669 0.223634
vn  0.073024 -0.992991 0.092929
vn  0.073024 -0.992991 0.092929
vn  0.073024 -0.992991 0.092929
vn  0.073024 -0.992991 0.092930
vn  -0.056779 -0.994374 -0.089422
vn  -0.056779 -0.994374 -0.089422
vn  -0.056779 -0.994374 -0.089422
vn  -0.493983 -0.282082 -0.822442
vn  -0.493983 -0.282082 -0.822442
vn  -0.493983 -0.282082 -0.822442
vn  -0.493983 -0.282082 -0.822442
vn  -0.792289 -0.180950 -0.582697
vn  -0.792289 -0.180950 -0.582697
vn  -0.792289 -0.180950 -0.582697
vn  -0.792289 -0.180950 -0.582697
vn  -0.973546 -0.205439 -0.100017
vn  -0.973546 -0.205439 -0.100017
vn  -0.973546 -0.205439 -0.100017
vn  -0.973546 -0.205439 -0.100017
vn  -0.914671 -0.330106 0.233252
vn  -0.914671 -0.330106 0.233252
vn  -0.914671 -0.330106 0.233252
vn  -0.914671 -0.330106 0.233252
vn  -0.800918 -0.290006 0.523859
vn  -0.800918 -0.290006 0.523859
vn  -0.800917 -0.290006 0.523859
vn  -0.800918 -0.290006 0.523859
vn  0.135248 0.111860 0.984477
vn  0.135248 0.111860 0.984477
vn  0.135248 0.111860 0.984477
vn  0.135248 0.111860 0.984477
vn  0.516372 0.086004 0.852035
vn  0.516372 0.086004 0.852035
vn  0.516372 0.086004 0.852035
vn  0.516372 0.086004 0.852035
vn  0.911674 -0.041183 0.408845
vn  0.911674 -0.041183 0.408845
vn  0.911674 -0.041183 0.408845
vn  0.911674 -0.041183 0.408845
vn  0.972738 -0.021056 0.230951
vn  0.972738 -0.021056 0.230951
vn  0.972738 -0.021056 0.230951
vn  0.972738 -0.021056 0.230951
vn  -0.231909 -0.850935 0.471304
vn  -0.231909 -0.850935 0.471304
vn  -0.231909 -0.850935 0.471304
vn  -0.231909 -0.850935 0.471304
vn  -0.224473 -0.956718 -0.185209
vn  -0.224473 -0.956718 -0.185209
vn  -0.224473 -0.956718 -0.185209
vn  -0.070832 -0.997436 -0.010234
vn  -0.070832 -0.997436 -0.010234
vn  -0.070832 -0.997436 -0.010234
vn  -0.070832 -0.997436 -0.010234
vn  -0.029923 -0.971436 -0.235409
vn  -0.029923 -0.971436 -0.235409
vn  -0.029923 -0.971436 -0.235409
vn  -0.029923 -0.971436 -0.235409
vn  -0.161066 -0.953097 0.256250
vn  -0.161066 -0.953097 0.256250
vn  -0.161066 -0.953097 0.256250
vn  -0.161066 -0.953097 0.256250
vn  -0.171502 -0.778215 0.604126
vn  -0.171502 -0.778215 0.604126
vn  -0.171502 -0.778215 0.604126
vn  -0.125448 0.241014 -0.962380
vn  -0.125448 0.241014 -0.962380
vn  -0.125448 0.241014 -0.962380
vn  -0.125448 0.241014 -0.962380
vn  -0.122058 0.989602 -0.076090
vn  -0.122058 0.989602 -0.076090
vn  -0.122058 0.989602 -0.076090
vn  -0.122058 0.989602 -0.076090
vn  -0.120897 -0.968504 0.217679
vn  -0.120897 -0.968504 0.217679
vn  -0.120897 -0.968504 0.217679
vn  -0.120897 -0.968504 0.217679
vn  -0.006687 -0.866305 -0.499470
vn  -0.006687 -0.866305 -0.499470
vn  -0.006687 -0.866305 -0.499470
vn  -0.006687 -0.866305 -0.499470
vn  -0.111031 -0.352851 -0.929068
vn  -0.111031 -0.352851 -0.929068
vn  -0.111031 -0.352851 -0.929068
vn  -0.111031 -0.352851 -0.929068
vn  0.550665 0.093696 0.829451
vn  0.550665 0.093696 0.829451
vn  0.550665 0.093696 0.829451
vn  0.550665 0.093696 0.829451
vn  0.424473 -0.247003 0.871098
vn  0.424473 -0.247003 0.871098
vn  0.274048 -0.211008 0.938282
vn  0.288853 -0.214731 0.932981
vn  0.274048 -0.211008 0.938282
vn  0.288853 -0.214731 0.932981
vn  0.742931 -0.193456 0.640803
vn  0.742931 -0.193456 0.640803
vn  0.742931 -0.193456 0.640803
vn  0.742931 -0.193456 0.640803
vn  0.813541 -0.134809 0.565666
vn  0.813541 -0.134809 0.565666
vn  0.813541 -0.134809 0.565666
vn  0.813541 -0.134809 0.565666
vn  0.388575 -0.050901 0.920010
vn  0.388575 -0.050901 0.920010
vn  0.388575 -0.050901 0.920010
vn  0.388575 -0.050901 0.920010
vn  0.057168 0.089967 0.994303
vn  0.057168 0.089967 0.994303
vn  0.057168 0.089967 0.994303
vn  0.057168 0.089967 0.994303
vn  0.746927 -0.050301 0.663001
vn  0.746927 -0.050301 0.663001
vn  0.746927 -0.050301 0.663001
vn  0.746927 -0.050301 0.663001
vn  0.903927 0.183839 0.386160
vn  0.903927 0.183839 0.386160
vn  0.903927 0.183839 0.386160
vn  0.903927 0.183839 0.386160
vn  0.196657 0.467055 0.862082
vn  0.196657 0.467055 0.862082
vn  0.196657 0.467055 0.862082
vn  0.196657 0.467055 0.862082
vn  0.035856 0.432904 0.900727
vn  0.035856 0.432904 0.900727
vn  0.035856 0.432904 0.900727
vn  0.035856 0.432904 0.900727
vn  0.553091 0.551148 0.624761
vn  0.553091 0.551148 0.624761
vn  0.553091 0.551147 0.624761
vn  0.553091 0.551148 0.624761
vn  0.736681 0.626163 0.255385
vn  0.736681 0.626163 0.255385
vn  0.736681 0.626163 0.255385
vn  0.736681 0.626163 0.255385
vn  0.092830 0.846497 0.524237
vn  0.092830 0.846497 0.524237
vn  0.092830 0.846497 0.524237
vn  0.092830 0.846497 0.524237
vn  0.081461 0.802560 0.590984
vn  0.081461 0.802560 0.590984
vn  0.081461 0.802560 0.590984
vn  0.081461 0.802560 0.590984
vn  0.267548 0.882327 0.387192
vn  0.267548 0.882327 0.387192
vn  0.267548 0.882327 0.387192
vn  0.409201 0.889294 0.204233
vn  0.409201 0.889294 0.204233
vn  0.409201 0.889294 0.204233
vn  0.409201 0.889294 0.204233
vn  0.241209 0.933900 0.263911
vn  0.241209 0.933900 0.263911
vn  0.241209 0.933900 0.263911
vn  0.241209 0.933900 0.263911
vn  -0.012381 0.974645 0.223412
vn  -0.012381 0.974645 0.223412
vn  -0.012381 0.974645 0.223412
vn  -0.012381 0.974645 0.223412
vn  0.064863 0.840547 0.537842
vn  0.064863 0.840547 0.537842
vn  0.064863 0.840547 0.537842
vn  0.064863 0.840547 0.537842
vn  0.248732 0.813379 0.525878
vn  0.248732 0.813379 0.525878
vn  0.248732 0.813379 0.525878
vn  -0.089149 0.927011 0.364284
vn  -0.089149 0.927011 0.364284
vn  -0.089149 0.927011 0.364284
vn  -0.089149 0.927011 0.364284
vn  0.032860 0.997087 0.068831
vn  0.032860 0.997087 0.068831
vn  0.032860 0.997087 0.068831
vn  0.032860 0.997087 0.068831
vn  0.120217 0.865463 -0.486335
vn  0.120217 0.865463 -0.486335
vn  0.120217 0.865463 -0.486336
vn  0.120217 0.865463 -0.486336
vn  0.121764 0.456763 -0.881216
vn  0.121764 0.456763 -0.881216
vn  0.121764 0.456763 -0.881216
vn  0.121764 0.456763 -0.881216
vn  0.123405 -0.002358 -0.992354
vn  0.123405 -0.002358 -0.992354
vn  0.123405 -0.002358 -0.992354
vn  0.123405 -0.002358 -0.992354
vn  0.904035 0.043031 0.425287
vn  0.904035 0.043031 0.425287
vn  0.904035 0.043031 0.425287
vn  0.904035 0.043031 0.425287
vn  0.957233 0.195290 0.213466
vn  0.957233 0.195290 0.213466
vn  0.957233 0.195290 0.213466
vn  0.957233 0.195290 0.213466
vn  0.616819 0.671185 0.411152
vn  0.616819 0.671185 0.411152
vn  0.616819 0.671185 0.411152
vn  0.616819 0.671185 0.411152
vn  0.362987 0.863890 0.349193
vn  0.362987 0.863890 0.349193
vn  0.362987 0.863890 0.349193
vn  0.362987 0.863890 0.349193
vn  0.251568 0.913552 0.319589
vn  0.251568 0.913552 0.319589
vn  0.251568 0.913552 0.319589
vn  0.251568 0.913552 0.319589
vn  0.251162 0.860177 -0.443863
vn  0.251162 0.860177 -0.443863
vn  0.251162 0.860177 -0.443863
vn  0.251162 0.860177 -0.443863
vn  0.487115 0.418648 -0.766455
vn  0.487115 0.418648 -0.766455
vn  0.487115 0.418648 -0.766455
vn  0.487115 0.418648 -0.766455
vn  0.505257 0.008509 -0.862927
vn  0.505257 0.008509 -0.862927
vn  0.505257 0.008509 -0.862927
vn  0.505257 0.008509 -0.862927
vn  0.429052 0.854781 -0.292000
vn  0.429052 0.854781 -0.292000
vn  0.429052 0.854781 -0.292000
vn  0.429052 0.854781 -0.292000
vn  0.647560 0.381206 -0.659810
vn  0.647560 0.381206 -0.659810
vn  0.647560 0.381206 -0.659810
vn  0.647560 0.381206 -0.659810
vn  0.757137 0.006174 -0.653226
vn  0.757137 0.006174 -0.653226
vn  0.757137 0.006174 -0.653226
vn  0.757137 0.006174 -0.653226
vn  0.614647 0.775139 0.146179
vn  0.614647 0.775139 0.146179
vn  0.614647 0.775139 0.146179
vn  0.614647 0.775139 0.146179
vn  0.920231 0.390306 0.028924
vn  0.920231 0.390306 0.028924
vn  0.920231 0.390307 0.028924
vn  0.920231 0.390306 0.028924
vn  0.975983 0.055264 -0.210719
vn  0.975983 0.055264 -0.210719
vn  0.975983 0.055264 -0.210719
vn  0.975983 0.055264 -0.210719
vn  0.660750 0.750546 0.009493
vn  0.660750 0.750546 0.009493
vn  0.660750 0.750546 0.009493
vn  0.660750 0.750546 0.009493
vn  0.918919 0.393972 0.019363
vn  0.918919 0.393972 0.019363
vn  0.918919 0.393972 0.019363
vn  0.918919 0.393972 0.019363
vn  0.982839 0.100275 0.154828
vn  0.982839 0.100275 0.154828
vn  0.982839 0.100275 0.154828
vn  0.982839 0.100275 0.154828
vn  0.519486 0.225010 -0.824321
vn  0.519486 0.225010 -0.824321
vn  0.519486 0.225010 -0.824321
vn  0.519486 0.225010 -0.824321
vn  0.706786 0.184524 -0.682938
vn  0.706786 0.184524 -0.682938
vn  0.706786 0.184524 -0.682938
vn  0.706786 0.184524 -0.682938
vn  0.968058 0.218706 -0.122606
vn  0.968058 0.218706 -0.122606
vn  0.968058 0.218706 -0.122606
vn  0.968058 0.218706 -0.122606
vn  0.961382 0.242172 0.130758
vn  0.961382 0.242172 0.130758
vn  0.961382 0.242172 0.130758
vn  0.961382 0.242172 0.130758
vn  0.954107 0.145746 0.261607
vn  0.954107 0.145746 0.261607
vn  0.954107 0.145746 0.261607
vn  0.954107 0.145746 0.261607
vn  0.412704 0.904175 0.110194
vn  0.412704 0.904175 0.110194
vn  0.412704 0.904175 0.110194
vn  0.412704 0.904175 0.110194
vn  0.470213 0.881244 0.048037
vn  0.470214 0.881244 0.048037
vn  0.470214 0.881244 0.048037
vn  0.470214 0.881244 0.048037
vn  0.706475 0.681534 0.190800
vn  0.706475 0.681534 0.190800
vn  0.706475 0.681534 0.190800
vn  0.132975 0.984755 -0.112140
vn  0.132975 0.984755 -0.112140
vn  0.132975 0.984755 -0.112140
vn  0.132975 0.984755 -0.112140
vn  0.192499 0.971980 0.134902
vn  0.192499 0.971980 0.134902
vn  0.192499 0.971980 0.134902
vn  0.192499 0.971980 0.134902
vn  0.873913 0.226579 0.430045
vn  0.873913 0.226579 0.430045
vn  0.873913 0.226579 0.430045
vn  0.873913 0.226579 0.430045
vn  0.895118 -0.138976 0.423615
vn  0.895118 -0.138976 0.423615
vn  0.895118 -0.138976 0.423615
vn  0.895118 -0.138976 0.423615
vn  -0.001782 -0.977993 0.208630
vn  -0.001782 -0.977993 0.208630
vn  -0.001782 -0.977993 0.208630
vn  -0.001782 -0.977993 0.208630
vn  0.002015 -0.863996 0.503495
vn  0.002015 -0.863996 0.503495
vn  0.002015 -0.863996 0.503495
vn  0.002015 -0.863996 0.503495
vn  -0.062670 -0.736153 0.673908
vn  -0.062670 -0.736153 0.673908
vn  -0.062670 -0.736153 0.673908
vn  -0.062670 -0.736153 0.673908
vn  -0.073267 -0.965558 0.249661
vn  -0.073267 -0.965558 0.249661
vn  -0.073267 -0.965558 0.249661
vn  -0.073267 -0.965558 0.249661
vn  -0.498467 -0.783373 -0.371292
vn  -0.498467 -0.783373 -0.371292
vn  -0.498467 -0.783373 -0.371292
vn  -0.498467 -0.783373 -0.371292
vn  -0.814316 -0.570547 -0.106612
vn  -0.814316 -0.570547 -0.106612
vn  -0.814316 -0.570547 -0.106612
vn  -0.817258 -0.562939 -0.123246
vn  -0.817258 -0.562939 -0.123246
vn  -0.817258 -0.562939 -0.123246
vn  -0.817258 -0.562939 -0.123246
vn  -0.626395 -0.675429 -0.389134
vn  -0.626395 -0.675429 -0.389134
vn  -0.626395 -0.675429 -0.389134
vn  -0.317912 -0.941951 0.107980
vn  -0.317912 -0.941951 0.107980
vn  -0.317912 -0.941951 0.107980
vn  -0.317912 -0.941951 0.107980
vn  0.004904 -0.992122 0.125181
vn  0.004904 -0.992122 0.125181
vn  0.004904 -0.992122 0.125181
vn  0.004904 -0.992122 0.125181
vn  -0.159994 -0.238995 0.957749
vn  -0.159994 -0.238995 0.957749
vn  -0.159994 -0.238995 0.957749
vn  -0.159994 -0.238995 0.957749
vn  -0.391677 -0.281383 0.876021
vn  -0.391677 -0.281383 0.876021
vn  -0.391677 -0.281383 0.876021
vn  -0.391677 -0.281383 0.876021
vn  -0.474881 -0.262327 0.840043
vn  -0.474881 -0.262327 0.840043
vn  -0.474881 -0.262327 0.840043
vn  -0.474881 -0.262327 0.840043
vn  -0.871045 -0.273117 0.408273
vn  -0.871045 -0.273117 0.408273
vn  -0.871045 -0.273117 0.408273
vn  -0.871045 -0.273117 0.408273
vn  -0.880954 0.442998 -0.166351
vn  -0.880954 0.442998 -0.166351
vn  -0.880954 0.442998 -0.166351
vn  -0.880954 0.442998 -0.166351
vn  0.301929 -0.481632 0.822721
vn  0.301929 -0.481632 0.822721
vn  0.301929 -0.481632 0.822721
vn  0.301929 -0.481632 0.822721
vn  -0.459773 -0.354753 0.814100
vn  -0.459773 -0.354753 0.814100
vn  -0.459773 -0.354753 0.814100
vn  -0.763851 -0.485838 0.424845
vn  -0.763851 -0.485838 0.424845
vn  -0.763851 -0.485838 0.424845
vn  -0.763851 -0.485838 0.424845
vn  -0.833586 -0.536539 0.131381
vn  -0.833586 -0.536539 0.131381
vn  -0.833586 -0.536539 0.131381
vn  -0.833586 -0.536539 0.131381
vn  0.050119 -0.995003 -0.086352
vn  0.050119 -0.995003 -0.086352
vn  0.050119 -0.995003 -0.086352
vn  0.050119 -0.995003 -0.086352
vn  0.002746 -0.974669 0.223634
vn  0.002746 -0.974669 0.223634
vn  0.002746 -0.974669 0.223634
vn  0.002746 -0.974669 0.223634
vn  -0.073027 -0.992991 0.092930
vn  -0.073027 -0.992991 0.092930
vn  -0.073027 -0.992991 0.092930
vn  -0.073027 -0.992991 0.092930
vn  0.056777 -0.994374 -0.089422
vn  0.056777 -0.994374 -0.089422
vn  0.056777 -0.994374 -0.089422
vn  0.493983 -0.282084 -0.822442
vn  0.493983 -0.282084 -0.822442
vn  0.493982 -0.282084 -0.822442
vn  0.493983 -0.282084 -0.822442
vn  0.792288 -0.180953 -0.582697
vn  0.792288 -0.180953 -0.582697
vn  0.792288 -0.180953 -0.582697
vn  0.792288 -0.180953 -0.582697
vn  0.973545 -0.205441 -0.100017
vn  0.973545 -0.205441 -0.100017
vn  0.973545 -0.205441 -0.100017
vn  0.973545 -0.205441 -0.100017
vn  0.914670 -0.330109 0.233252
vn  0.914670 -0.330109 0.233252
vn  0.914670 -0.330109 0.233252
vn  0.914670 -0.330109 0.233252
vn  0.800917 -0.290008 0.523859
vn  0.800917 -0.290008 0.523859
vn  0.800917 -0.290008 0.523859
vn  0.800917 -0.290008 0.523859
vn  -0.135248 0.111860 0.984477
vn  -0.135248 0.111860 0.984477
vn  -0.135248 0.111860 0.984477
vn  -0.135248 0.111860 0.984477
vn  -0.516372 0.086006 0.852035
vn  -0.516372 0.086006 0.852035
vn  -0.516372 0.086006 0.852035
vn  -0.516372 0.086006 0.852035
vn  -0.911674 -0.041180 0.408845
vn  -0.911674 -0.041180 0.408845
vn  -0.911674 -0.041180 0.408845
vn  -0.911674 -0.041180 0.408845
vn  -0.972738 -0.021053 0.230951
vn  -0.972738 -0.021053 0.230951
vn  -0.972738 -0.021053 0.230951
vn  -0.972738 -0.021053 0.230951
vn  0.231907 -0.850936 0.471304
vn  0.231907 -0.850936 0.471304
vn  0.231907 -0.850936 0.471304
vn  0.231907 -0.850936 0.471304
vn  0.224470 -0.956719 -0.185209
vn  0.224470 -0.956719 -0.185209
vn  0.224470 -0.956719 -0.185209
vn  0.070829 -0.997436 -0.010234
vn  0.070829 -0.997436 -0.010234
vn  0.070829 -0.997436 -0.010234
vn  0.070829 -0.997436 -0.010234
vn  0.029920 -0.971436 -0.235409
vn  0.029920 -0.971436 -0.235409
vn  0.029920 -0.971436 -0.235409
vn  0.029920 -0.971436 -0.235409
vn  0.161063 -0.953097 0.256250
vn  0.161063 -0.953097 0.256250
vn  0.161063 -0.953097 0.256250
vn  0.161063 -0.953097 0.256250
vn  0.171500 -0.778215 0.604126
vn  0.171500 -0.778216 0.604126
vn  0.171500 -0.778216 0.604126
vn  0.125449 0.241014 -0.962380
vn  0.125449 0.241014 -0.962380
vn  0.125449 0.241014 -0.962380
vn  0.125449 0.241014 -0.962380
vn  0.122061 0.989602 -0.076090
vn  0.122061 0.989602 -0.076090
vn  0.122061 0.989602 -0.076090
vn  0.122061 0.989602 -0.076090
vn  0.120894 -0.968504 0.217679
vn  0.120894 -0.968504 0.217679
vn  0.120894 -0.968504 0.217679
vn  0.120894 -0.968504 0.217679
vn  0.006685 -0.866305 -0.499470
vn  0.006685 -0.866305 -0.499470
vn  0.006685 -0.866305 -0.499470
vn  0.006685 -0.866305 -0.499470
vn  0.111030 -0.352852 -0.929068
vn  0.111030 -0.352852 -0.929068
vn  0.111030 -0.352852 -0.929068
vn  0.111030 -0.352852 -0.929068
vn  -0.550665 0.093698 0.829451
vn  -0.550665 0.093698 0.829451
vn  -0.550665 0.093698 0.829451
vn  -0.550665 0.093698 0.829451

g acc_hair_punkin
usemtl F:\PRO\People\images\people_pal\people_pal_s18.png
f  4419/4419/4419 4420/4420/4420 4421/4421/4421
f  4422/4422/4422 4419/4419/4419 4421/4421/4421
f  4423/4423/4423 4424/4424/4424 4425/4425/4425
f  4426/4426/4426 4423/4423/4423 4425/4425/4425
f  4427/4427/4427 4428/4428/4428 4429/4429/4429
f  4430/4430/4430 4427/4427/4427 4429/4429/4429
f  4431/4431/4431 4432/4432/4432 4433/4433/4433
f  4434/4434/4434 4431/4431/4431 4433/4433/4433
f  4435/4435/4435 4436/4436/4436 4437/4437/4437
f  4438/4438/4438 4435/4435/4435 4437/4437/4437
f  4439/4439/4439 4440/4440/4440 4441/4441/4441
f  4442/4442/4442 4439/4439/4439 4441/4441/4441
f  4443/4443/4443 4444/4444/4444 4445/4445/4445
f  4446/4446/4446 4443/4443/4443 4445/4445/4445
f  4447/4447/4447 4448/4448/4448 4449/4449/4449
f  4450/4450/4450 4447/4447/4447 4449/4449/4449
f  4451/4451/4451 4452/4452/4452 4453/4453/4453
f  4454/4454/4454 4451/4451/4451 4453/4453/4453
f  4455/4455/4455 4456/4456/4456 4457/4457/4457
f  4458/4458/4458 4455/4455/4455 4457/4457/4457
f  4459/4459/4459 4460/4460/4460 4461/4461/4461
f  4462/4462/4462 4459/4459/4459 4461/4461/4461
f  4463/4463/4463 4464/4464/4464 4465/4465/4465
f  4466/4466/4466 4463/4463/4463 4465/4465/4465
f  4467/4467/4467 4468/4468/4468 4469/4469/4469
f  4470/4470/4470 4467/4467/4467 4469/4469/4469
f  4471/4471/4471 4472/4472/4472 4473/4473/4473
f  4474/4474/4474 4471/4471/4471 4473/4473/4473
f  4475/4475/4475 4476/4476/4476 4477/4477/4477
f  4478/4478/4478 4479/4479/4479 4480/4480/4480
f  4481/4481/4481 4478/4478/4478 4480/4480/4480
f  4482/4482/4482 4483/4483/4483 4484/4484/4484
f  4485/4485/4485 4482/4482/4482 4484/4484/4484
f  4486/4486/4486 4487/4487/4487 4488/4488/4488
f  4489/4489/4489 4486/4486/4486 4488/4488/4488
f  4490/4490/4490 4491/4491/4491 4492/4492/4492
f  4493/4493/4493 4490/4490/4490 4492/4492/4492
f  4494/4494/4494 4495/4495/4495 4496/4496/4496
f  4497/4497/4497 4498/4498/4498 4499/4499/4499
f  4500/4500/4500 4497/4497/4497 4499/4499/4499
f  4501/4501/4501 4502/4502/4502 4503/4503/4503
f  4504/4504/4504 4501/4501/4501 4503/4503/4503
f  4505/4505/4505 4506/4506/4506 4507/4507/4507
f  4508/4508/4508 4505/4505/4505 4507/4507/4507
f  4509/4509/4509 4510/4510/4510 4511/4511/4511
f  4512/4512/4512 4509/4509/4509 4511/4511/4511
f  4513/4513/4513 4514/4514/4514 4515/4515/4515
f  4516/4516/4516 4513/4513/4513 4515/4515/4515
f  4517/4517/4517 4518/4518/4518 4519/4519/4519
f  4520/4520/4520 4517/4517/4517 4519/4519/4519
f  4521/4521/4521 4522/4522/4522 4523/4523/4523
f  4524/4524/4524 4521/4521/4521 4523/4523/4523
f  4525/4525/4525 4526/4526/4526 4527/4527/4527
f  4528/4528/4528 4525/4525/4525 4527/4527/4527
f  4529/4529/4529 4530/4530/4530 4531/4531/4531
f  4532/4532/4532 4529/4529/4529 4531/4531/4531
f  4533/4533/4533 4534/4534/4534 4535/4535/4535
f  4536/4536/4536 4533/4533/4533 4535/4535/4535
f  4537/4537/4537 4538/4538/4538 4539/4539/4539
f  4540/4540/4540 4537/4537/4537 4539/4539/4539
f  4541/4541/4541 4542/4542/4542 4543/4543/4543
f  4544/4544/4544 4541/4541/4541 4543/4543/4543
f  4545/4545/4545 4546/4546/4546 4547/4547/4547
f  4548/4548/4548 4545/4545/4545 4547/4547/4547
f  4549/4549/4549 4550/4550/4550 4551/4551/4551
f  4552/4552/4552 4549/4549/4549 4551/4551/4551
f  4553/4553/4553 4554/4554/4554 4555/4555/4555
f  4556/4556/4556 4553/4553/4553 4555/4555/4555
f  4557/4557/4557 4558/4558/4558 4559/4559/4559
f  4560/4560/4560 4557/4557/4557 4559/4559/4559
f  4561/4561/4561 4562/4562/4562 4563/4563/4563
f  4564/4564/4564 4561/4561/4561 4563/4563/4563
f  4565/4565/4565 4566/4566/4566 4567/4567/4567
f  4568/4568/4568 4565/4565/4565 4567/4567/4567
f  4569/4569/4569 4570/4570/4570 4571/4571/4571
f  4572/4572/4572 4569/4569/4569 4571/4571/4571
f  4573/4573/4573 4574/4574/4574 4575/4575/4575
f  4576/4576/4576 4573/4573/4573 4575/4575/4575
f  4577/4577/4577 4578/4578/4578 4579/4579/4579
f  4580/4580/4580 4577/4577/4577 4579/4579/4579
f  4581/4581/4581 4582/4582/4582 4583/4583/4583
f  4584/4584/4584 4581/4581/4581 4583/4583/4583
f  4585/4585/4585 4586/4586/4586 4587/4587/4587
f  4588/4588/4588 4585/4585/4585 4587/4587/4587
f  4589/4589/4589 4590/4590/4590 4591/4591/4591
f  4592/4592/4592 4589/4589/4589 4591/4591/4591
f  4593/4593/4593 4594/4594/4594 4595/4595/4595
f  4596/4596/4596 4593/4593/4593 4595/4595/4595
f  4597/4597/4597 4598/4598/4598 4599/4599/4599
f  4600/4600/4600 4597/4597/4597 4599/4599/4599
f  4601/4601/4601 4602/4602/4602 4603/4603/4603
f  4604/4604/4604 4601/4601/4601 4603/4603/4603
f  4605/4605/4605 4606/4606/4606 4607/4607/4607
f  4608/4608/4608 4605/4605/4605 4607/4607/4607
f  4609/4609/4609 4610/4610/4610 4611/4611/4611
f  4612/4612/4612 4609/4609/4609 4611/4611/4611
f  4613/4613/4613 4614/4614/4614 4615/4615/4615
f  4616/4616/4616 4617/4617/4617 4618/4618/4618
f  4619/4619/4619 4616/4616/4616 4618/4618/4618
f  4620/4620/4620 4621/4621/4621 4622/4622/4622
f  4623/4623/4623 4620/4620/4620 4622/4622/4622
f  4624/4624/4624 4625/4625/4625 4626/4626/4626
f  4627/4627/4627 4624/4624/4624 4626/4626/4626
f  4628/4628/4628 4629/4629/4629 4630/4630/4630
f  4631/4631/4631 4628/4628/4628 4630/4630/4630
f  4632/4632/4632 4633/4633/4633 4634/4634/4634
f  4635/4635/4635 4632/4632/4632 4634/4634/4634
f  4636/4636/4636 4637/4637/4637 4638/4638/4638
f  4639/4639/4639 4636/4636/4636 4638/4638/4638
f  4640/4640/4640 4641/4641/4641 4642/4642/4642
f  4643/4643/4643 4640/4640/4640 4642/4642/4642
f  4644/4644/4644 4645/4645/4645 4646/4646/4646
f  4647/4647/4647 4644/4644/4644 4646/4646/4646
f  4648/4648/4648 4649/4649/4649 4650/4650/4650
f  4651/4651/4651 4648/4648/4648 4650/4650/4650
f  4652/4652/4652 4653/4653/4653 4654/4654/4654
f  4655/4655/4655 4656/4656/4656 4657/4657/4657
f  4658/4658/4658 4655/4655/4655 4657/4657/4657
f  4659/4659/4659 4660/4660/4660 4661/4661/4661
f  4662/4662/4662 4663/4663/4663 4664/4664/4664
f  4665/4665/4665 4662/4662/4662 4664/4664/4664
f  4666/4666/4666 4667/4667/4667 4668/4668/4668
f  4669/4669/4669 4666/4666/4666 4668/4668/4668
f  4670/4670/4670 4671/4671/4671 4672/4672/4672
f  4673/4673/4673 4670/4670/4670 4672/4672/4672
f  4674/4674/4674 4675/4675/4675 4676/4676/4676
f  4677/4677/4677 4674/4674/4674 4676/4676/4676
f  4678/4678/4678 4679/4679/4679 4680/4680/4680
f  4681/4681/4681 4678/4678/4678 4680/4680/4680
f  4682/4682/4682 4683/4683/4683 4684/4684/4684
f  4685/4685/4685 4682/4682/4682 4684/4684/4684
f  4686/4686/4686 4687/4687/4687 4688/4688/4688
f  4689/4689/4689 4686/4686/4686 4688/4688/4688
f  4690/4690/4690 4691/4691/4691 4692/4692/4692
f  4693/4693/4693 4690/4690/4690 4692/4692/4692
f  4694/4694/4694 4695/4695/4695 4696/4696/4696
f  4697/4697/4697 4698/4698/4698 4699/4699/4699
f  4700/4700/4700 4697/4697/4697 4699/4699/4699
f  4701/4701/4701 4702/4702/4702 4703/4703/4703
f  4704/4704/4704 4701/4701/4701 4703/4703/4703
f  4705/4705/4705 4706/4706/4706 4707/4707/4707
f  4708/4708/4708 4705/4705/4705 4707/4707/4707
f  4709/4709/4709 4710/4710/4710 4711/4711/4711
f  4712/4712/4712 4709/4709/4709 4711/4711/4711
f  4713/4713/4713 4714/4714/4714 4715/4715/4715
f  4716/4716/4716 4713/4713/4713 4715/4715/4715
f  4717/4717/4717 4718/4718/4718 4719/4719/4719
f  4720/4720/4720 4721/4721/4721 4722/4722/4722
f  4723/4723/4723 4720/4720/4720 4722/4722/4722
f  4724/4724/4724 4725/4725/4725 4726/4726/4726
f  4727/4727/4727 4724/4724/4724 4726/4726/4726
f  4728/4728/4728 4729/4729/4729 4730/4730/4730
f  4731/4731/4731 4728/4728/4728 4730/4730/4730
f  4732/4732/4732 4733/4733/4733 4734/4734/4734
f  4735/4735/4735 4732/4732/4732 4734/4734/4734
f  4736/4736/4736 4737/4737/4737 4738/4738/4738
f  4739/4739/4739 4736/4736/4736 4738/4738/4738
f  4740/4740/4740 4741/4741/4741 4742/4742/4742
f  4743/4743/4743 4740/4740/4740 4742/4742/4742
f  4744/4744/4744 4745/4745/4745 4746/4746/4746
f  4747/4747/4747 4744/4744/4744 4746/4746/4746
f  4748/4748/4748 4749/4749/4749 4750/4750/4750
f  4751/4751/4751 4748/4748/4748 4750/4750/4750
f  4752/4752/4752 4753/4753/4753 4754/4754/4754
f  4755/4755/4755 4752/4752/4752 4754/4754/4754
f  4756/4756/4756 4757/4757/4757 4758/4758/4758
f  4759/4759/4759 4756/4756/4756 4758/4758/4758
f  4760/4760/4760 4761/4761/4761 4762/4762/4762
f  4763/4763/4763 4764/4764/4764 4765/4765/4765
f  4766/4766/4766 4763/4763/4763 4765/4765/4765
f  4767/4767/4767 4768/4768/4768 4769/4769/4769
f  4770/4770/4770 4767/4767/4767 4769/4769/4769
f  4771/4771/4771 4772/4772/4772 4773/4773/4773
f  4774/4774/4774 4771/4771/4771 4773/4773/4773
f  4775/4775/4775 4776/4776/4776 4777/4777/4777
f  4778/4778/4778 4779/4779/4779 4780/4780/4780
f  4781/4781/4781 4778/4778/4778 4780/4780/4780
f  4782/4782/4782 4783/4783/4783 4784/4784/4784
f  4785/4785/4785 4782/4782/4782 4784/4784/4784
f  4786/4786/4786 4787/4787/4787 4788/4788/4788
f  4789/4789/4789 4786/4786/4786 4788/4788/4788
f  4790/4790/4790 4791/4791/4791 4792/4792/4792
f  4793/4793/4793 4790/4790/4790 4792/4792/4792
f  4794/4794/4794 4795/4795/4795 4796/4796/4796
f  4797/4797/4797 4794/4794/4794 4796/4796/4796
f  4798/4798/4798 4799/4799/4799 4800/4800/4800
f  4801/4801/4801 4798/4798/4798 4800/4800/4800
f  4802/4802/4802 4803/4803/4803 4804/4804/4804
f  4805/4805/4805 4802/4802/4802 4804/4804/4804
f  4806/4806/4806 4424/4424/4424 4423/4423/4423
f  4807/4807/4807 4806/4806/4806 4423/4423/4423
f  4808/4808/4808 4809/4809/4809 4810/4810/4810
f  4811/4811/4811 4808/4808/4808 4810/4810/4810
f  4812/4812/4812 4813/4813/4813 4814/4814/4814
f  4815/4815/4815 4812/4812/4812 4814/4814/4814
f  4816/4816/4816 4817/4817/4817 4818/4818/4818
f  4819/4819/4819 4816/4816/4816 4818/4818/4818
f  4820/4820/4820 4821/4821/4821 4822/4822/4822
f  4823/4823/4823 4820/4820/4820 4822/4822/4822
f  4824/4824/4824 4825/4825/4825 4826/4826/4826
f  4827/4827/4827 4824/4824/4824 4826/4826/4826
f  4828/4828/4828 4829/4829/4829 4830/4830/4830
f  4831/4831/4831 4828/4828/4828 4830/4830/4830
f  4832/4832/4832 4833/4833/4833 4834/4834/4834
f  4835/4835/4835 4832/4832/4832 4834/4834/4834
f  4836/4836/4836 4837/4837/4837 4838/4838/4838
f  4839/4839/4839 4836/4836/4836 4838/4838/4838
f  4840/4840/4840 4841/4841/4841 4842/4842/4842
f  4843/4843/4843 4840/4840/4840 4842/4842/4842
f  4844/4844/4844 4845/4845/4845 4846/4846/4846
f  4847/4847/4847 4844/4844/4844 4846/4846/4846
f  4848/4848/4848 4849/4849/4849 4850/4850/4850
f  4851/4851/4851 4848/4848/4848 4850/4850/4850
f  4852/4852/4852 4853/4853/4853 4854/4854/4854
f  4855/4855/4855 4852/4852/4852 4854/4854/4854
f  4856/4856/4856 4857/4857/4857 4858/4858/4858
f  4859/4859/4859 4860/4860/4860 4861/4861/4861
f  4862/4862/4862 4859/4859/4859 4861/4861/4861
f  4863/4863/4863 4864/4864/4864 4865/4865/4865
f  4866/4866/4866 4863/4863/4863 4865/4865/4865
f  4867/4867/4867 4868/4868/4868 4869/4869/4869
f  4870/4870/4870 4867/4867/4867 4869/4869/4869
f  4871/4871/4871 4872/4872/4872 4873/4873/4873
f  4874/4874/4874 4871/4871/4871 4873/4873/4873
f  4875/4875/4875 4876/4876/4876 4877/4877/4877
f  4878/4878/4878 4879/4879/4879 4880/4880/4880
f  4881/4881/4881 4878/4878/4878 4880/4880/4880
f  4882/4882/4882 4883/4883/4883 4884/4884/4884
f  4885/4885/4885 4882/4882/4882 4884/4884/4884
f  4886/4886/4886 4887/4887/4887 4888/4888/4888
f  4889/4889/4889 4886/4886/4886 4888/4888/4888
f  4890/4890/4890 4891/4891/4891 4892/4892/4892
f  4893/4893/4893 4890/4890/4890 4892/4892/4892
f  4894/4894/4894 4895/4895/4895 4896/4896/4896
f  4897/4897/4897 4894/4894/4894 4896/4896/4896
f  4898/4898/4898 4899/4899/4899 4900/4900/4900
f  4901/4901/4901 4898/4898/4898 4900/4900/4900
f  4902/4902/4902 4903/4903/4903 4904/4904/4904
f  4905/4905/4905 4902/4902/4902 4904/4904/4904
f  4906/4906/4906 4907/4907/4907 4908/4908/4908
f  4909/4909/4909 4906/4906/4906 4908/4908/4908
f  4910/4910/4910 4911/4911/4911 4912/4912/4912
f  4913/4913/4913 4910/4910/4910 4912/4912/4912
f  4914/4914/4914 4915/4915/4915 4916/4916/4916
f  4917/4917/4917 4914/4914/4914 4916/4916/4916
f  4918/4918/4918 4919/4919/4919 4920/4920/4920
f  4921/4921/4921 4918/4918/4918 4920/4920/4920
f  4922/4922/4922 4923/4923/4923 4924/4924/4924
f  4925/4925/4925 4922/4922/4922 4924/4924/4924
f  4926/4926/4926 4927/4927/4927 4928/4928/4928
f  4929/4929/4929 4926/4926/4926 4928/4928/4928
f  4930/4930/4930 4931/4931/4931 4932/4932/4932
f  4933/4933/4933 4930/4930/4930 4932/4932/4932
f  4934/4934/4934 4935/4935/4935 4936/4936/4936
f  4937/4937/4937 4934/4934/4934 4936/4936/4936
f  4938/4938/4938 4939/4939/4939 4940/4940/4940
f  4941/4941/4941 4938/4938/4938 4940/4940/4940
f  4942/4942/4942 4943/4943/4943 4944/4944/4944
f  4945/4945/4945 4942/4942/4942 4944/4944/4944
f  4946/4946/4946 4947/4947/4947 4948/4948/4948
f  4949/4949/4949 4946/4946/4946 4948/4948/4948
f  4950/4950/4950 4951/4951/4951 4952/4952/4952
f  4953/4953/4953 4950/4950/4950 4952/4952/4952
f  4954/4954/4954 4955/4955/4955 4956/4956/4956
f  4957/4957/4957 4954/4954/4954 4956/4956/4956
f  4958/4958/4958 4959/4959/4959 4960/4960/4960
f  4961/4961/4961 4958/4958/4958 4960/4960/4960
f  4962/4962/4962 4963/4963/4963 4964/4964/4964
f  4965/4965/4965 4962/4962/4962 4964/4964/4964
f  4966/4966/4966 4967/4967/4967 4968/4968/4968
f  4969/4969/4969 4966/4966/4966 4968/4968/4968
f  4970/4970/4970 4971/4971/4971 4972/4972/4972
f  4973/4973/4973 4970/4970/4970 4972/4972/4972
f  4974/4974/4974 4975/4975/4975 4976/4976/4976
f  4977/4977/4977 4974/4974/4974 4976/4976/4976
f  4978/4978/4978 4979/4979/4979 4980/4980/4980
f  4981/4981/4981 4978/4978/4978 4980/4980/4980
f  4982/4982/4982 4983/4983/4983 4984/4984/4984
f  4985/4985/4985 4982/4982/4982 4984/4984/4984
f  4986/4986/4986 4987/4987/4987 4988/4988/4988
f  4989/4989/4989 4986/4986/4986 4988/4988/4988
f  4990/4990/4990 4991/4991/4991 4992/4992/4992
f  4993/4993/4993 4990/4990/4990 4992/4992/4992
f  4994/4994/4994 4995/4995/4995 4996/4996/4996
f  4997/4997/4997 4998/4998/4998 4999/4999/4999
f  5000/5000/5000 4997/4997/4997 4999/4999/4999
f  5001/5001/5001 5002/5002/5002 5003/5003/5003
f  5004/5004/5004 5001/5001/5001 5003/5003/5003
f  5005/5005/5005 5006/5006/5006 5007/5007/5007
f  5008/5008/5008 5005/5005/5005 5007/5007/5007
f  5009/5009/5009 5010/5010/5010 5011/5011/5011
f  5012/5012/5012 5009/5009/5009 5011/5011/5011
f  5013/5013/5013 5014/5014/5014 5015/5015/5015
f  5016/5016/5016 5013/5013/5013 5015/5015/5015
f  5017/5017/5017 5018/5018/5018 5019/5019/5019
f  5020/5020/5020 5017/5017/5017 5019/5019/5019
f  5021/5021/5021 5022/5022/5022 5023/5023/5023
f  5024/5024/5024 5021/5021/5021 5023/5023/5023
f  5025/5025/5025 5026/5026/5026 5027/5027/5027
f  5028/5028/5028 5025/5025/5025 5027/5027/5027
f  5029/5029/5029 5030/5030/5030 5031/5031/5031
f  5032/5032/5032 5029/5029/5029 5031/5031/5031
f  5033/5033/5033 5034/5034/5034 5035/5035/5035
f  5036/5036/5036 5037/5037/5037 5038/5038/5038
f  5039/5039/5039 5036/5036/5036 5038/5038/5038
f  5040/5040/5040 5041/5041/5041 5042/5042/5042
f  5043/5043/5043 5044/5044/5044 5045/5045/5045
f  5046/5046/5046 5043/5043/5043 5045/5045/5045
f  5047/5047/5047 5048/5048/5048 5049/5049/5049
f  5050/5050/5050 5047/5047/5047 5049/5049/5049
f  5051/5051/5051 5052/5052/5052 5053/5053/5053
f  5054/5054/5054 5051/5051/5051 5053/5053/5053
f  5055/5055/5055 5056/5056/5056 5057/5057/5057
f  5058/5058/5058 5055/5055/5055 5057/5057/5057
f  5059/5059/5059 5060/5060/5060 5061/5061/5061
f  5062/5062/5062 5059/5059/5059 5061/5061/5061
f  5063/5063/5063 5064/5064/5064 5065/5065/5065
f  5066/5066/5066 5063/5063/5063 5065/5065/5065
f  5067/5067/5067 5068/5068/5068 5069/5069/5069
f  5070/5070/5070 5067/5067/5067 5069/5069/5069
f  5071/5071/5071 5072/5072/5072 5073/5073/5073
f  5074/5074/5074 5071/5071/5071 5073/5073/5073
f  5075/5075/5075 5076/5076/5076 5077/5077/5077
f  5078/5078/5078 5079/5079/5079 5080/5080/5080
f  5081/5081/5081 5078/5078/5078 5080/5080/5080
f  5082/5082/5082 5083/5083/5083 5084/5084/5084
f  5085/5085/5085 5082/5082/5082 5084/5084/5084
f  5086/5086/5086 5087/5087/5087 5088/5088/5088
f  5089/5089/5089 5086/5086/5086 5088/5088/5088
f  5090/5090/5090 5091/5091/5091 5092/5092/5092
f  5093/5093/5093 5090/5090/5090 5092/5092/5092
f  5094/5094/5094 5095/5095/5095 5096/5096/5096
f  5097/5097/5097 5094/5094/5094 5096/5096/5096
f  5098/5098/5098 5099/5099/5099 5100/5100/5100
f  5101/5101/5101 5102/5102/5102 5103/5103/5103
f  5104/5104/5104 5101/5101/5101 5103/5103/5103
f  5105/5105/5105 5106/5106/5106 5107/5107/5107
f  5108/5108/5108 5105/5105/5105 5107/5107/5107
f  5109/5109/5109 5110/5110/5110 5111/5111/5111
f  5112/5112/5112 5109/5109/5109 5111/5111/5111
f  5113/5113/5113 5114/5114/5114 5115/5115/5115
f  5116/5116/5116 5113/5113/5113 5115/5115/5115
f  5117/5117/5117 5118/5118/5118 5119/5119/5119
f  5120/5120/5120 5117/5117/5117 5119/5119/5119
f  5121/5121/5121 5122/5122/5122 5123/5123/5123
f  5124/5124/5124 5121/5121/5121 5123/5123/5123
f  5125/5125/5125 5126/5126/5126 5127/5127/5127
f  5128/5128/5128 5125/5125/5125 5127/5127/5127
f  5129/5129/5129 5130/5130/5130 5131/5131/5131
f  5132/5132/5132 5129/5129/5129 5131/5131/5131
f  5133/5133/5133 5134/5134/5134 5135/5135/5135
f  5136/5136/5136 5133/5133/5133 5135/5135/5135
f  5137/5137/5137 5138/5138/5138 5139/5139/5139
f  5140/5140/5140 5137/5137/5137 5139/5139/5139
f  5141/5141/5141 5142/5142/5142 5143/5143/5143
f  5144/5144/5144 5145/5145/5145 5146/5146/5146
f  5147/5147/5147 5144/5144/5144 5146/5146/5146
f  5148/5148/5148 5149/5149/5149 5150/5150/5150
f  5151/5151/5151 5148/5148/5148 5150/5150/5150
f  5152/5152/5152 5153/5153/5153 5154/5154/5154
f  5155/5155/5155 5152/5152/5152 5154/5154/5154
f  5156/5156/5156 5157/5157/5157 5158/5158/5158
f  5159/5159/5159 5160/5160/5160 5161/5161/5161
f  5162/5162/5162 5159/5159/5159 5161/5161/5161
f  5163/5163/5163 5164/5164/5164 5165/5165/5165
f  5166/5166/5166 5163/5163/5163 5165/5165/5165
f  5167/5167/5167 5168/5168/5168 5169/5169/5169
f  5170/5170/5170 5167/5167/5167 5169/5169/5169
f  5171/5171/5171 5172/5172/5172 5173/5173/5173
f  5174/5174/5174 5171/5171/5171 5173/5173/5173
f  5175/5175/5175 5176/5176/5176 5177/5177/5177
f  5178/5178/5178 5175/5175/5175 5177/5177/5177
f  5179/5179/5179 5180/5180/5180 5181/5181/5181
f  5182/5182/5182 5179/5179/5179 5181/5181/5181

g
