# Noesis .obj export.
#
mtllib unused.mtl
g
v  -19.367838 15.741223 -11.520743
v  -19.266033 16.205029 -3.594466
v  -19.192642 19.789818 -11.122458
v  -13.399466 26.583157 -12.919728
v  -14.219913 19.210674 -13.135390
v  -19.192642 19.789818 -11.122458
v  -19.037201 27.734520 -10.724165
v  -14.560802 28.369291 0.626446
v  -14.212867 20.811205 0.422572
v  -8.437276 27.692451 -2.353445
v  -9.231072 20.659891 -2.512690
v  -9.548085 20.175451 -8.743897
v  -7.597153 27.573500 -7.590918
v  -8.437276 27.692451 -2.353445
v  -9.548085 20.175451 -8.743897
v  -14.219913 19.210674 -13.135390
v  -13.399466 26.583157 -12.919728
v  -7.597153 27.573500 -7.590918
v  -19.037201 27.734520 -10.724165
v  -19.548565 29.789408 -3.105104
v  -18.474110 37.641800 -2.283332
v  -18.245918 35.494736 -10.499405
v  -19.548565 29.789408 -3.105104
v  -14.560802 28.369291 0.626446
v  -14.314579 37.196743 1.822535
v  -18.474110 37.641800 -2.283332
v  -13.399466 26.583157 -12.919728
v  -19.037201 27.734520 -10.724165
v  -18.245918 35.494736 -10.499405
v  -11.778983 35.485241 -12.124411
v  -14.560802 28.369291 0.626446
v  -8.437276 27.692451 -2.353445
v  -7.730386 35.355007 -0.742348
v  -14.314579 37.196743 1.822535
v  -8.437276 27.692451 -2.353445
v  -7.597153 27.573500 -7.590918
v  -6.818099 36.107658 -7.899398
v  -7.730386 35.355007 -0.742348
v  -7.597153 27.573500 -7.590918
v  -13.399466 26.583157 -12.919728
v  -11.778983 35.485241 -12.124411
v  -6.818099 36.107658 -7.899398
v  -18.245918 35.494736 -10.499405
v  -18.474110 37.641800 -2.283332
v  -17.759115 44.870407 -0.655553
v  -18.474110 37.641800 -2.283332
v  -14.314579 37.196743 1.822535
v  -12.985983 44.104301 3.595761
v  -11.778983 35.485241 -12.124411
v  -18.245918 35.494736 -10.499405
v  -18.507889 44.540462 -7.957328
v  -14.314579 37.196743 1.822535
v  -7.730386 35.355007 -0.742348
v  -6.808479 43.306187 0.974887
v  -7.730386 35.355007 -0.742348
v  -6.818099 36.107658 -7.899398
v  -5.625754 43.657360 -6.288443
v  -6.818099 36.107658 -7.899398
v  -11.778983 35.485241 -12.124411
v  -12.092336 44.530422 -10.309022
v  -17.640059 64.463409 -6.201100
v  -17.604797 53.320976 -6.830314
v  -17.552610 64.276718 1.492008
v  -17.552610 64.276718 1.492008
v  -17.769730 52.466438 0.835370
v  -11.797421 63.997227 6.733190
v  -9.802724 63.821980 -8.664689
v  -10.576604 53.255672 -8.731191
v  -17.640059 64.463409 -6.201100
v  -11.797421 63.997227 6.733190
v  -12.206038 52.074173 6.134619
v  -4.273112 63.054119 3.972988
v  -4.273112 63.054119 3.972988
v  -5.868102 51.702496 3.305649
v  -4.147266 63.189072 -4.326346
v  -17.640059 64.463409 -6.201100
v  -17.552610 64.276718 1.492008
v  -16.455540 77.913742 2.420820
v  -17.552610 64.276718 1.492008
v  -11.797421 63.997227 6.733190
v  -10.122814 76.675873 8.593588
v  -9.802724 63.821980 -8.664689
v  -17.640059 64.463409 -6.201100
v  -15.700779 79.706047 -7.653432
v  -11.797421 63.997227 6.733190
v  -4.273112 63.054119 3.972988
v  -2.261944 73.413544 5.762045
v  -4.273112 63.054119 3.972988
v  -4.147266 63.189072 -4.326346
v  -2.907103 73.583450 -5.348845
v  -27.746410 130.497269 -8.866409
v  -22.669369 130.090683 -8.941358
v  -26.915762 130.347641 -2.368145
v  -26.550095 133.978043 -12.764336
v  -21.578638 133.415817 -13.047871
v  -27.746410 130.497269 -8.866409
v  -28.804773 139.207001 -11.474314
v  -22.487743 139.826950 -11.322091
v  -26.550095 133.978043 -12.764336
v  -29.672642 141.957733 -7.533025
v  -22.790453 141.898544 -6.239600
v  -28.804773 139.207001 -11.474314
v  -28.397991 140.819107 -3.225886
v  -22.733303 139.277832 -1.568703
v  -29.672642 141.957733 -7.533025
v  -26.915762 130.347641 -2.368145
v  -22.379126 129.551437 -2.413296
v  -27.208178 137.096970 -0.080829
v  -27.746410 130.497269 -8.866409
v  -26.915762 130.347641 -2.368145
v  -36.682999 131.296555 -1.971448
v  -26.550095 133.978043 -12.764336
v  -27.746410 130.497269 -8.866409
v  -36.972462 130.807037 -8.211954
v  -32.893242 132.939545 -14.133240
v  -28.804773 139.207001 -11.474314
v  -26.550095 133.978043 -12.764336
v  -32.893242 132.939545 -14.133240
v  -29.672642 141.957733 -7.533025
v  -28.804773 139.207001 -11.474314
v  -34.183926 140.677185 -12.121675
v  -28.397991 140.819107 -3.225886
v  -29.672642 141.957733 -7.533025
v  -35.509056 142.676270 -8.713362
v  -26.915762 130.347641 -2.368145
v  -27.208178 137.096970 -0.080829
v  -36.510578 137.388382 -0.359716
v  -36.682999 131.296555 -1.971448
v  -32.893242 132.939545 -14.133240
v  -36.972462 130.807037 -8.211954
v  -36.375294 135.618942 -11.526840
v  -36.682999 131.296555 -1.971448
v  -36.510578 137.388382 -0.359716
v  -38.391270 137.310623 -2.900511
v  -51.831352 132.861877 -7.005823
v  -45.419544 132.804916 -8.152542
v  -51.421341 133.329239 -3.536177
v  -51.796368 135.445557 -10.351288
v  -44.737228 136.046280 -11.186960
v  -51.831352 132.861877 -7.005823
v  -52.334858 139.048920 -10.091339
v  -44.862301 139.342926 -10.836931
v  -51.796368 135.445557 -10.351288
v  -52.650978 140.908554 -6.857416
v  -45.655983 140.427887 -8.012368
v  -52.334858 139.048920 -10.091339
v  -52.177776 140.812561 -3.769240
v  -45.116531 140.448563 -4.461732
v  -52.650978 140.908554 -6.857416
v  -51.010605 136.676895 -1.875020
v  -44.873058 137.208298 -2.746408
v  -52.177776 140.812561 -3.769240
v  -51.421341 133.329239 -3.536177
v  -44.172924 133.341965 -3.431863
v  -51.010605 136.676895 -1.875020
v  -51.831352 132.861877 -7.005823
v  -51.421341 133.329239 -3.536177
v  -61.070320 135.057953 -1.191070
v  -51.796368 135.445557 -10.351288
v  -51.831352 132.861877 -7.005823
v  -61.346100 134.645798 -3.732073
v  -52.334858 139.048920 -10.091339
v  -51.796368 135.445557 -10.351288
v  -62.345943 135.549911 -6.756734
v  -52.650978 140.908554 -6.857416
v  -52.334858 139.048920 -10.091339
v  -62.670105 138.318939 -7.299177
v  -52.177776 140.812561 -3.769240
v  -52.650978 140.908554 -6.857416
v  -62.106594 139.794189 -4.849251
v  -51.010605 136.676895 -1.875020
v  -52.177776 140.812561 -3.769240
v  -61.787598 140.190292 -1.287905
v  -51.421341 133.329239 -3.536177
v  -51.010605 136.676895 -1.875020
v  -60.632153 137.140015 0.237750
v  0.000064 131.663010 -14.515271
v  -4.885612 132.651199 -14.472994
v  0.000076 140.310059 -11.312045
v  -3.917527 149.638367 7.994637
v  -2.006661 147.428787 8.734254
v  -3.198260 150.308823 8.719050
v  -1.611352 149.053619 9.918139
v  0.000088 148.773285 10.389598
v  0.000090 150.014923 9.492727
v  -3.198260 150.308823 8.719050
v  0.000090 150.014923 9.492727
v  0.000091 150.783295 10.693264
v  -1.622398 150.786301 10.250837
v  -3.198260 150.308823 8.719050
v  -3.198260 150.308823 8.719050
v  -1.622398 150.786301 10.250837
v  -2.711693 152.513260 9.280120
v  -4.394460 151.508240 7.999862
v  -1.622398 150.786301 10.250837
v  0.000091 150.783295 10.693264
v  0.000093 152.391769 9.695751
v  -2.711693 152.513260 9.280120
v  0.000093 152.391769 9.695751
v  0.000095 153.807068 11.238982
v  -1.740316 154.024399 10.909183
v  -2.711693 152.513260 9.280120
v  -1.740316 154.024399 10.909183
v  0.000095 153.807068 11.238982
v  0.000100 157.335815 8.573434
v  -0.681010 157.296738 7.704276
v  -0.681010 157.296738 7.704276
v  0.000100 157.335815 8.573434
v  0.000102 158.562103 8.768057
v  -1.683662 158.892929 8.786894
v  -1.683662 158.892929 8.786894
v  0.000102 158.562103 8.768057
v  0.000106 161.920441 8.821221
v  -2.242545 161.889633 8.260832
v  -1.740316 154.024399 10.909183
v  -2.386861 154.198792 9.009664
v  -2.711693 152.513260 9.280120
v  -2.842958 156.849518 6.757616
v  -0.681010 157.296738 7.704276
v  -1.683662 158.892929 8.786894
v  -3.578757 158.513062 8.297057
v  -2.842958 156.849518 6.757616
v  -3.578757 158.513062 8.297057
v  -4.615849 158.161530 6.447189
v  -5.172904 157.255493 5.377632
v  -1.740316 154.024399 10.909183
v  -0.681010 157.296738 7.704276
v  -2.386861 154.198792 9.009664
v  -2.386861 154.198792 9.009664
v  -0.681010 157.296738 7.704276
v  -2.842958 156.849518 6.757616
v  -2.386861 154.198792 9.009664
v  -2.842958 156.849518 6.757616
v  -5.172904 157.255493 5.377632
v  -4.132826 154.748978 6.790824
v  -2.711693 152.513260 9.280120
v  -2.386861 154.198792 9.009664
v  -4.132826 154.748978 6.790824
v  -4.394460 151.508240 7.999862
v  -3.917527 149.638367 7.994637
v  -4.984280 149.751480 5.216210
v  -2.319041 146.108414 8.484870
v  -4.394460 151.508240 7.999862
v  -3.917527 149.638367 7.994637
v  -3.198260 150.308823 8.719050
v  -4.394460 151.508240 7.999862
v  -4.132826 154.748978 6.790824
v  -6.152141 154.758606 2.379112
v  -3.917527 149.638367 7.994637
v  -4.394460 151.508240 7.999862
v  -4.984280 149.751480 5.216210
v  -3.578757 158.513062 8.297057
v  -1.683662 158.892929 8.786894
v  -2.242545 161.889633 8.260832
v  -4.365910 161.443008 7.717865
v  -4.615849 158.161530 6.447189
v  -3.578757 158.513062 8.297057
v  -4.365910 161.443008 7.717865
v  -5.707229 159.500885 5.795922
v  -5.172904 157.255493 5.377632
v  -4.615849 158.161530 6.447189
v  -5.707229 159.500885 5.795922
v  -6.436960 156.960052 2.774336
v  -4.132826 154.748978 6.790824
v  -5.172904 157.255493 5.377632
v  -6.436960 156.960052 2.774336
v  -6.152141 154.758606 2.379112
v  -2.242545 161.889633 8.260832
v  0.000106 161.920441 8.821221
v  0.000111 165.403259 5.935084
v  -2.842592 165.137314 5.534833
v  -4.365910 161.443008 7.717865
v  -2.242545 161.889633 8.260832
v  -2.842592 165.137314 5.534833
v  -5.115986 164.721191 3.820694
v  -5.707229 159.500885 5.795922
v  -4.365910 161.443008 7.717865
v  -5.115986 164.721191 3.820694
v  -6.609237 161.212708 1.371827
v  -6.436960 156.960052 2.774336
v  -5.707229 159.500885 5.795922
v  -6.609237 161.212708 1.371827
v  -6.914680 157.716736 -0.200609
v  -6.152141 154.758606 2.379112
v  -6.436960 156.960052 2.774336
v  -6.914680 157.716736 -0.200609
v  -7.081210 155.321838 0.568870
v  -6.152141 154.758606 2.379112
v  -7.081210 155.321838 0.568870
v  -6.572169 152.867645 -0.069918
v  -2.842592 165.137314 5.534833
v  0.000111 165.403259 5.935084
v  0.000115 167.933273 -1.955491
v  -2.842588 167.884949 -1.986991
v  -5.115986 164.721191 3.820694
v  -2.842592 165.137314 5.534833
v  -2.842588 167.884949 -1.986991
v  -5.179543 166.377121 -2.230384
v  -6.609237 161.212708 1.371827
v  -5.115986 164.721191 3.820694
v  -5.179543 166.377121 -2.230384
v  -7.360340 161.550766 -2.873719
v  -6.914680 157.716736 -0.200609
v  -6.609237 161.212708 1.371827
v  -7.360340 161.550766 -2.873719
v  -7.400553 157.790421 -3.037153
v  -2.842588 167.884949 -1.986991
v  0.000115 167.933273 -1.955491
v  0.000113 166.862778 -7.858981
v  -2.842590 166.574509 -7.625594
v  -5.179543 166.377121 -2.230384
v  -2.842588 167.884949 -1.986991
v  -2.842590 166.574509 -7.625594
v  -5.816571 162.453674 -6.523306
v  -7.360340 161.550766 -2.873719
v  -5.179543 166.377121 -2.230384
v  -5.816571 162.453674 -6.523306
v  -6.808133 159.632538 -4.766035
v  -7.400553 157.790421 -3.037153
v  -7.360340 161.550766 -2.873719
v  -6.808133 159.632538 -4.766035
v  -7.400553 157.790421 -3.037153
v  -6.808133 159.632538 -4.766035
v  -6.433325 156.443665 -5.868370
v  -7.224911 155.613083 -3.930995
v  -7.224911 155.613083 -3.930995
v  -6.433325 156.443665 -5.868370
v  -4.390320 152.377884 -8.335037
v  -7.081210 155.321838 0.568870
v  -6.914680 157.716736 -0.200609
v  -8.026931 157.951050 -2.560591
v  -8.371398 155.493027 -3.818799
v  -8.371398 155.493027 -3.818799
v  -8.026931 157.951050 -2.560591
v  -7.400553 157.790421 -3.037153
v  -7.224911 155.613083 -3.930995
v  -7.400553 157.790421 -3.037153
v  -8.026931 157.951050 -2.560591
v  -6.914680 157.716736 -0.200609
v  -2.842590 166.574509 -7.625594
v  0.000113 166.862778 -7.858981
v  0.000103 159.252441 -9.929391
v  -3.359633 159.220810 -9.152286
v  -5.816571 162.453674 -6.523306
v  -2.842590 166.574509 -7.625594
v  -3.359633 159.220810 -9.152286
v  -5.816576 159.243301 -7.435684
v  -3.359633 159.220810 -9.152286
v  0.000103 159.252441 -9.929391
v  0.000094 152.874924 -9.953916
v  -3.359633 159.220810 -9.152286
v  -4.390320 152.377884 -8.335037
v  -5.816576 159.243301 -7.435684
v  -5.816576 159.243301 -7.435684
v  -6.433325 156.443665 -5.868370
v  -6.808133 159.632538 -4.766035
v  -5.816571 162.453674 -6.523306
v  -19.367838 15.741223 -11.520743
v  -14.366576 15.497561 -13.351047
v  -14.174452 8.402909 -14.103842
v  -10.137526 16.681366 -9.896873
v  -8.950069 17.127867 -2.671931
v  -8.772057 11.666861 -4.386624
v  -14.366576 15.497561 -13.351047
v  -10.137526 16.681366 -9.896873
v  -9.444432 11.115268 -8.495090
v  -19.489634 3.429738 -9.324571
v  -20.074129 6.682625 -8.032094
v  -14.469965 3.028363 -13.150849
v  -9.954762 3.397397 -9.556680
v  -10.258424 6.935235 -10.150949
v  -10.251678 3.157121 -3.607814
v  -14.469965 3.028363 -13.150849
v  -14.307434 6.285140 -13.670738
v  -9.954762 3.397397 -9.556680
v  -19.489634 3.429738 -9.324571
v  -14.469965 3.028363 -13.150849
v  -14.082560 -0.208398 -13.131885
v  -17.957993 -0.125959 -10.223136
v  -9.954762 3.397397 -9.556680
v  -10.251678 3.157121 -3.607814
v  -12.119571 -0.110914 -1.718555
v  -10.522984 -0.226313 -9.349457
v  -14.469965 3.028363 -13.150849
v  -9.954762 3.397397 -9.556680
v  -10.522984 -0.226313 -9.349457
v  -14.082560 -0.208398 -13.131885
v  -10.522984 -0.226313 -9.349457
v  -12.119571 -0.110914 -1.718555
v  -18.880919 -0.246558 -2.692464
v  -17.957993 -0.125959 -10.223136
v  -14.082560 -0.208398 -13.131885
v  -10.522984 -0.226313 -9.349457
v  -17.957993 -0.125959 -10.223136
v  -1.611352 149.053619 9.918139
v  -2.006661 147.428787 8.734254
v  0.000086 147.406937 9.296117
v  0.000088 148.773285 10.389598
v  -3.197099 169.694565 2.994395
v  0.000117 169.608093 3.379444
v  0.000118 170.277145 -1.811228
v  -4.090289 169.570602 -2.874770
v  -7.290713 167.554291 2.253621
v  -3.197099 169.694565 2.994395
v  -4.090289 169.570602 -2.874770
v  -8.129300 167.181763 -1.990599
v  -8.284096 160.841873 1.885697
v  -7.290713 167.554291 2.253621
v  -8.129300 167.181763 -1.990599
v  -8.433563 161.215927 -2.811681
v  -7.464502 158.003067 -0.339920
v  -8.284096 160.841873 1.885697
v  -8.433563 161.215927 -2.811681
v  -8.206701 157.937363 -3.062674
v  -4.090289 169.570602 -2.874770
v  0.000118 170.277145 -1.811228
v  0.000114 167.750092 -9.559819
v  -4.464541 166.764053 -9.326659
v  -8.129300 167.181763 -1.990599
v  -4.090289 169.570602 -2.874770
v  -4.464541 166.764053 -9.326659
v  -7.292787 162.904465 -7.772410
v  -8.433563 161.215927 -2.811681
v  -8.129300 167.181763 -1.990599
v  -7.292787 162.904465 -7.772410
v  -8.537489 159.783066 -5.828122
v  -8.206701 157.937363 -3.062674
v  -8.433563 161.215927 -2.811681
v  -8.537489 159.783066 -5.828122
v  -8.206701 157.937363 -3.062674
v  -8.537489 159.783066 -5.828122
v  -6.785955 155.616806 -7.047773
v  -7.304759 155.335861 -4.555560
v  -7.304759 155.335861 -4.555560
v  -6.785955 155.616806 -7.047773
v  -5.463573 152.119308 -8.455638
v  -4.464541 166.764053 -9.326659
v  0.000114 167.750092 -9.559819
v  0.000103 159.358032 -11.953830
v  -3.237284 159.327530 -11.205022
v  -7.292787 162.904465 -7.772410
v  -4.464541 166.764053 -9.326659
v  -3.237284 159.327530 -11.205022
v  -7.292792 159.352448 -8.525298
v  -3.237284 159.327530 -11.205022
v  0.000103 159.358032 -11.953830
v  0.000092 151.432617 -10.323348
v  -3.237284 159.327530 -11.205022
v  -5.463573 152.119308 -8.455638
v  -7.292792 159.352448 -8.525298
v  -7.292792 159.352448 -8.525298
v  -6.785955 155.616806 -7.047773
v  -8.537489 159.783066 -5.828122
v  -7.292787 162.904465 -7.772410
v  -3.197099 169.694565 2.994395
v  -7.290713 167.554291 2.253621
v  -5.922034 165.695358 5.285268
v  -3.606761 166.426804 7.119438
v  -7.290713 167.554291 2.253621
v  -6.282897 162.460037 4.295502
v  -5.922034 165.695358 5.285268
v  -8.284096 160.841873 1.885697
v  -7.464502 158.003067 -0.339920
v  -7.074957 157.392609 2.874096
v  -6.592339 159.698502 4.716505
v  -8.284096 160.841873 1.885697
v  -6.592339 159.698502 4.716505
v  -6.282897 162.460037 4.295502
v  -7.290713 167.554291 2.253621
v  -7.074957 157.392609 2.874096
v  -7.464502 158.003067 -0.339920
v  -7.170680 155.605667 0.541512
v  -7.170679 155.901779 2.611305
v  -3.606761 166.426804 7.119438
v  -5.922034 165.695358 5.285268
v  -4.179353 161.403397 5.919215
v  -2.826293 163.330582 5.724489
v  -6.282897 162.460037 4.295502
v  -6.592339 159.698502 4.716505
v  -5.902575 159.315735 4.716504
v  -5.286975 161.547638 4.295501
v  -6.592339 159.698502 4.716505
v  -7.074957 157.392609 2.874096
v  -6.184088 157.009827 2.874095
v  -5.902575 159.315735 4.716504
v  -5.922034 165.695358 5.285268
v  -6.282897 162.460037 4.295502
v  -5.286975 161.547638 4.295501
v  -4.179353 161.403397 5.919215
v  -7.074957 157.392609 2.874096
v  -7.170679 155.901779 2.611305
v  -6.289144 155.710388 2.611305
v  -6.184088 157.009827 2.874095
v  -7.464502 158.003067 -0.339920
v  -8.206701 157.937363 -3.062674
v  -6.956751 158.178207 -3.062674
v  -6.918945 158.243896 -0.339920
v  -8.206701 157.937363 -3.062674
v  -7.304759 155.335861 -4.555560
v  -6.553252 155.335861 -4.555560
v  -6.956751 158.178207 -3.062674
v  -7.304759 155.335861 -4.555560
v  -5.322242 151.276840 -6.129337
v  -4.800976 151.220947 -4.636192
v  -6.553252 155.335861 -4.555560
v  -7.170680 155.605667 0.541512
v  -7.464502 158.003067 -0.339920
v  -6.918945 158.243896 -0.339920
v  -6.419172 155.605667 0.541512
v  -7.170679 155.901779 2.611305
v  -7.170680 155.605667 0.541512
v  -6.419172 155.605667 0.541512
v  -6.289144 155.710388 2.611305
v  -4.394460 151.508240 7.999862
v  -5.572587 150.880005 3.651218
v  -4.984280 149.751480 5.216210
v  -19.192642 19.789818 -11.122458
v  -18.645546 20.268978 -3.349789
v  -19.037201 27.734520 -10.724165
v  -14.560802 28.369291 0.626446
v  -19.548565 29.789408 -3.105104
v  -18.645546 20.268978 -3.349789
v  -14.219913 19.210674 -13.135390
v  -14.366576 15.497561 -13.351047
v  -19.367838 15.741223 -11.520743
v  -19.192642 19.789818 -11.122458
v  -9.231072 20.659891 -2.512690
v  -8.950069 17.127867 -2.671931
v  -9.548085 20.175451 -8.743897
v  -10.137526 16.681366 -9.896873
v  -14.366576 15.497561 -13.351047
v  -14.219913 19.210674 -13.135390
v  -9.548085 20.175451 -8.743897
v  -1.710518 168.895493 7.760635
v  0.000116 168.899582 8.203234
v  0.000122 172.980820 4.480649
v  -1.923920 172.777924 4.165869
v  -1.923920 172.777924 4.165869
v  0.000122 172.980820 4.480649
v  0.000124 174.394333 -3.046073
v  -2.206118 174.355118 -3.133631
v  -2.206118 174.355118 -3.133631
v  0.000124 174.394333 -3.046073
v  0.000119 171.430237 -10.893000
v  -2.458396 171.198685 -10.816359
v  -2.458396 171.198685 -10.816359
v  0.000119 171.430237 -10.893000
v  0.000113 166.658340 -13.095407
v  -2.563226 166.643661 -12.629178
v  0.000113 166.658340 -13.095407
v  0.000106 162.019821 -13.659725
v  -2.525552 162.249313 -13.187103
v  -2.563226 166.643661 -12.629178
v  0.000106 162.019821 -13.659725
v  0.000102 158.907745 -13.235989
v  -2.352198 159.071899 -12.767738
v  -2.525552 162.249313 -13.187103
v  -1.710518 168.895493 7.760635
v  -1.923920 172.777924 4.165869
v  -2.285844 172.357986 3.672976
v  -2.089535 169.120804 6.891164
v  -1.923920 172.777924 4.165869
v  -2.206118 174.355118 -3.133631
v  -2.545438 173.822983 -3.042142
v  -2.285844 172.357986 3.672976
v  -2.206118 174.355118 -3.133631
v  -2.458396 171.198685 -10.816359
v  -2.777509 170.652405 -10.313845
v  -2.545438 173.822983 -3.042142
v  -2.458396 171.198685 -10.816359
v  -2.563226 166.643661 -12.629178
v  -2.873942 166.540604 -11.924290
v  -2.777509 170.652405 -10.313845
v  -2.563226 166.643661 -12.629178
v  -2.525552 162.249313 -13.187103
v  -2.839286 162.434631 -12.475285
v  -2.873942 166.540604 -11.924290
v  -1.710522 166.038773 8.899823
v  -1.710518 168.895493 7.760635
v  -2.089535 169.120804 6.891164
v  -2.089540 165.897964 8.228175
v  -2.525552 162.249313 -13.187103
v  -2.352198 159.071899 -12.767738
v  -2.679818 159.494003 -12.123950
v  -2.839286 162.434631 -12.475285
v  -2.089535 169.120804 6.891164
v  -2.285844 172.357986 3.672976
v  -5.364694 171.236771 1.984323
v  -5.178122 168.415497 5.602628
v  -2.285844 172.357986 3.672976
v  -2.545438 173.822983 -3.042142
v  -5.566707 172.264481 -3.276435
v  -5.364694 171.236771 1.984323
v  -2.545438 173.822983 -3.042142
v  -2.777509 170.652405 -10.313845
v  -5.756898 169.669724 -9.035425
v  -5.566707 172.264481 -3.276435
v  -2.777509 170.652405 -10.313845
v  -2.873942 166.540604 -11.924290
v  -5.855788 166.433121 -10.756952
v  -5.756898 169.669724 -9.035425
v  -2.873942 166.540604 -11.924290
v  -2.839286 162.434631 -12.475285
v  -5.829719 162.698898 -11.334285
v  -5.855788 166.433121 -10.756952
v  -2.089540 165.897964 8.228175
v  -2.089535 169.120804 6.891164
v  -5.178122 168.415497 5.602628
v  -5.285116 165.287857 7.202368
v  -2.839286 162.434631 -12.475285
v  -2.679818 159.494003 -12.123950
v  -5.689240 159.796295 -11.194618
v  -5.829719 162.698898 -11.334285
v  -5.178122 168.415497 5.602628
v  -5.364694 171.236771 1.984323
v  -8.033761 168.563126 0.074256
v  -8.202809 167.002319 1.542950
v  -5.364694 171.236771 1.984323
v  -5.566707 172.264481 -3.276435
v  -8.187412 169.113251 -3.823095
v  -8.033761 168.563126 0.074256
v  -5.566707 172.264481 -3.276435
v  -5.756898 169.669724 -9.035425
v  -8.354280 167.215332 -7.220075
v  -8.187412 169.113251 -3.823095
v  -5.756898 169.669724 -9.035425
v  -5.855788 166.433121 -10.756952
v  -8.354280 167.215332 -7.220075
v  -5.855788 166.433121 -10.756952
v  -5.829719 162.698898 -11.334285
v  -8.669231 164.015182 -7.823179
v  -8.354280 167.215332 -7.220075
v  -5.285116 165.287857 7.202368
v  -5.178122 168.415497 5.602628
v  -8.202809 167.002319 1.542950
v  -8.380624 164.162048 2.715971
v  -5.829719 162.698898 -11.334285
v  -5.689240 159.796295 -11.194618
v  -8.863002 161.188828 -7.480171
v  -8.669231 164.015182 -7.823179
v  -8.669231 164.015182 -7.823179
v  -8.863002 161.188828 -7.480171
v  -9.371071 162.976410 -2.458665
v  -9.121731 165.406311 -3.151095
v  -9.121731 165.406311 -3.151095
v  -9.371071 162.976410 -2.458665
v  -8.380624 164.162048 2.715971
v  -8.202809 167.002319 1.542950
v  -8.187412 169.113251 -3.823095
v  -9.121731 165.406311 -3.151095
v  -8.202809 167.002319 1.542950
v  -8.033761 168.563126 0.074256
v  -8.187412 169.113251 -3.823095
v  -8.354280 167.215332 -7.220075
v  -8.669231 164.015182 -7.823179
v  -9.121731 165.406311 -3.151095
v  0.000102 158.907745 -13.235989
v  0.000100 157.399612 -15.478886
v  -2.629096 157.597229 -14.762432
v  -2.352198 159.071899 -12.767738
v  -1.710522 166.038773 8.899823
v  -2.089540 165.897964 8.228175
v  -3.634429 165.458725 12.908617
v  -2.350216 165.655334 13.264263
v  -2.679818 159.494003 -12.123950
v  -2.352198 159.071899 -12.767738
v  -2.629096 157.597229 -14.762432
v  -4.960925 158.100403 -14.073936
v  -2.089540 165.897964 8.228175
v  -5.285116 165.287857 7.202368
v  -6.966258 164.990692 10.680663
v  -3.634429 165.458725 12.908617
v  -5.689240 159.796295 -11.194618
v  -2.679818 159.494003 -12.123950
v  -4.960925 158.100403 -14.073936
v  -7.220175 158.460739 -12.738995
v  -5.285116 165.287857 7.202368
v  -8.380624 164.162048 2.715971
v  -10.167531 163.664993 3.843293
v  -6.966258 164.990692 10.680663
v  -8.863002 161.188828 -7.480171
v  -5.689240 159.796295 -11.194618
v  -7.220175 158.460739 -12.738995
v  -10.522501 160.120728 -8.311144
v  -9.371071 162.976410 -2.458665
v  -8.863002 161.188828 -7.480171
v  -10.522501 160.120728 -8.311144
v  -11.446543 162.251648 -2.325195
v  -8.380624 164.162048 2.715971
v  -9.371071 162.976410 -2.458665
v  -11.446543 162.251648 -2.325195
v  -10.167531 163.664993 3.843293
v  0.000100 157.399612 -15.478886
v  0.000099 156.626892 -15.284386
v  -2.629097 156.824509 -14.567934
v  -2.629096 157.597229 -14.762432
v  -2.350216 165.655334 13.264263
v  -3.634429 165.458725 12.908617
v  -3.634430 164.686005 13.103116
v  -2.350217 164.882614 13.458762
v  -4.960925 158.100403 -14.073936
v  -2.629096 157.597229 -14.762432
v  -2.629097 156.824509 -14.567934
v  -4.960927 157.327682 -13.879436
v  -3.634429 165.458725 12.908617
v  -6.966258 164.990692 10.680663
v  -6.966259 164.217972 10.875162
v  -3.634430 164.686005 13.103116
v  -7.220175 158.460739 -12.738995
v  -4.960925 158.100403 -14.073936
v  -4.960927 157.327682 -13.879436
v  -7.220176 157.688019 -12.544496
v  -6.966258 164.990692 10.680663
v  -10.167531 163.664993 3.843293
v  -10.167532 162.892273 4.037792
v  -6.966259 164.217972 10.875162
v  -10.522501 160.120728 -8.311144
v  -7.220175 158.460739 -12.738995
v  -7.220176 157.688019 -12.544496
v  -10.522502 159.348007 -8.116645
v  -11.446543 162.251648 -2.325195
v  -10.522501 160.120728 -8.311144
v  -10.522502 159.348007 -8.116645
v  -11.446544 161.478928 -2.130696
v  -10.167531 163.664993 3.843293
v  -11.446543 162.251648 -2.325195
v  -11.446544 161.478928 -2.130696
v  -10.167532 162.892273 4.037792
v  -2.629097 156.824509 -14.567934
v  0.000099 156.626892 -15.284386
v  0.000102 158.905212 -10.237478
v  -3.130881 159.176682 -9.562051
v  -2.350217 164.882614 13.458762
v  -3.634430 164.686005 13.103116
v  -2.593400 164.338120 8.855092
v  -4.960927 157.327682 -13.879436
v  -2.629097 156.824509 -14.567934
v  -3.130881 159.176682 -9.562051
v  -3.634430 164.686005 13.103116
v  -6.966259 164.217972 10.875162
v  -5.254354 163.958893 7.244180
v  -2.593400 164.338120 8.855092
v  -7.220176 157.688019 -12.544496
v  -4.960927 157.327682 -13.879436
v  -3.130881 159.176682 -9.562051
v  -5.424377 159.586426 -8.437663
v  -6.966259 164.217972 10.875162
v  -10.167532 162.892273 4.037792
v  -7.397932 163.071198 2.665865
v  -5.254354 163.958893 7.244180
v  -10.522502 159.348007 -8.116645
v  -7.220176 157.688019 -12.544496
v  -5.424377 159.586426 -8.437663
v  -7.635620 160.697937 -5.472766
v  -11.446544 161.478928 -2.130696
v  -10.522502 159.348007 -8.116645
v  -7.635620 160.697937 -5.472766
v  -8.254360 162.124817 -1.464565
v  -10.167532 162.892273 4.037792
v  -11.446544 161.478928 -2.130696
v  -8.254360 162.124817 -1.464565
v  -7.397932 163.071198 2.665865
v  -3.130881 159.176682 -9.562051
v  0.000102 158.905212 -10.237478
v  0.000104 160.162903 -6.192288
v  -2.696085 160.424179 -5.516737
v  -2.593400 164.338120 8.855092
v  -5.254354 163.958893 7.244180
v  -2.493359 163.156006 4.253885
v  -5.424377 159.586426 -8.437663
v  -3.130881 159.176682 -9.562051
v  -2.696085 160.424179 -5.516737
v  -5.254354 163.958893 7.244180
v  -7.397932 163.071198 2.665865
v  -4.484250 162.538605 1.168586
v  -2.493359 163.156006 4.253885
v  -7.635620 160.697937 -5.472766
v  -5.424377 159.586426 -8.437663
v  -2.696085 160.424179 -5.516737
v  -4.620462 161.178574 -3.495453
v  -8.254360 162.124817 -1.464565
v  -7.635620 160.697937 -5.472766
v  -4.620462 161.178574 -3.495453
v  -4.975047 161.996292 -1.198457
v  -7.397932 163.071198 2.665865
v  -8.254360 162.124817 -1.464565
v  -4.975047 161.996292 -1.198457
v  -4.484250 162.538605 1.168586
v  -4.975047 161.996292 -1.198457
v  -4.620462 161.178574 -3.495453
v  -2.696085 160.424179 -5.516737
v  -2.927203 161.996277 -1.198457
v  -4.484250 162.538605 1.168586
v  -4.975047 161.996292 -1.198457
v  -2.927203 161.996277 -1.198457
v  -2.493359 163.156006 4.253885
v  -2.696085 160.424179 -5.516737
v  0.000104 160.162903 -6.192288
v  0.000106 161.996277 -1.198457
v  -2.927203 161.996277 -1.198457
v  -2.493359 163.156006 4.253885
v  -2.927203 161.996277 -1.198457
v  0.000106 161.996277 -1.198457
v  0.000108 163.286179 4.822667
v  0.000117 169.608093 3.379444
v  -3.197099 169.694565 2.994395
v  -3.606761 166.426804 7.119438
v  0.000113 166.499847 7.350364
v  -3.606761 166.426804 7.119438
v  -2.826293 163.330582 5.724489
v  0.000109 163.733185 6.352777
v  0.000113 166.499847 7.350364
v  0.000116 168.899582 8.203234
v  -1.710518 168.895493 7.760635
v  -1.710522 166.038773 8.899823
v  0.000112 166.044556 9.341103
v  0.000112 166.044556 9.341103
v  -1.710522 166.038773 8.899823
v  -2.350216 165.655334 13.264263
v  0.000111 165.685165 13.617394
v  0.000111 165.685165 13.617394
v  -2.350216 165.655334 13.264263
v  -2.350217 164.882614 13.458762
v  0.000110 164.912445 13.811894
v  -2.350217 164.882614 13.458762
v  -2.593400 164.338120 8.855092
v  0.000110 164.417496 9.221915
v  0.000110 164.912445 13.811894
v  -2.593400 164.338120 8.855092
v  -2.493359 163.156006 4.253885
v  0.000108 163.286179 4.822667
v  0.000110 164.417496 9.221915
v  19.192461 19.789768 -11.122458
v  18.645365 20.268930 -3.349790
v  19.265842 16.204977 -3.594467
v  19.367645 15.741172 -11.520744
v  19.192461 19.789768 -11.122458
v  14.219729 19.210638 -13.135391
v  13.399302 26.583122 -12.919729
v  19.037041 27.734470 -10.724166
v  8.437117 27.692432 -2.353445
v  9.230894 20.659868 -2.512691
v  14.212689 20.811169 0.422572
v  14.560645 28.369253 0.626446
v  7.596993 27.573481 -7.590918
v  9.547904 20.175426 -8.743898
v  9.230894 20.659868 -2.512691
v  8.437117 27.692432 -2.353445
v  13.399302 26.583122 -12.919729
v  14.219729 19.210638 -13.135391
v  9.547904 20.175426 -8.743898
v  7.596993 27.573481 -7.590918
v  19.037041 27.734470 -10.724166
v  18.245779 35.494686 -10.499406
v  18.473978 37.641750 -2.283333
v  19.548410 29.789356 -3.105105
v  19.548410 29.789356 -3.105105
v  18.473978 37.641750 -2.283333
v  14.314445 37.196705 1.822534
v  14.560645 28.369253 0.626446
v  13.399302 26.583122 -12.919729
v  11.778845 35.485210 -12.124412
v  18.245779 35.494686 -10.499406
v  19.037041 27.734470 -10.724166
v  14.560645 28.369253 0.626446
v  14.314445 37.196705 1.822534
v  7.730248 35.354992 -0.742348
v  8.437117 27.692432 -2.353445
v  8.437117 27.692432 -2.353445
v  7.730248 35.354992 -0.742348
v  6.817963 36.107639 -7.899398
v  7.596993 27.573481 -7.590918
v  7.596993 27.573481 -7.590918
v  6.817963 36.107639 -7.899398
v  11.778845 35.485210 -12.124412
v  13.399302 26.583122 -12.919729
v  18.245779 35.494686 -10.499406
v  18.507774 44.540413 -7.957329
v  17.759005 44.870354 -0.655553
v  18.473978 37.641750 -2.283333
v  18.473978 37.641750 -2.283333
v  17.759005 44.870354 -0.655553
v  12.985869 44.104259 3.595760
v  14.314445 37.196705 1.822534
v  11.778845 35.485210 -12.124412
v  12.092222 44.530388 -10.309023
v  18.507774 44.540413 -7.957329
v  18.245779 35.494686 -10.499406
v  14.314445 37.196705 1.822534
v  12.985869 44.104259 3.595760
v  6.808363 43.306168 0.974886
v  7.730248 35.354992 -0.742348
v  7.730248 35.354992 -0.742348
v  6.808363 43.306168 0.974886
v  5.625639 43.657345 -6.288444
v  6.817963 36.107639 -7.899398
v  6.817963 36.107639 -7.899398
v  5.625639 43.657345 -6.288444
v  12.092222 44.530388 -10.309023
v  11.778845 35.485210 -12.124412
v  17.639999 64.463356 -6.201100
v  15.700772 79.706024 -7.653432
v  16.455523 77.913704 2.420820
v  17.552551 64.276665 1.492008
v  17.552551 64.276665 1.492008
v  16.455523 77.913704 2.420820
v  10.122797 76.675850 8.593588
v  11.797361 63.997189 6.733189
v  9.802665 63.821949 -8.664689
v  8.704818 75.237740 -10.146309
v  15.700772 79.706024 -7.653432
v  17.639999 64.463356 -6.201100
v  11.797361 63.997189 6.733189
v  10.122797 76.675850 8.593588
v  2.261936 73.413536 5.762044
v  4.273050 63.054104 3.972988
v  4.273050 63.054104 3.972988
v  2.261936 73.413536 5.762044
v  2.907104 73.583450 -5.348845
v  9.802665 63.821949 -8.664689
v  4.147206 63.189056 -4.326346
v  8.704818 75.237740 -10.146309
v  27.746538 130.497192 -8.866406
v  36.972591 130.806931 -8.211951
v  36.683128 131.296448 -1.971445
v  26.915890 130.347565 -2.368142
v  26.550234 133.977966 -12.764333
v  32.893379 132.939453 -14.133237
v  36.972591 130.806931 -8.211951
v  27.746538 130.497192 -8.866406
v  28.804926 139.206924 -11.474311
v  34.184082 140.677094 -12.121672
v  32.893379 132.939453 -14.133237
v  26.550234 133.977966 -12.764333
v  29.672802 141.957657 -7.533022
v  35.509220 142.676163 -8.713359
v  34.184082 140.677094 -12.121672
v  28.804926 139.206924 -11.474311
v  28.398149 140.819016 -3.225883
v  36.314598 141.771515 -3.856122
v  35.509220 142.676163 -8.713359
v  29.672802 141.957657 -7.533022
v  28.398149 140.819016 -3.225883
v  27.208324 137.096893 -0.080826
v  36.314598 141.771515 -3.856122
v  26.915890 130.347565 -2.368142
v  36.683128 131.296448 -1.971445
v  36.510727 137.388275 -0.359713
v  36.683128 131.296448 -1.971445
v  36.972591 130.806931 -8.211951
v  38.179840 133.325485 -3.816706
v  32.893379 132.939453 -14.133237
v  36.375439 135.618835 -11.526837
v  36.972591 130.806931 -8.211951
v  32.893379 132.939453 -14.133237
v  34.184082 140.677094 -12.121672
v  36.375439 135.618835 -11.526837
v  36.683128 131.296448 -1.971445
v  38.179840 133.325485 -3.816706
v  38.391418 137.310532 -2.900507
v  51.831493 132.861740 -7.005819
v  61.346245 134.645645 -3.732068
v  61.070465 135.057800 -1.191066
v  51.421482 133.329117 -3.536173
v  51.796513 135.445419 -10.351284
v  62.346092 135.549744 -6.756730
v  61.346245 134.645645 -3.732068
v  51.831493 132.861740 -7.005819
v  52.335014 139.048782 -10.091335
v  62.670261 138.318771 -7.299173
v  62.346092 135.549744 -6.756730
v  51.796513 135.445419 -10.351284
v  52.651138 140.908417 -6.857412
v  62.106750 139.794037 -4.849247
v  62.670261 138.318771 -7.299173
v  52.335014 139.048782 -10.091335
v  52.177937 140.812439 -3.769236
v  61.787758 140.190140 -1.287901
v  62.106750 139.794037 -4.849247
v  52.651138 140.908417 -6.857412
v  51.010754 136.676773 -1.875015
v  60.632301 137.139862 0.237754
v  61.787758 140.190140 -1.287901
v  52.177937 140.812439 -3.769236
v  51.421482 133.329117 -3.536173
v  61.070465 135.057800 -1.191066
v  60.632301 137.139862 0.237754
v  51.010754 136.676773 -1.875015
v  1.611529 149.053619 9.918139
v  2.006833 147.428787 8.734254
v  3.198441 150.308807 8.719050
v  1.611529 149.053619 9.918139
v  3.198441 150.308807 8.719050
v  0.000090 150.014923 9.492727
v  0.000088 148.773285 10.389598
v  1.622580 150.786301 10.250837
v  0.000091 150.783295 10.693264
v  0.000090 150.014923 9.492727
v  3.198441 150.308807 8.719050
v  3.198441 150.308807 8.719050
v  4.394644 151.508224 7.999862
v  2.711879 152.513245 9.280120
v  1.622580 150.786301 10.250837
v  1.622580 150.786301 10.250837
v  2.711879 152.513245 9.280120
v  0.000093 152.391769 9.695751
v  0.000091 150.783295 10.693264
v  1.740506 154.024399 10.909183
v  0.000095 153.807068 11.238982
v  0.000093 152.391769 9.695751
v  2.711879 152.513245 9.280120
v  1.740506 154.024399 10.909183
v  0.681210 157.296738 7.704276
v  0.000100 157.335815 8.573434
v  0.000095 153.807068 11.238982
v  0.681210 157.296738 7.704276
v  1.683866 158.892929 8.786894
v  0.000102 158.562103 8.768057
v  0.000100 157.335815 8.573434
v  1.683866 158.892929 8.786894
v  2.242758 161.889618 8.260832
v  0.000106 161.920441 8.821221
v  0.000102 158.562103 8.768057
v  1.740506 154.024399 10.909183
v  2.711879 152.513245 9.280120
v  2.387052 154.198776 9.009664
v  2.843156 156.849503 6.757616
v  3.578960 158.513046 8.297057
v  1.683866 158.892929 8.786894
v  0.681210 157.296738 7.704276
v  2.843156 156.849503 6.757616
v  5.173103 157.255478 5.377632
v  4.616051 158.161514 6.447189
v  3.578960 158.513046 8.297057
v  1.740506 154.024399 10.909183
v  2.387052 154.198776 9.009664
v  0.681210 157.296738 7.704276
v  2.387052 154.198776 9.009664
v  2.843156 156.849503 6.757616
v  0.681210 157.296738 7.704276
v  2.387052 154.198776 9.009664
v  4.133018 154.748962 6.790824
v  5.173103 157.255478 5.377632
v  2.843156 156.849503 6.757616
v  2.711879 152.513245 9.280120
v  4.394644 151.508224 7.999862
v  4.133018 154.748962 6.790824
v  2.387052 154.198776 9.009664
v  3.917705 149.638351 7.994637
v  2.006833 147.428787 8.734254
v  2.319210 146.108398 8.484870
v  4.394644 151.508224 7.999862
v  3.198441 150.308807 8.719050
v  3.917705 149.638351 7.994637
v  4.394644 151.508224 7.999862
v  5.572769 150.879990 3.651218
v  6.152333 154.758591 2.379112
v  4.133018 154.748962 6.790824
v  3.917705 149.638351 7.994637
v  4.984458 149.751465 5.216210
v  4.394644 151.508224 7.999862
v  3.578960 158.513046 8.297057
v  4.366121 161.442993 7.717865
v  2.242758 161.889618 8.260832
v  1.683866 158.892929 8.786894
v  4.616051 158.161514 6.447189
v  5.707435 159.500870 5.795922
v  4.366121 161.442993 7.717865
v  3.578960 158.513046 8.297057
v  5.173103 157.255478 5.377632
v  6.437158 156.960037 2.774336
v  5.707435 159.500870 5.795922
v  4.616051 158.161514 6.447189
v  4.133018 154.748962 6.790824
v  6.152333 154.758591 2.379112
v  6.437158 156.960037 2.774336
v  5.173103 157.255478 5.377632
v  2.242758 161.889618 8.260832
v  2.842813 165.137299 5.534833
v  0.000111 165.403259 5.935084
v  0.000106 161.920441 8.821221
v  4.366121 161.442993 7.717865
v  5.116206 164.721176 3.820694
v  2.842813 165.137299 5.534833
v  2.242758 161.889618 8.260832
v  5.707435 159.500870 5.795922
v  6.609448 161.212677 1.371827
v  5.116206 164.721176 3.820694
v  4.366121 161.442993 7.717865
v  6.437158 156.960037 2.774336
v  6.914881 157.716705 -0.200609
v  6.609448 161.212677 1.371827
v  5.707435 159.500870 5.795922
v  6.152333 154.758591 2.379112
v  7.081405 155.321808 0.568870
v  6.914881 157.716705 -0.200609
v  6.437158 156.960037 2.774336
v  6.152333 154.758591 2.379112
v  6.572356 152.867630 -0.069918
v  7.081405 155.321808 0.568870
v  2.842813 165.137299 5.534833
v  2.842817 167.884933 -1.986991
v  0.000115 167.933273 -1.955491
v  0.000111 165.403259 5.935084
v  5.116206 164.721176 3.820694
v  5.179769 166.377106 -2.230384
v  2.842817 167.884933 -1.986991
v  2.842813 165.137299 5.534833
v  6.609448 161.212677 1.371827
v  7.360551 161.550751 -2.873719
v  5.179769 166.377106 -2.230384
v  5.116206 164.721176 3.820694
v  6.914881 157.716705 -0.200609
v  7.400754 157.790405 -3.037153
v  7.360551 161.550751 -2.873719
v  6.609448 161.212677 1.371827
v  2.842817 167.884933 -1.986991
v  2.842815 166.574509 -7.625594
v  0.000113 166.862778 -7.858981
v  0.000115 167.933273 -1.955491
v  5.179769 166.377106 -2.230384
v  5.816785 162.453659 -6.523306
v  2.842815 166.574509 -7.625594
v  2.842817 167.884933 -1.986991
v  7.360551 161.550751 -2.873719
v  6.808339 159.632523 -4.766035
v  5.816785 162.453659 -6.523306
v  5.179769 166.377106 -2.230384
v  7.400754 157.790405 -3.037153
v  6.808339 159.632523 -4.766035
v  7.360551 161.550751 -2.873719
v  7.400754 157.790405 -3.037153
v  7.225106 155.613068 -3.930995
v  6.433523 156.443649 -5.868370
v  6.808339 159.632523 -4.766035
v  7.225106 155.613068 -3.930995
v  6.548296 152.120819 -2.601603
v  4.390506 152.377869 -8.335037
v  6.433523 156.443649 -5.868370
v  7.081405 155.321808 0.568870
v  8.371593 155.493011 -3.818799
v  8.027133 157.951035 -2.560591
v  6.914881 157.716705 -0.200609
v  7.081405 155.321808 0.568870
v  6.572356 152.867630 -0.069918
v  8.371593 155.493011 -3.818799
v  8.371593 155.493011 -3.818799
v  7.225106 155.613068 -3.930995
v  7.400754 157.790405 -3.037153
v  8.027133 157.951035 -2.560591
v  8.371593 155.493011 -3.818799
v  7.706840 152.643463 -1.945936
v  7.225106 155.613068 -3.930995
v  7.400754 157.790405 -3.037153
v  6.914881 157.716705 -0.200609
v  8.027133 157.951035 -2.560591
v  2.842815 166.574509 -7.625594
v  3.359838 159.220810 -9.152286
v  0.000103 159.252441 -9.929391
v  0.000113 166.862778 -7.858981
v  5.816785 162.453659 -6.523306
v  5.816781 159.243286 -7.435684
v  3.359838 159.220810 -9.152286
v  2.842815 166.574509 -7.625594
v  3.359838 159.220810 -9.152286
v  4.390506 152.377869 -8.335037
v  0.000094 152.874924 -9.953916
v  0.000103 159.252441 -9.929391
v  6.433523 156.443649 -5.868370
v  4.390506 152.377869 -8.335037
v  5.816781 159.243286 -7.435684
v  6.808339 159.632523 -4.766035
v  6.433523 156.443649 -5.868370
v  5.816781 159.243286 -7.435684
v  5.816785 162.453659 -6.523306
v  19.367645 15.741172 -11.520744
v  19.352606 7.975285 -11.684255
v  14.174238 8.402873 -14.103842
v  14.366382 15.497524 -13.351048
v  19.367645 15.741172 -11.520744
v  19.265842 16.204977 -3.594467
v  19.352606 7.975285 -11.684255
v  10.137335 16.681341 -9.896873
v  9.444226 11.115245 -8.495090
v  8.771852 11.666840 -4.386624
v  14.366382 15.497524 -13.351048
v  14.174238 8.402873 -14.103842
v  9.444226 11.115245 -8.495090
v  10.137335 16.681341 -9.896873
v  19.489407 3.429686 -9.324571
v  17.957756 -0.126007 -10.223136
v  14.082322 -0.208435 -13.131885
v  14.469736 3.028325 -13.150850
v  19.489407 3.429686 -9.324571
v  19.598207 2.519158 -3.395196
v  17.957756 -0.126007 -10.223136
v  9.954535 3.397373 -9.556680
v  10.522745 -0.226340 -9.349457
v  12.119332 -0.110945 -1.718555
v  14.469736 3.028325 -13.150850
v  14.082322 -0.208435 -13.131885
v  10.522745 -0.226340 -9.349457
v  9.954535 3.397373 -9.556680
v  10.522745 -0.226340 -9.349457
v  17.957756 -0.126007 -10.223136
v  18.880682 -0.246608 -2.692464
v  14.082322 -0.208435 -13.131885
v  17.957756 -0.126007 -10.223136
v  10.522745 -0.226340 -9.349457
v  0.000064 131.663010 -14.515271
v  4.885744 132.651184 -14.472994
v  4.348649 123.244545 -14.414868
v  0.000088 148.773285 10.389598
v  0.000086 147.406937 9.296117
v  1.611529 149.053619 9.918139
v  3.197333 169.694565 2.994395
v  4.090523 169.570587 -2.874770
v  0.000118 170.277145 -1.811228
v  0.000117 169.608093 3.379444
v  7.290941 167.554260 2.253621
v  8.129527 167.181747 -1.990599
v  4.090523 169.570587 -2.874770
v  3.197333 169.694565 2.994395
v  8.284306 160.841843 1.885697
v  8.433773 161.215912 -2.811681
v  8.129527 167.181747 -1.990599
v  7.290941 167.554260 2.253621
v  7.464703 158.003036 -0.339920
v  8.206903 157.937347 -3.062674
v  8.433773 161.215912 -2.811681
v  8.284306 160.841843 1.885697
v  4.090523 169.570587 -2.874770
v  4.464767 166.764053 -9.326659
v  0.000114 167.750092 -9.559819
v  0.000118 170.277145 -1.811228
v  8.129527 167.181747 -1.990599
v  7.293002 162.904449 -7.772410
v  4.464767 166.764053 -9.326659
v  4.090523 169.570587 -2.874770
v  8.433773 161.215912 -2.811681
v  8.537695 159.783051 -5.828122
v  7.293002 162.904449 -7.772410
v  8.129527 167.181747 -1.990599
v  8.206903 157.937347 -3.062674
v  8.537695 159.783051 -5.828122
v  8.433773 161.215912 -2.811681
v  8.206903 157.937347 -3.062674
v  7.304954 155.335846 -4.555560
v  6.786150 155.616791 -7.047773
v  8.537695 159.783051 -5.828122
v  7.304954 155.335846 -4.555560
v  5.322425 151.276825 -6.129337
v  5.463758 152.119293 -8.455638
v  6.786150 155.616791 -7.047773
v  4.464767 166.764053 -9.326659
v  3.237489 159.327530 -11.205022
v  0.000103 159.358032 -11.953830
v  0.000114 167.750092 -9.559819
v  7.293002 162.904449 -7.772410
v  7.292997 159.352417 -8.525298
v  3.237489 159.327530 -11.205022
v  4.464767 166.764053 -9.326659
v  3.237489 159.327530 -11.205022
v  5.463758 152.119293 -8.455638
v  0.000092 151.432617 -10.323348
v  0.000103 159.358032 -11.953830
v  6.786150 155.616791 -7.047773
v  5.463758 152.119293 -8.455638
v  7.292997 159.352417 -8.525298
v  8.537695 159.783051 -5.828122
v  6.786150 155.616791 -7.047773
v  7.292997 159.352417 -8.525298
v  7.293002 162.904449 -7.772410
v  3.197333 169.694565 2.994395
v  3.606987 166.426788 7.119438
v  5.922257 165.695343 5.285268
v  7.290941 167.554260 2.253621
v  7.290941 167.554260 2.253621
v  5.922257 165.695343 5.285268
v  6.283111 162.460022 4.295502
v  8.284306 160.841843 1.885697
v  6.592545 159.698486 4.716505
v  7.075157 157.392593 2.874096
v  7.464703 158.003036 -0.339920
v  6.283111 162.460022 4.295502
v  6.592545 159.698486 4.716505
v  8.284306 160.841843 1.885697
v  7.290941 167.554260 2.253621
v  7.075157 157.392593 2.874096
v  7.170875 155.901749 2.611305
v  7.170874 155.605637 0.541512
v  7.464703 158.003036 -0.339920
v  3.606987 166.426788 7.119438
v  2.826509 163.330566 5.724489
v  4.179564 161.403381 5.919215
v  5.922257 165.695343 5.285268
v  6.283111 162.460022 4.295502
v  5.287187 161.547623 4.295501
v  5.902780 159.315720 4.716504
v  6.592545 159.698486 4.716505
v  6.592545 159.698486 4.716505
v  5.902780 159.315720 4.716504
v  6.184287 157.009811 2.874095
v  7.075157 157.392593 2.874096
v  5.922257 165.695343 5.285268
v  4.179564 161.403381 5.919215
v  5.287187 161.547623 4.295501
v  6.283111 162.460022 4.295502
v  7.075157 157.392593 2.874096
v  6.184287 157.009811 2.874095
v  6.289340 155.710373 2.611305
v  7.170875 155.901749 2.611305
v  7.464703 158.003036 -0.339920
v  6.919147 158.243881 -0.339920
v  6.956954 158.178192 -3.062674
v  8.206903 157.937347 -3.062674
v  8.206903 157.937347 -3.062674
v  6.956954 158.178192 -3.062674
v  6.553446 155.335846 -4.555560
v  7.304954 155.335846 -4.555560
v  7.304954 155.335846 -4.555560
v  6.553446 155.335846 -4.555560
v  4.801159 151.220932 -4.636192
v  7.170874 155.605637 0.541512
v  6.419367 155.605637 0.541512
v  6.919147 158.243881 -0.339920
v  7.464703 158.003036 -0.339920
v  7.170875 155.901749 2.611305
v  6.289340 155.710373 2.611305
v  6.419367 155.605637 0.541512
v  7.170874 155.605637 0.541512
v  4.394644 151.508224 7.999862
v  4.984458 149.751465 5.216210
v  5.572769 150.879990 3.651218
v  19.548410 29.789356 -3.105105
v  18.645365 20.268930 -3.349790
v  19.037041 27.734470 -10.724166
v  14.219729 19.210638 -13.135391
v  19.192461 19.789768 -11.122458
v  19.367645 15.741172 -11.520744
v  14.366382 15.497524 -13.351048
v  9.230894 20.659868 -2.512691
v  8.949882 17.127844 -2.671932
v  14.238344 17.542704 0.218703
v  9.547904 20.175426 -8.743898
v  10.137335 16.681341 -9.896873
v  8.949882 17.127844 -2.671932
v  9.230894 20.659868 -2.512691
v  14.219729 19.210638 -13.135391
v  14.366382 15.497524 -13.351048
v  10.137335 16.681341 -9.896873
v  9.547904 20.175426 -8.743898
v  1.710750 168.895477 7.760635
v  1.924162 172.777924 4.165869
v  0.000122 172.980820 4.480649
v  0.000116 168.899582 8.203234
v  1.924162 172.777924 4.165869
v  2.206365 174.355103 -3.133631
v  0.000124 174.394333 -3.046073
v  0.000122 172.980820 4.480649
v  2.206365 174.355103 -3.133631
v  2.458634 171.198685 -10.816359
v  0.000119 171.430237 -10.893000
v  0.000124 174.394333 -3.046073
v  2.458634 171.198685 -10.816359
v  2.563452 166.643646 -12.629178
v  0.000113 166.658340 -13.095407
v  0.000119 171.430237 -10.893000
v  2.525765 162.249298 -13.187103
v  0.000106 162.019821 -13.659725
v  0.000113 166.658340 -13.095407
v  2.563452 166.643646 -12.629178
v  2.352403 159.071899 -12.767738
v  0.000102 158.907745 -13.235989
v  0.000106 162.019821 -13.659725
v  2.525765 162.249298 -13.187103
v  1.710750 168.895477 7.760635
v  2.089768 169.120789 6.891164
v  2.286086 172.357986 3.672976
v  1.924162 172.777924 4.165869
v  1.924162 172.777924 4.165869
v  2.286086 172.357986 3.672976
v  2.545684 173.822968 -3.042142
v  2.206365 174.355103 -3.133631
v  2.206365 174.355103 -3.133631
v  2.545684 173.822968 -3.042142
v  2.777746 170.652405 -10.313845
v  2.458634 171.198685 -10.816359
v  2.458634 171.198685 -10.816359
v  2.777746 170.652405 -10.313845
v  2.874168 166.540604 -11.924290
v  2.563452 166.643646 -12.629178
v  2.563452 166.643646 -12.629178
v  2.874168 166.540604 -11.924290
v  2.839500 162.434616 -12.475285
v  2.525765 162.249298 -13.187103
v  1.710746 166.038773 8.899823
v  2.089763 165.897949 8.228175
v  2.089768 169.120789 6.891164
v  1.710750 168.895477 7.760635
v  2.525765 162.249298 -13.187103
v  2.839500 162.434616 -12.475285
v  2.680024 159.494003 -12.123950
v  2.352403 159.071899 -12.767738
v  2.089768 169.120789 6.891164
v  5.178352 168.415482 5.602628
v  5.364932 171.236755 1.984323
v  2.286086 172.357986 3.672976
v  2.286086 172.357986 3.672976
v  5.364932 171.236755 1.984323
v  5.566948 172.264465 -3.276435
v  2.545684 173.822968 -3.042142
v  2.545684 173.822968 -3.042142
v  5.566948 172.264465 -3.276435
v  5.757132 169.669708 -9.035425
v  2.777746 170.652405 -10.313845
v  2.777746 170.652405 -10.313845
v  5.757132 169.669708 -9.035425
v  5.856013 166.433105 -10.756952
v  2.874168 166.540604 -11.924290
v  2.874168 166.540604 -11.924290
v  5.856013 166.433105 -10.756952
v  5.829933 162.698883 -11.334285
v  2.839500 162.434616 -12.475285
v  2.089763 165.897949 8.228175
v  5.285338 165.287842 7.202368
v  5.178352 168.415482 5.602628
v  2.089768 169.120789 6.891164
v  2.839500 162.434616 -12.475285
v  5.829933 162.698883 -11.334285
v  5.689447 159.796280 -11.194618
v  2.680024 159.494003 -12.123950
v  5.178352 168.415482 5.602628
v  8.203036 167.002289 1.542950
v  8.033992 168.563095 0.074256
v  5.364932 171.236755 1.984323
v  5.364932 171.236755 1.984323
v  8.033992 168.563095 0.074256
v  8.187645 169.113235 -3.823095
v  5.566948 172.264465 -3.276435
v  5.566948 172.264465 -3.276435
v  8.187645 169.113235 -3.823095
v  8.354507 167.215302 -7.220075
v  5.757132 169.669708 -9.035425
v  5.757132 169.669708 -9.035425
v  8.354507 167.215302 -7.220075
v  5.856013 166.433105 -10.756952
v  5.856013 166.433105 -10.756952
v  8.354507 167.215302 -7.220075
v  8.669449 164.015152 -7.823179
v  5.829933 162.698883 -11.334285
v  5.285338 165.287842 7.202368
v  8.380843 164.162018 2.715971
v  8.203036 167.002289 1.542950
v  5.178352 168.415482 5.602628
v  5.829933 162.698883 -11.334285
v  8.669449 164.015152 -7.823179
v  8.863212 161.188797 -7.480171
v  5.689447 159.796280 -11.194618
v  8.669449 164.015152 -7.823179
v  9.121952 165.406296 -3.151095
v  9.371286 162.976379 -2.458665
v  8.863212 161.188797 -7.480171
v  9.121952 165.406296 -3.151095
v  8.203036 167.002289 1.542950
v  8.380843 164.162018 2.715971
v  9.371286 162.976379 -2.458665
v  8.203036 167.002289 1.542950
v  9.121952 165.406296 -3.151095
v  8.187645 169.113235 -3.823095
v  8.033992 168.563095 0.074256
v  8.187645 169.113235 -3.823095
v  9.121952 165.406296 -3.151095
v  8.669449 164.015152 -7.823179
v  8.354507 167.215302 -7.220075
v  2.629296 157.597214 -14.762432
v  0.000100 157.399612 -15.478886
v  0.000102 158.907745 -13.235989
v  2.352403 159.071899 -12.767738
v  1.710746 166.038773 8.899823
v  2.350439 165.655334 13.264263
v  3.634651 165.458725 12.908617
v  2.089763 165.897949 8.228175
v  2.680024 159.494003 -12.123950
v  4.961127 158.100388 -14.073936
v  2.629296 157.597214 -14.762432
v  2.352403 159.071899 -12.767738
v  2.089763 165.897949 8.228175
v  3.634651 165.458725 12.908617
v  6.966479 164.990677 10.680663
v  5.285338 165.287842 7.202368
v  5.689447 159.796280 -11.194618
v  7.220378 158.460724 -12.738995
v  4.961127 158.100388 -14.073936
v  2.680024 159.494003 -12.123950
v  5.285338 165.287842 7.202368
v  6.966479 164.990677 10.680663
v  10.167748 163.664963 3.843293
v  8.380843 164.162018 2.715971
v  8.863212 161.188797 -7.480171
v  10.522709 160.120697 -8.311144
v  7.220378 158.460724 -12.738995
v  5.689447 159.796280 -11.194618
v  9.371286 162.976379 -2.458665
v  11.446756 162.251617 -2.325195
v  10.522709 160.120697 -8.311144
v  8.863212 161.188797 -7.480171
v  8.380843 164.162018 2.715971
v  10.167748 163.664963 3.843293
v  11.446756 162.251617 -2.325195
v  9.371286 162.976379 -2.458665
v  2.629295 156.824493 -14.567934
v  0.000099 156.626892 -15.284386
v  0.000100 157.399612 -15.478886
v  2.629296 157.597214 -14.762432
v  2.350439 165.655334 13.264263
v  2.350438 164.882614 13.458762
v  3.634650 164.686005 13.103116
v  3.634651 165.458725 12.908617
v  4.961127 158.100388 -14.073936
v  4.961126 157.327667 -13.879436
v  2.629295 156.824493 -14.567934
v  2.629296 157.597214 -14.762432
v  3.634651 165.458725 12.908617
v  3.634650 164.686005 13.103116
v  6.966478 164.217957 10.875162
v  6.966479 164.990677 10.680663
v  7.220378 158.460724 -12.738995
v  7.220377 157.688004 -12.544496
v  4.961126 157.327667 -13.879436
v  4.961127 158.100388 -14.073936
v  6.966479 164.990677 10.680663
v  6.966478 164.217957 10.875162
v  10.167747 162.892242 4.037792
v  10.167748 163.664963 3.843293
v  10.522709 160.120697 -8.311144
v  10.522708 159.347977 -8.116645
v  7.220377 157.688004 -12.544496
v  7.220378 158.460724 -12.738995
v  11.446756 162.251617 -2.325195
v  11.446755 161.478897 -2.130696
v  10.522708 159.347977 -8.116645
v  10.522709 160.120697 -8.311144
v  10.167748 163.664963 3.843293
v  10.167747 162.892242 4.037792
v  11.446755 161.478897 -2.130696
v  11.446756 162.251617 -2.325195
v  2.629295 156.824493 -14.567934
v  3.131086 159.176682 -9.562051
v  0.000102 158.905212 -10.237478
v  0.000099 156.626892 -15.284386
v  2.350438 164.882614 13.458762
v  2.593619 164.338104 8.855092
v  3.634650 164.686005 13.103116
v  4.961126 157.327667 -13.879436
v  3.131086 159.176682 -9.562051
v  2.629295 156.824493 -14.567934
v  3.634650 164.686005 13.103116
v  2.593619 164.338104 8.855092
v  5.254572 163.958878 7.244180
v  6.966478 164.217957 10.875162
v  7.220377 157.688004 -12.544496
v  5.424583 159.586411 -8.437663
v  3.131086 159.176682 -9.562051
v  4.961126 157.327667 -13.879436
v  6.966478 164.217957 10.875162
v  5.254572 163.958878 7.244180
v  7.398147 163.071167 2.665865
v  10.167747 162.892242 4.037792
v  10.522708 159.347977 -8.116645
v  7.635829 160.697922 -5.472766
v  5.424583 159.586411 -8.437663
v  7.220377 157.688004 -12.544496
v  11.446755 161.478897 -2.130696
v  8.254574 162.124802 -1.464565
v  7.635829 160.697922 -5.472766
v  10.522708 159.347977 -8.116645
v  10.167747 162.892242 4.037792
v  7.398147 163.071167 2.665865
v  8.254574 162.124802 -1.464565
v  11.446755 161.478897 -2.130696
v  3.131086 159.176682 -9.562051
v  2.696293 160.424164 -5.516737
v  0.000104 160.162903 -6.192288
v  0.000102 158.905212 -10.237478
v  2.593619 164.338104 8.855092
v  2.493575 163.156006 4.253885
v  5.254572 163.958878 7.244180
v  5.424583 159.586411 -8.437663
v  2.696293 160.424164 -5.516737
v  3.131086 159.176682 -9.562051
v  5.254572 163.958878 7.244180
v  2.493575 163.156006 4.253885
v  4.484464 162.538605 1.168586
v  7.398147 163.071167 2.665865
v  7.635829 160.697922 -5.472766
v  4.620673 161.178558 -3.495453
v  2.696293 160.424164 -5.516737
v  5.424583 159.586411 -8.437663
v  8.254574 162.124802 -1.464565
v  4.975259 161.996277 -1.198457
v  4.620673 161.178558 -3.495453
v  7.635829 160.697922 -5.472766
v  7.398147 163.071167 2.665865
v  4.484464 162.538605 1.168586
v  4.975259 161.996277 -1.198457
v  8.254574 162.124802 -1.464565
v  4.975259 161.996277 -1.198457
v  2.927415 161.996277 -1.198457
v  2.696293 160.424164 -5.516737
v  4.620673 161.178558 -3.495453
v  4.484464 162.538605 1.168586
v  2.493575 163.156006 4.253885
v  2.927415 161.996277 -1.198457
v  4.975259 161.996277 -1.198457
v  0.000106 161.996277 -1.198457
v  0.000104 160.162903 -6.192288
v  2.696293 160.424164 -5.516737
v  2.927415 161.996277 -1.198457
v  2.493575 163.156006 4.253885
v  0.000108 163.286179 4.822667
v  0.000106 161.996277 -1.198457
v  2.927415 161.996277 -1.198457
v  0.000117 169.608093 3.379444
v  0.000113 166.499847 7.350364
v  3.606987 166.426788 7.119438
v  3.197333 169.694565 2.994395
v  0.000109 163.733185 6.352777
v  2.826509 163.330566 5.724489
v  3.606987 166.426788 7.119438
v  0.000113 166.499847 7.350364
v  0.000116 168.899582 8.203234
v  0.000112 166.044556 9.341103
v  1.710746 166.038773 8.899823
v  1.710750 168.895477 7.760635
v  0.000112 166.044556 9.341103
v  0.000111 165.685165 13.617394
v  2.350439 165.655334 13.264263
v  1.710746 166.038773 8.899823
v  0.000111 165.685165 13.617394
v  0.000110 164.912445 13.811894
v  2.350438 164.882614 13.458762
v  2.350439 165.655334 13.264263
v  0.000110 164.417496 9.221915
v  2.593619 164.338104 8.855092
v  2.350438 164.882614 13.458762
v  0.000110 164.912445 13.811894
v  0.000108 163.286179 4.822667
v  2.493575 163.156006 4.253885
v  2.593619 164.338104 8.855092
v  0.000110 164.417496 9.221915
v  -18.645546 20.268978 -3.349789
v  -14.238531 17.542740 0.218704
v  -14.212867 20.811205 0.422572
v  -18.645546 20.268978 -3.349789
v  -19.266033 16.205029 -3.594466
v  -9.231072 20.659891 -2.512690
v  -18.507889 44.540462 -7.957328
v  -17.759115 44.870407 -0.655553
v  -12.092336 44.530422 -10.309022
v  -12.985983 44.104301 3.595761
v  -6.808479 43.306187 0.974887
v  -5.625754 43.657360 -6.288443
v  -18.507889 44.540462 -7.957328
v  -17.759115 44.870407 -0.655553
v  -17.994169 47.982689 0.455940
v  -17.496498 49.621086 -7.102445
v  -17.759115 44.870407 -0.655553
v  -12.985983 44.104301 3.595761
v  -12.985978 47.829098 5.050292
v  -17.994169 47.982689 0.455940
v  -12.092336 44.530422 -10.309022
v  -18.507889 44.540462 -7.957328
v  -17.496498 49.621086 -7.102445
v  -11.212263 49.808346 -9.145831
v  -12.985983 44.104301 3.595761
v  -6.808479 43.306187 0.974887
v  -6.723936 47.066586 1.990429
v  -12.985978 47.829098 5.050292
v  -6.808479 43.306187 0.974887
v  -5.625754 43.657360 -6.288443
v  -5.270450 48.761936 -5.080996
v  -6.723936 47.066586 1.990429
v  -5.625754 43.657360 -6.288443
v  -12.092336 44.530422 -10.309022
v  -11.212263 49.808346 -9.145831
v  -5.270450 48.761936 -5.080996
v  -17.496498 49.621086 -7.102445
v  -17.994169 47.982689 0.455940
v  -17.769730 52.466438 0.835370
v  -17.604797 53.320976 -6.830314
v  -17.994169 47.982689 0.455940
v  -12.985978 47.829098 5.050292
v  -12.206038 52.074173 6.134619
v  -17.769730 52.466438 0.835370
v  -11.212263 49.808346 -9.145831
v  -17.496498 49.621086 -7.102445
v  -17.604797 53.320976 -6.830314
v  -10.576604 53.255672 -8.731191
v  -12.985978 47.829098 5.050292
v  -6.723936 47.066586 1.990429
v  -5.868102 51.702496 3.305649
v  -12.206038 52.074173 6.134619
v  -6.723936 47.066586 1.990429
v  -5.270450 48.761936 -5.080996
v  -4.650049 52.574486 -5.457606
v  -5.868102 51.702496 3.305649
v  -5.270450 48.761936 -5.080996
v  -11.212263 49.808346 -9.145831
v  -10.576604 53.255672 -8.731191
v  -4.650049 52.574486 -5.457606
v  -17.769730 52.466438 0.835370
v  -12.206038 52.074173 6.134619
v  -17.604797 53.320976 -6.830314
v  -5.868102 51.702496 3.305649
v  -4.650049 52.574486 -5.457606
v  -4.650049 52.574486 -5.457606
v  -10.576604 53.255672 -8.731191
v  -9.802724 63.821980 -8.664689
v  -4.147266 63.189072 -4.326346
v  -4.147266 63.189072 -4.326346
v  -9.802724 63.821980 -8.664689
v  -8.704823 75.237747 -10.146310
v  0.000022 100.823593 9.844435
v  0.000038 112.376015 10.770357
v  -5.280391 110.822548 9.678097
v  -4.086692 100.992584 10.139498
v  -10.804776 102.315735 6.630224
v  -4.086692 100.992584 10.139498
v  -5.280391 110.822548 9.678097
v  -11.805636 111.836937 5.912307
v  -14.895365 103.460800 1.473699
v  -10.804776 102.315735 6.630224
v  -11.805636 111.836937 5.912307
v  -15.981829 112.983376 -1.298763
v  -13.177830 103.602776 -7.337630
v  -14.895365 103.460800 1.473699
v  -15.981829 112.983376 -1.298763
v  -13.813768 112.208054 -9.001268
v  -5.058193 103.867668 -9.681191
v  -13.177830 103.602776 -7.337630
v  -13.813768 112.208054 -9.001268
v  -5.051830 112.075188 -10.712566
v  0.000038 112.376015 10.770357
v  0.000049 120.577728 10.020378
v  -2.487943 120.763077 10.133401
v  -5.280391 110.822548 9.678097
v  -11.805636 111.836937 5.912307
v  -5.280391 110.822548 9.678097
v  -7.580500 120.479996 9.724223
v  -13.269835 121.411263 4.979527
v  -15.981829 112.983376 -1.298763
v  -11.805636 111.836937 5.912307
v  -13.269835 121.411263 4.979527
v  -16.421589 121.896866 -2.027018
v  -13.813768 112.208054 -9.001268
v  -15.981829 112.983376 -1.298763
v  -16.421589 121.896866 -2.027018
v  -15.545720 121.281700 -10.459129
v  -5.051830 112.075188 -10.712566
v  -13.813768 112.208054 -9.001268
v  -15.545720 121.281700 -10.459129
v  -4.348544 123.244560 -14.414868
v  0.000049 120.577728 10.020378
v  0.000054 124.199356 10.269410
v  -2.180756 124.046799 10.179037
v  -2.487943 120.763077 10.133401
v  -13.269835 121.411263 4.979527
v  -7.580500 120.479996 9.724223
v  -7.880368 123.722023 9.453444
v  -13.337071 124.256874 5.223781
v  -16.421589 121.896866 -2.027018
v  -13.269835 121.411263 4.979527
v  -13.337071 124.256874 5.223781
v  -15.545720 121.281700 -10.459129
v  -16.421589 121.896866 -2.027018
v  -17.549566 127.696732 -1.496329
v  -4.348544 123.244560 -14.414868
v  -15.545720 121.281700 -10.459129
v  -11.612435 130.624573 -13.920909
v  -4.885612 132.651199 -14.472994
v  -7.880368 123.722023 9.453444
v  -7.580500 120.479996 9.724223
v  -2.487943 120.763077 10.133401
v  -2.180756 124.046799 10.179037
v  -2.487943 120.763077 10.133401
v  -7.580500 120.479996 9.724223
v  -5.280391 110.822548 9.678097
v  -15.545720 121.281700 -10.459129
v  -19.123714 127.433136 -9.399050
v  -16.403887 131.831772 -13.047584
v  -11.612435 130.624573 -13.920909
v  -11.612435 130.624573 -13.920909
v  -16.403887 131.831772 -13.047584
v  -17.450207 139.360382 -11.387252
v  -13.337071 124.256874 5.223781
v  -14.074386 131.616562 3.163059
v  -17.549566 127.696732 -1.496329
v  -22.487743 139.826950 -11.322091
v  -17.450207 139.360382 -11.387252
v  -21.578638 133.415817 -13.047871
v  -22.790453 141.898544 -6.239600
v  -18.551374 142.283859 -6.341892
v  -22.487743 139.826950 -11.322091
v  -22.733303 139.277832 -1.568703
v  -18.548635 139.302170 -0.986237
v  -22.790453 141.898544 -6.239600
v  -21.578638 133.415817 -13.047871
v  -22.487743 139.826950 -11.322091
v  -22.790453 141.898544 -6.239600
v  -27.208178 137.096970 -0.080829
v  -22.658739 136.656265 0.585594
v  -28.397991 140.819107 -3.225886
v  -36.972462 130.807037 -8.211954
v  -34.183926 140.677185 -12.121675
v  -35.509056 142.676270 -8.713362
v  -36.314438 141.771606 -3.856125
v  -27.208178 137.096970 -0.080829
v  -28.397991 140.819107 -3.225886
v  -36.314438 141.771606 -3.856125
v  -36.510578 137.388382 -0.359716
v  -36.972462 130.807037 -8.211954
v  -36.682999 131.296555 -1.971448
v  -38.179703 133.325592 -3.816709
v  -38.007950 132.214111 -7.975270
v  -38.007950 132.214111 -7.975270
v  -34.183926 140.677185 -12.121675
v  -32.893242 132.939545 -14.133240
v  -36.375294 135.618942 -11.526840
v  -37.222248 139.992584 -10.539055
v  -35.509056 142.676270 -8.713362
v  -34.183926 140.677185 -12.121675
v  -37.222248 139.992584 -10.539055
v  -37.248371 141.053070 -8.108423
v  -36.314438 141.771606 -3.856125
v  -35.509056 142.676270 -8.713362
v  -37.248371 141.053070 -8.108423
v  -37.697937 140.437469 -4.974201
v  -36.314438 141.771606 -3.856125
v  -37.697937 140.437469 -4.974201
v  -38.391270 137.310623 -2.900511
v  -36.510578 137.388382 -0.359716
v  -38.179703 133.325592 -3.816709
v  -41.667698 132.006714 -8.362763
v  -41.315941 133.028336 -3.512167
v  -44.172924 133.341965 -3.431863
v  -45.419544 132.804916 -8.152542
v  -41.308590 135.983139 -11.512659
v  -41.667698 132.006714 -8.362763
v  -45.419544 132.804916 -8.152542
v  -44.737228 136.046280 -11.186960
v  -40.950356 139.853561 -10.637194
v  -41.308590 135.983139 -11.512659
v  -44.737228 136.046280 -11.186960
v  -44.862301 139.342926 -10.836931
v  -41.384575 140.986786 -8.276188
v  -40.950356 139.853561 -10.637194
v  -44.862301 139.342926 -10.836931
v  -45.655983 140.427887 -8.012368
v  -41.520069 140.730057 -4.640382
v  -41.384575 140.986786 -8.276188
v  -45.655983 140.427887 -8.012368
v  -45.116531 140.448563 -4.461732
v  -42.017868 137.281418 -2.794421
v  -41.520069 140.730057 -4.640382
v  -45.116531 140.448563 -4.461732
v  -44.873058 137.208298 -2.746408
v  -41.315941 133.028336 -3.512167
v  -42.017868 137.281418 -2.794421
v  -44.873058 137.208298 -2.746408
v  -44.172924 133.341965 -3.431863
v  -44.172924 133.341965 -3.431863
v  -45.419544 132.804916 -8.152542
v  -44.737228 136.046280 -11.186960
v  -44.862301 139.342926 -10.836931
v  -45.655983 140.427887 -8.012368
v  -45.116531 140.448563 -4.461732
v  -44.873058 137.208298 -2.746408
v  -61.346100 134.645798 -3.732073
v  -62.345943 135.549911 -6.756734
v  -62.670105 138.318939 -7.299177
v  -62.106594 139.794189 -4.849251
v  -61.787598 140.190292 -1.287905
v  -60.632153 137.140015 0.237750
v  -61.070320 135.057953 -1.191070
v  -61.346100 134.645798 -3.732073
v  -61.070320 135.057953 -1.191070
v  -63.252934 134.876465 -0.128521
v  -63.581707 134.370331 -3.227012
v  -62.345943 135.549911 -6.756734
v  -61.346100 134.645798 -3.732073
v  -63.581707 134.370331 -3.227012
v  -64.781601 135.487381 -6.938285
v  -62.670105 138.318939 -7.299177
v  -62.345943 135.549911 -6.756734
v  -64.781601 135.487381 -6.938285
v  -64.991890 138.220779 -7.093000
v  -62.106594 139.794189 -4.849251
v  -62.670105 138.318939 -7.299177
v  -64.991890 138.220779 -7.093000
v  -64.953461 140.380096 -4.649487
v  -61.787598 140.190292 -1.287905
v  -62.106594 139.794189 -4.849251
v  -64.953461 140.380096 -4.649487
v  -64.059120 140.248581 -0.577764
v  -60.632153 137.140015 0.237750
v  -61.787598 140.190292 -1.287905
v  -64.059120 140.248581 -0.577764
v  -63.083931 137.080551 1.510456
v  -61.070320 135.057953 -1.191070
v  -60.632153 137.140015 0.237750
v  -63.083931 137.080551 1.510456
v  -63.252934 134.876465 -0.128521
v  -63.581707 134.370331 -3.227012
v  -63.252934 134.876465 -0.128521
v  -65.413139 134.451385 -0.453416
v  -65.801750 134.680435 -2.367979
v  -64.781601 135.487381 -6.938285
v  -63.581707 134.370331 -3.227012
v  -65.801750 134.680435 -2.367979
v  -66.979416 135.463486 -5.976788
v  -64.991890 138.220779 -7.093000
v  -64.781601 135.487381 -6.938285
v  -66.979416 135.463486 -5.976788
v  -67.661522 137.726486 -6.135950
v  -64.953461 140.380096 -4.649487
v  -64.991890 138.220779 -7.093000
v  -67.661522 137.726486 -6.135950
v  -68.209167 139.796921 -3.725861
v  -64.059120 140.248581 -0.577764
v  -64.953461 140.380096 -4.649487
v  -68.209167 139.796921 -3.725861
v  -67.312218 139.499283 0.243531
v  -63.083931 137.080551 1.510456
v  -64.059120 140.248581 -0.577764
v  -67.312218 139.499283 0.243531
v  -63.252934 134.876465 -0.128521
v  -63.083931 137.080551 1.510456
v  -65.872856 136.615891 2.254252
v  -67.661522 137.726486 -6.135950
v  -66.979416 135.463486 -5.976788
v  -71.117043 134.723007 -5.400311
v  -68.209167 139.796921 -3.725861
v  -67.661522 137.726486 -6.135950
v  -71.019531 137.094193 -6.077425
v  -67.312218 139.499283 0.243531
v  -68.209167 139.796921 -3.725861
v  -71.599266 138.972534 -3.921413
v  -65.801750 134.680435 -2.367979
v  -68.568748 132.899750 -0.347922
v  -70.213135 134.292953 -1.764330
v  -65.801750 134.680435 -2.367979
v  -70.213135 134.292953 -1.764330
v  -71.117043 134.723007 -5.400311
v  -66.979416 135.463486 -5.976788
v  -67.312218 139.499283 0.243531
v  -71.213783 138.098511 1.433588
v  -69.313477 136.261032 2.686132
v  -65.801750 134.680435 -2.367979
v  -65.413139 134.451385 -0.453416
v  -68.568748 132.899750 -0.347922
v  -69.389343 134.342407 5.001265
v  -71.940033 134.290543 3.625730
v  -74.684311 132.052048 4.861677
v  -75.401634 128.232635 6.566452
v  -72.490349 130.023483 5.194373
v  -75.993423 130.195053 7.526445
v  -75.993423 130.195053 7.526445
v  -73.082153 131.985886 6.154365
v  -77.011452 130.873245 5.962024
v  -75.993423 130.195053 7.526445
v  -77.011452 130.873245 5.962024
v  -76.395149 128.977097 4.732968
v  -75.401634 128.232635 6.566452
v  -67.600708 135.527908 3.263055
v  -69.389343 134.342407 5.001265
v  -68.531364 131.285583 3.470320
v  -66.977562 133.093246 1.322781
v  -66.977562 133.093246 1.322781
v  -68.531364 131.285583 3.470320
v  -68.568748 132.899750 -0.347922
v  -83.949265 132.472244 0.993480
v  -80.063408 134.956085 0.773178
v  -84.357201 133.062714 -2.367839
v  -81.256546 130.538651 3.044350
v  -78.490532 132.359100 2.874663
v  -82.149620 132.073868 3.714220
v  -82.149620 132.073868 3.714220
v  -78.965378 134.154251 3.448345
v  -83.949265 132.472244 0.993480
v  -81.256546 130.538651 3.044350
v  -83.377014 131.197968 -2.081008
v  -81.389305 132.312897 -2.164747
v  -83.377014 131.197968 -2.081008
v  -83.949265 132.472244 0.993480
v  -84.357201 133.062714 -2.367839
v  -81.256546 130.538651 3.044350
v  -82.149620 132.073868 3.714220
v  -83.949265 132.472244 0.993480
v  -83.377014 131.197968 -2.081008
v  -82.295670 134.321823 -2.878712
v  -78.757545 136.440643 -3.547544
v  -81.215126 133.370209 -5.911990
v  -81.215126 133.370209 -5.911990
v  -78.332642 135.320160 -6.407363
v  -79.008881 133.190979 -5.001731
v  -81.389305 132.312897 -2.164747
v  -80.461304 132.317657 -4.789637
v  -78.990723 133.626282 -1.917386
v  -81.389305 132.312897 -2.164747
v  -78.990723 133.626282 -1.917386
v  -81.256546 130.538651 3.044350
v  -81.215126 133.370209 -5.911990
v  -80.461304 132.317657 -4.789637
v  -82.295670 134.321823 -2.878712
v  -81.389305 132.312897 -2.164747
v  -83.377014 131.197968 -2.081008
v  -84.357201 133.062714 -2.367839
v  -82.295670 134.321823 -2.878712
v  -2.180756 124.046799 10.179037
v  0.000054 124.199356 10.269410
v  0.000062 129.922195 7.696062
v  -2.460011 131.963226 6.751617
v  -13.337071 124.256874 5.223781
v  -7.880368 123.722023 9.453444
v  -8.431222 131.650513 6.517456
v  -7.880368 123.722023 9.453444
v  -2.180756 124.046799 10.179037
v  -2.460011 131.963226 6.751617
v  -8.431222 131.650513 6.517456
v  -2.460011 131.963226 6.751617
v  0.000062 129.922195 7.696062
v  0.000068 134.188202 4.095261
v  -8.431222 131.650513 6.517456
v  -2.460011 131.963226 6.751617
v  -3.986889 138.284439 1.959312
v  -4.885612 132.651199 -14.472994
v  -11.612435 130.624573 -13.920909
v  -12.211730 139.252594 -11.520919
v  -6.653862 140.783859 -10.881501
v  -1.611352 149.053619 9.918139
v  -2.006661 147.428787 8.734254
v  -2.006661 147.428787 8.734254
v  -2.319041 146.108414 8.484870
v  0.000086 147.406937 9.296117
v  -5.572587 150.880005 3.651218
v  -6.572169 152.867645 -0.069918
v  -6.516987 150.059723 0.523562
v  -6.152141 154.758606 2.379112
v  -6.548111 152.120834 -2.601603
v  -6.188107 150.680130 -1.789653
v  -6.572169 152.867645 -0.069918
v  -6.548111 152.120834 -2.601603
v  -6.572169 152.867645 -0.069918
v  -7.081210 155.321838 0.568870
v  -8.371398 155.493027 -3.818799
v  -7.706653 152.643478 -1.945936
v  -7.706653 152.643478 -1.945936
v  -8.371398 155.493027 -3.818799
v  -7.224911 155.613083 -3.930995
v  -6.548111 152.120834 -2.601603
v  -6.572169 152.867645 -0.069918
v  -7.706653 152.643478 -1.945936
v  -6.548111 152.120834 -2.601603
v  -19.352819 7.975336 -11.684255
v  -14.238531 17.542740 0.218704
v  -19.266033 16.205029 -3.594466
v  -20.451027 11.194528 -5.104611
v  -14.378981 13.522193 1.983378
v  -19.266033 16.205029 -3.594466
v  -19.367838 15.741223 -11.520743
v  -19.352819 7.975336 -11.684255
v  -20.451027 11.194528 -5.104611
v  -8.950069 17.127867 -2.671931
v  -14.238531 17.542740 0.218704
v  -14.378981 13.522193 1.983378
v  -8.772057 11.666861 -4.386624
v  -9.444432 11.115268 -8.495090
v  -14.174452 8.402909 -14.103842
v  -19.352819 7.975336 -11.684255
v  -14.174452 8.402909 -14.103842
v  -14.307434 6.285140 -13.670738
v  -20.074129 6.682625 -8.032094
v  -14.378981 13.522193 1.983378
v  -20.451027 11.194528 -5.104611
v  -19.497662 9.855881 -3.602746
v  -20.451027 11.194528 -5.104611
v  -19.352819 7.975336 -11.684255
v  -20.074129 6.682625 -8.032094
v  -19.497662 9.855881 -3.602746
v  -8.772057 11.666861 -4.386624
v  -14.378981 13.522193 1.983378
v  -14.213550 11.807644 0.101573
v  -10.690578 8.768553 -3.197536
v  -9.444432 11.115268 -8.495090
v  -8.772057 11.666861 -4.386624
v  -10.690578 8.768553 -3.197536
v  -10.258424 6.935235 -10.150949
v  -14.174452 8.402909 -14.103842
v  -9.444432 11.115268 -8.495090
v  -10.258424 6.935235 -10.150949
v  -14.307434 6.285140 -13.670738
v  -14.307434 6.285140 -13.670738
v  -19.497662 9.855881 -3.602746
v  -20.074129 6.682625 -8.032094
v  -19.489634 3.429738 -9.324571
v  -19.598436 2.519210 -3.395196
v  -10.690578 8.768553 -3.197536
v  -10.258424 6.935235 -10.150949
v  -14.393570 8.907102 4.579496
v  -14.213550 11.807644 0.101573
v  -19.083611 7.711217 2.204159
v  -10.690578 8.768553 -3.197536
v  -14.213550 11.807644 0.101573
v  -14.393570 8.907102 4.579496
v  -11.167287 6.481376 5.150752
v  -19.497662 9.855881 -3.602746
v  -19.598436 2.519210 -3.395196
v  -21.191526 1.187203 3.191231
v  -19.083611 7.711217 2.204159
v  -10.251678 3.157121 -3.607814
v  -10.690578 8.768553 -3.197536
v  -11.167287 6.481376 5.150752
v  -11.102723 1.462453 3.529574
v  -14.393570 8.907102 4.579496
v  -19.083611 7.711217 2.204159
v  -19.690882 5.252268 9.369429
v  -15.963233 6.376843 11.726687
v  -11.167287 6.481376 5.150752
v  -14.393570 8.907102 4.579496
v  -15.963233 6.376843 11.726687
v  -12.354178 4.957284 12.286403
v  -19.083611 7.711217 2.204159
v  -21.191526 1.187203 3.191231
v  -21.494867 1.369080 9.809973
v  -19.690882 5.252268 9.369429
v  -11.102723 1.462453 3.529574
v  -11.167287 6.481376 5.150752
v  -12.354178 4.957284 12.286403
v  -11.080157 1.130612 10.872086
v  -15.963233 6.376843 11.726687
v  -19.690882 5.252268 9.369429
v  -17.379919 4.289267 13.916278
v  -12.354178 4.957284 12.286403
v  -15.963233 6.376843 11.726687
v  -17.379919 4.289267 13.916278
v  -12.958737 4.255167 14.549288
v  -19.690882 5.252268 9.369429
v  -21.494867 1.369080 9.809973
v  -18.119743 1.348500 13.910463
v  -17.379919 4.289267 13.916278
v  -11.080157 1.130612 10.872086
v  -12.354178 4.957284 12.286403
v  -12.958737 4.255167 14.549288
v  -12.013805 1.183276 14.968616
v  -12.013805 1.183276 14.968616
v  -12.958737 4.255167 14.549288
v  -17.379919 4.289267 13.916278
v  -18.119743 1.348500 13.910463
v  -19.598436 2.519210 -3.395196
v  -19.489634 3.429738 -9.324571
v  -17.957993 -0.125959 -10.223136
v  -18.880919 -0.246558 -2.692464
v  -21.191526 1.187203 3.191231
v  -19.598436 2.519210 -3.395196
v  -18.880919 -0.246558 -2.692464
v  -20.328394 0.016295 3.081120
v  -10.251678 3.157121 -3.607814
v  -11.102723 1.462453 3.529574
v  -12.852624 -0.203131 3.180019
v  -12.119571 -0.110914 -1.718555
v  -21.494867 1.369080 9.809973
v  -21.191526 1.187203 3.191231
v  -20.328394 0.016295 3.081120
v  -20.454191 0.032485 9.063217
v  -11.102723 1.462453 3.529574
v  -11.080157 1.130612 10.872086
v  -11.047932 -0.058361 10.148242
v  -12.852624 -0.203131 3.180019
v  -18.119743 1.348500 13.910463
v  -21.494867 1.369080 9.809973
v  -20.454191 0.032485 9.063217
v  -17.849714 -0.011699 12.769288
v  -11.080157 1.130612 10.872086
v  -12.013805 1.183276 14.968616
v  -12.331099 -0.098039 13.725658
v  -11.047932 -0.058361 10.148242
v  -12.013805 1.183276 14.968616
v  -18.119743 1.348500 13.910463
v  -17.849714 -0.011699 12.769288
v  -12.331099 -0.098039 13.725658
v  -12.852624 -0.203131 3.180019
v  -11.047932 -0.058361 10.148242
v  -20.454191 0.032485 9.063217
v  -20.328394 0.016295 3.081120
v  -11.047932 -0.058361 10.148242
v  -12.331099 -0.098039 13.725658
v  -17.849714 -0.011699 12.769288
v  -20.454191 0.032485 9.063217
v  -12.119571 -0.110914 -1.718555
v  -12.852624 -0.203131 3.180019
v  -20.328394 0.016295 3.081120
v  -18.880919 -0.246558 -2.692464
v  -4.348544 123.244560 -14.414868
v  -4.885612 132.651199 -14.472994
v  0.000064 131.663010 -14.515271
v  0.000054 124.128090 -14.927488
v  -4.086692 100.992584 10.139498
v  -10.804776 102.315735 6.630224
v  -10.501396 96.769569 6.730069
v  -10.804776 102.315735 6.630224
v  -14.895365 103.460800 1.473699
v  -14.474242 98.118217 2.147120
v  -14.895365 103.460800 1.473699
v  -13.177830 103.602776 -7.337630
v  -13.700637 98.865120 -5.931135
v  -41.315941 133.028336 -3.512167
v  -41.667698 132.006714 -8.362763
v  -38.007950 132.214111 -7.975270
v  -38.179703 133.325592 -3.816709
v  -38.007950 132.214111 -7.975270
v  -41.667698 132.006714 -8.362763
v  -41.308590 135.983139 -11.512659
v  -36.375294 135.618942 -11.526840
v  -41.308590 135.983139 -11.512659
v  -40.950356 139.853561 -10.637194
v  -37.222248 139.992584 -10.539055
v  -36.375294 135.618942 -11.526840
v  -37.222248 139.992584 -10.539055
v  -40.950356 139.853561 -10.637194
v  -41.384575 140.986786 -8.276188
v  -37.248371 141.053070 -8.108423
v  -41.384575 140.986786 -8.276188
v  -41.520069 140.730057 -4.640382
v  -37.697937 140.437469 -4.974201
v  -37.248371 141.053070 -8.108423
v  -41.520069 140.730057 -4.640382
v  -42.017868 137.281418 -2.794421
v  -38.391270 137.310623 -2.900511
v  -37.697937 140.437469 -4.974201
v  -38.391270 137.310623 -2.900511
v  -42.017868 137.281418 -2.794421
v  -41.315941 133.028336 -3.512167
v  -38.179703 133.325592 -3.816709
v  -19.548565 29.789408 -3.105104
v  -14.212867 20.811205 0.422572
v  -14.238531 17.542740 0.218704
v  -8.950069 17.127867 -2.671931
v  -9.231072 20.659891 -2.512690
v  -14.212867 20.811205 0.422572
v  -10.137526 16.681366 -9.896873
v  0.000026 104.032639 -10.533979
v  -5.058193 103.867668 -9.681191
v  -5.051830 112.075188 -10.712566
v  0.000039 113.098747 -11.742842
v  0.000039 113.098747 -11.742842
v  -5.051830 112.075188 -10.712566
v  -4.348544 123.244560 -14.414868
v  0.000054 124.128090 -14.927488
v  0.000022 100.823593 9.844435
v  -4.086692 100.992584 10.139498
v  -3.694407 95.790901 10.472601
v  18.645365 20.268930 -3.349790
v  14.212689 20.811169 0.422572
v  14.238344 17.542704 0.218703
v  19.265842 16.204977 -3.594467
v  18.507774 44.540413 -7.957329
v  17.496399 49.621037 -7.102445
v  17.994066 47.982635 0.455940
v  17.759005 44.870354 -0.655553
v  17.759005 44.870354 -0.655553
v  17.994066 47.982635 0.455940
v  12.985874 47.829060 5.050292
v  12.985869 44.104259 3.595760
v  12.092222 44.530388 -10.309023
v  11.212165 49.808315 -9.145831
v  17.496399 49.621037 -7.102445
v  18.507774 44.540413 -7.957329
v  12.985869 44.104259 3.595760
v  12.985874 47.829060 5.050292
v  6.723830 47.066563 1.990429
v  6.808363 43.306168 0.974886
v  6.808363 43.306168 0.974886
v  6.723830 47.066563 1.990429
v  5.270349 48.761921 -5.080997
v  5.625639 43.657345 -6.288444
v  5.625639 43.657345 -6.288444
v  5.270349 48.761921 -5.080997
v  11.212165 49.808315 -9.145831
v  12.092222 44.530388 -10.309023
v  17.496399 49.621037 -7.102445
v  17.604708 53.320923 -6.830314
v  17.769638 52.466389 0.835370
v  17.994066 47.982635 0.455940
v  17.994066 47.982635 0.455940
v  17.769638 52.466389 0.835370
v  12.205946 52.074135 6.134619
v  12.985874 47.829060 5.050292
v  11.212165 49.808315 -9.145831
v  10.576515 53.255642 -8.731192
v  17.604708 53.320923 -6.830314
v  17.496399 49.621037 -7.102445
v  12.985874 47.829060 5.050292
v  12.205946 52.074135 6.134619
v  5.868009 51.702477 3.305648
v  6.723830 47.066563 1.990429
v  6.723830 47.066563 1.990429
v  5.868009 51.702477 3.305648
v  4.649958 52.574471 -5.457606
v  5.270349 48.761921 -5.080997
v  5.270349 48.761921 -5.080997
v  4.649958 52.574471 -5.457606
v  10.576515 53.255642 -8.731192
v  11.212165 49.808315 -9.145831
v  17.604708 53.320923 -6.830314
v  17.639999 64.463356 -6.201100
v  17.552551 64.276665 1.492008
v  17.769638 52.466389 0.835370
v  17.769638 52.466389 0.835370
v  17.552551 64.276665 1.492008
v  11.797361 63.997189 6.733189
v  12.205946 52.074135 6.134619
v  10.576515 53.255642 -8.731192
v  9.802665 63.821949 -8.664689
v  17.639999 64.463356 -6.201100
v  17.604708 53.320923 -6.830314
v  12.205946 52.074135 6.134619
v  11.797361 63.997189 6.733189
v  4.273050 63.054104 3.972988
v  5.868009 51.702477 3.305648
v  5.868009 51.702477 3.305648
v  4.273050 63.054104 3.972988
v  4.147206 63.189056 -4.326346
v  4.649958 52.574471 -5.457606
v  4.649958 52.574471 -5.457606
v  4.147206 63.189056 -4.326346
v  9.802665 63.821949 -8.664689
v  10.576515 53.255642 -8.731192
v  4.147206 63.189056 -4.326346
v  2.907104 73.583450 -5.348845
v  5.280461 110.822533 9.678097
v  0.000038 112.376015 10.770357
v  0.000022 100.823593 9.844435
v  4.086736 100.992577 10.139498
v  10.804824 102.315704 6.630224
v  11.805711 111.836906 5.912307
v  5.280461 110.822533 9.678097
v  4.086736 100.992577 10.139498
v  14.895414 103.460754 1.473699
v  15.981905 112.983337 -1.298763
v  11.805711 111.836906 5.912307
v  10.804824 102.315704 6.630224
v  13.177881 103.602745 -7.337630
v  13.813843 112.208015 -9.001268
v  15.981905 112.983337 -1.298763
v  14.895414 103.460754 1.473699
v  5.058244 103.867653 -9.681191
v  5.051904 112.075180 -10.712566
v  13.813843 112.208015 -9.001268
v  13.177881 103.602745 -7.337630
v  2.488042 120.763069 10.133401
v  0.000049 120.577728 10.020378
v  0.000038 112.376015 10.770357
v  5.280461 110.822533 9.678097
v  11.805711 111.836906 5.912307
v  13.269936 121.411224 4.979527
v  7.580597 120.479973 9.724223
v  5.280461 110.822533 9.678097
v  15.981905 112.983337 -1.298763
v  16.421692 121.896820 -2.027018
v  13.269936 121.411224 4.979527
v  11.805711 111.836906 5.912307
v  13.813843 112.208015 -9.001268
v  15.545819 121.281654 -10.459129
v  16.421692 121.896820 -2.027018
v  15.981905 112.983337 -1.298763
v  5.051904 112.075180 -10.712566
v  4.348649 123.244545 -14.414868
v  15.545819 121.281654 -10.459129
v  13.813843 112.208015 -9.001268
v  2.180864 124.046799 10.179037
v  0.000054 124.199356 10.269410
v  0.000049 120.577728 10.020378
v  2.488042 120.763069 10.133401
v  13.269936 121.411224 4.979527
v  13.337180 124.256844 5.223781
v  7.880475 123.722000 9.453444
v  7.580597 120.479973 9.724223
v  16.421692 121.896820 -2.027018
v  17.549685 127.696686 -1.496329
v  13.337180 124.256844 5.223781
v  13.269936 121.411224 4.979527
v  15.545819 121.281654 -10.459129
v  19.123831 127.433083 -9.399050
v  17.549685 127.696686 -1.496329
v  16.421692 121.896820 -2.027018
v  4.348649 123.244545 -14.414868
v  4.885744 132.651184 -14.472994
v  11.612561 130.624542 -13.920909
v  15.545819 121.281654 -10.459129
v  2.488042 120.763069 10.133401
v  7.580597 120.479973 9.724223
v  7.880475 123.722000 9.453444
v  2.180864 124.046799 10.179037
v  2.488042 120.763069 10.133401
v  5.280461 110.822533 9.678097
v  7.580597 120.479973 9.724223
v  15.545819 121.281654 -10.459129
v  11.612561 130.624542 -13.920909
v  16.404016 131.831726 -13.047584
v  11.612561 130.624542 -13.920909
v  12.211880 139.252563 -11.520919
v  17.450357 139.360336 -11.387251
v  13.337180 124.256844 5.223781
v  17.549685 127.696686 -1.496329
v  14.074513 131.616531 3.163059
v  22.487898 139.826874 -11.322089
v  28.804926 139.206924 -11.474311
v  26.550234 133.977966 -12.764333
v  22.790611 141.898483 -6.239597
v  29.672802 141.957657 -7.533022
v  28.804926 139.206924 -11.474311
v  22.487898 139.826874 -11.322089
v  22.733456 139.277771 -1.568701
v  28.398149 140.819016 -3.225883
v  29.672802 141.957657 -7.533022
v  22.790611 141.898483 -6.239597
v  22.733456 139.277771 -1.568701
v  22.658884 136.656189 0.585596
v  28.398149 140.819016 -3.225883
v  36.510727 137.388275 -0.359713
v  27.208324 137.096893 -0.080826
v  38.008083 132.214005 -7.975267
v  38.008083 132.214005 -7.975267
v  37.222404 139.992477 -10.539052
v  35.509220 142.676163 -8.713359
v  37.248528 141.052963 -8.108419
v  37.222404 139.992477 -10.539052
v  34.184082 140.677094 -12.121672
v  36.314598 141.771515 -3.856122
v  37.698093 140.437363 -4.974198
v  37.248528 141.052963 -8.108419
v  35.509220 142.676163 -8.713359
v  38.391418 137.310532 -2.900507
v  37.698093 140.437363 -4.974198
v  36.314598 141.771515 -3.856122
v  36.510727 137.388275 -0.359713
v  36.510727 137.388275 -0.359713
v  41.667831 132.006607 -8.362760
v  45.419682 132.804810 -8.152538
v  44.173065 133.341843 -3.431858
v  41.316078 133.028214 -3.512164
v  41.308735 135.983032 -11.512655
v  44.737377 136.046158 -11.186956
v  45.419682 132.804810 -8.152538
v  41.667831 132.006607 -8.362760
v  40.950512 139.853455 -10.637191
v  44.862457 139.342804 -10.836928
v  44.737377 136.046158 -11.186956
v  41.308735 135.983032 -11.512655
v  41.384731 140.986679 -8.276184
v  45.656139 140.427780 -8.012364
v  44.862457 139.342804 -10.836928
v  40.950512 139.853455 -10.637191
v  41.520226 140.729950 -4.640379
v  45.116688 140.448441 -4.461728
v  45.656139 140.427780 -8.012364
v  41.384731 140.986679 -8.276184
v  42.018017 137.281296 -2.794417
v  44.873207 137.208176 -2.746404
v  45.116688 140.448441 -4.461728
v  41.520226 140.729950 -4.640379
v  41.316078 133.028214 -3.512164
v  44.173065 133.341843 -3.431858
v  44.873207 137.208176 -2.746404
v  42.018017 137.281296 -2.794417
v  45.419682 132.804810 -8.152538
v  51.831493 132.861740 -7.005819
v  51.421482 133.329117 -3.536173
v  44.173065 133.341843 -3.431858
v  44.737377 136.046158 -11.186956
v  51.796513 135.445419 -10.351284
v  51.831493 132.861740 -7.005819
v  45.419682 132.804810 -8.152538
v  44.862457 139.342804 -10.836928
v  52.335014 139.048782 -10.091335
v  51.796513 135.445419 -10.351284
v  44.737377 136.046158 -11.186956
v  45.656139 140.427780 -8.012364
v  52.651138 140.908417 -6.857412
v  52.335014 139.048782 -10.091335
v  44.862457 139.342804 -10.836928
v  45.116688 140.448441 -4.461728
v  52.177937 140.812439 -3.769236
v  52.651138 140.908417 -6.857412
v  45.656139 140.427780 -8.012364
v  44.873207 137.208176 -2.746404
v  51.010754 136.676773 -1.875015
v  52.177937 140.812439 -3.769236
v  45.116688 140.448441 -4.461728
v  44.173065 133.341843 -3.431858
v  51.421482 133.329117 -3.536173
v  51.010754 136.676773 -1.875015
v  44.873207 137.208176 -2.746404
v  61.346245 134.645645 -3.732068
v  63.581852 134.370178 -3.227008
v  63.253078 134.876297 -0.128517
v  61.070465 135.057800 -1.191066
v  62.346092 135.549744 -6.756730
v  64.781754 135.487213 -6.938282
v  63.581852 134.370178 -3.227008
v  61.346245 134.645645 -3.732068
v  62.670261 138.318771 -7.299173
v  64.992043 138.220612 -7.092997
v  64.781754 135.487213 -6.938282
v  62.346092 135.549744 -6.756730
v  62.106750 139.794037 -4.849247
v  64.953621 140.379929 -4.649484
v  64.992043 138.220612 -7.092997
v  62.670261 138.318771 -7.299173
v  61.787758 140.190140 -1.287901
v  64.059280 140.248413 -0.577760
v  64.953621 140.379929 -4.649484
v  62.106750 139.794037 -4.849247
v  60.632301 137.139862 0.237754
v  63.084084 137.080383 1.510461
v  64.059280 140.248413 -0.577760
v  61.787758 140.190140 -1.287901
v  61.070465 135.057800 -1.191066
v  63.253078 134.876297 -0.128517
v  63.084084 137.080383 1.510461
v  60.632301 137.139862 0.237754
v  63.581852 134.370178 -3.227008
v  65.801895 134.680267 -2.367975
v  65.413284 134.451218 -0.453412
v  63.253078 134.876297 -0.128517
v  64.781754 135.487213 -6.938282
v  66.979568 135.463303 -5.976784
v  65.801895 134.680267 -2.367975
v  63.581852 134.370178 -3.227008
v  64.992043 138.220612 -7.092997
v  67.661674 137.726303 -6.135946
v  66.979568 135.463303 -5.976784
v  64.781754 135.487213 -6.938282
v  64.953621 140.379929 -4.649484
v  68.209328 139.796738 -3.725857
v  67.661674 137.726303 -6.135946
v  64.992043 138.220612 -7.092997
v  64.059280 140.248413 -0.577760
v  67.312378 139.499115 0.243535
v  68.209328 139.796738 -3.725857
v  64.953621 140.379929 -4.649484
v  63.084084 137.080383 1.510461
v  65.873009 136.615723 2.254257
v  67.312378 139.499115 0.243535
v  64.059280 140.248413 -0.577760
v  63.253078 134.876297 -0.128517
v  65.413284 134.451218 -0.453412
v  65.873009 136.615723 2.254257
v  63.084084 137.080383 1.510461
v  67.661674 137.726303 -6.135946
v  71.019684 137.094009 -6.077421
v  71.117195 134.722824 -5.400307
v  66.979568 135.463303 -5.976784
v  68.209328 139.796738 -3.725857
v  71.599426 138.972351 -3.921409
v  71.019684 137.094009 -6.077421
v  67.661674 137.726303 -6.135946
v  67.312378 139.499115 0.243535
v  71.213936 138.098312 1.433592
v  71.599426 138.972351 -3.921409
v  68.209328 139.796738 -3.725857
v  66.977707 133.093063 1.322787
v  67.600861 135.527725 3.263060
v  65.873009 136.615723 2.254257
v  65.801895 134.680267 -2.367975
v  70.213280 134.292770 -1.764326
v  68.568893 132.899582 -0.347917
v  66.979568 135.463303 -5.976784
v  71.117195 134.722824 -5.400307
v  65.801895 134.680267 -2.367975
v  65.801895 134.680267 -2.367975
v  68.568893 132.899582 -0.347917
v  65.413284 134.451218 -0.453412
v  69.389496 134.342224 5.001271
v  68.531509 131.285400 3.470326
v  73.082298 131.985703 6.154371
v  69.389496 134.342224 5.001271
v  73.082298 131.985703 6.154371
v  74.684456 132.051849 4.861683
v  75.993568 130.194839 7.526452
v  75.401772 128.232437 6.566459
v  76.395287 128.976898 4.732975
v  67.600861 135.527725 3.263060
v  69.389496 134.342224 5.001271
v  71.940178 134.290359 3.625736
v  67.600861 135.527725 3.263060
v  66.977707 133.093063 1.322787
v  68.531509 131.285400 3.470326
v  69.389496 134.342224 5.001271
v  66.977707 133.093063 1.322787
v  68.568893 132.899582 -0.347917
v  68.531509 131.285400 3.470326
v  82.295822 134.321609 -2.878707
v  80.063560 134.955872 0.773183
v  84.357338 133.062485 -2.367833
v  81.256683 130.538437 3.044357
v  81.389442 132.312683 -2.164741
v  83.377151 131.197739 -2.081002
v  83.377151 131.197739 -2.081002
v  84.357338 133.062485 -2.367833
v  83.949402 132.472015 0.993486
v  83.949402 132.472015 0.993486
v  82.149757 132.073654 3.714226
v  81.256683 130.538437 3.044357
v  83.377151 131.197739 -2.081002
v  81.215263 133.369995 -5.911985
v  78.332794 135.319946 -6.407359
v  78.757698 136.440430 -3.547540
v  82.295822 134.321609 -2.878707
v  81.215263 133.369995 -5.911985
v  80.461441 132.317444 -4.789632
v  79.009018 133.190765 -5.001727
v  81.256683 130.538437 3.044357
v  78.490669 132.358887 2.874668
v  78.990860 133.626083 -1.917381
v  81.389442 132.312683 -2.164741
v  81.389442 132.312683 -2.164741
v  80.461441 132.317444 -4.789632
v  82.295822 134.321609 -2.878707
v  81.389442 132.312683 -2.164741
v  82.295822 134.321609 -2.878707
v  84.357338 133.062485 -2.367833
v  83.377151 131.197739 -2.081002
v  2.180864 124.046799 10.179037
v  2.460140 131.963226 6.751617
v  0.000062 129.922195 7.696062
v  0.000054 124.199356 10.269410
v  13.337180 124.256844 5.223781
v  14.074513 131.616531 3.163059
v  8.431350 131.650482 6.517456
v  7.880475 123.722000 9.453444
v  7.880475 123.722000 9.453444
v  8.431350 131.650482 6.517456
v  2.460140 131.963226 6.751617
v  2.180864 124.046799 10.179037
v  2.460140 131.963226 6.751617
v  3.987036 138.284439 1.959312
v  0.000068 134.188202 4.095261
v  0.000062 129.922195 7.696062
v  8.431350 131.650482 6.517456
v  14.074513 131.616531 3.163059
v  7.785097 140.263916 0.439511
v  8.431350 131.650482 6.517456
v  7.785097 140.263916 0.439511
v  3.987036 138.284439 1.959312
v  2.460140 131.963226 6.751617
v  4.885744 132.651184 -14.472994
v  6.654016 140.783844 -10.881501
v  12.211880 139.252563 -11.520919
v  11.612561 130.624542 -13.920909
v  4.885744 132.651184 -14.472994
v  0.000064 131.663010 -14.515271
v  0.000076 140.310059 -11.312045
v  3.917705 149.638351 7.994637
v  0.000086 147.406937 9.296117
v  0.000084 145.684921 9.052317
v  2.319210 146.108398 8.484870
v  2.006833 147.428787 8.734254
v  5.572769 150.879990 3.651218
v  6.517167 150.059692 0.523562
v  6.152333 154.758591 2.379112
v  7.706840 152.643463 -1.945936
v  6.548296 152.120819 -2.601603
v  6.572356 152.867630 -0.069918
v  6.548296 152.120819 -2.601603
v  7.706840 152.643463 -1.945936
v  14.238344 17.542704 0.218703
v  14.378782 13.522156 1.983379
v  20.450821 11.194474 -5.104612
v  19.265842 16.204977 -3.594467
v  20.450821 11.194474 -5.104612
v  8.949882 17.127844 -2.671932
v  8.771852 11.666840 -4.386624
v  14.378782 13.522156 1.983379
v  14.238344 17.542704 0.218703
v  8.949882 17.127844 -2.671932
v  19.352606 7.975285 -11.684255
v  20.073912 6.682571 -8.032094
v  14.307215 6.285103 -13.670739
v  14.174238 8.402873 -14.103842
v  14.378782 13.522156 1.983379
v  14.213346 11.807607 0.101573
v  19.497452 9.855829 -3.602746
v  20.450821 11.194474 -5.104612
v  20.450821 11.194474 -5.104612
v  19.497452 9.855829 -3.602746
v  20.073912 6.682571 -8.032094
v  19.352606 7.975285 -11.684255
v  8.771852 11.666840 -4.386624
v  10.690366 8.768526 -3.197536
v  14.213346 11.807607 0.101573
v  14.378782 13.522156 1.983379
v  9.444226 11.115245 -8.495090
v  10.258206 6.935209 -10.150949
v  10.690366 8.768526 -3.197536
v  8.771852 11.666840 -4.386624
v  14.174238 8.402873 -14.103842
v  14.307215 6.285103 -13.670739
v  10.258206 6.935209 -10.150949
v  9.444226 11.115245 -8.495090
v  20.073912 6.682571 -8.032094
v  19.489407 3.429686 -9.324571
v  14.469736 3.028325 -13.150850
v  14.307215 6.285103 -13.670739
v  19.497452 9.855829 -3.602746
v  19.598207 2.519158 -3.395196
v  19.489407 3.429686 -9.324571
v  20.073912 6.682571 -8.032094
v  10.258206 6.935209 -10.150949
v  9.954535 3.397373 -9.556680
v  10.251450 3.157095 -3.607814
v  10.690366 8.768526 -3.197536
v  14.307215 6.285103 -13.670739
v  14.469736 3.028325 -13.150850
v  9.954535 3.397373 -9.556680
v  10.258206 6.935209 -10.150949
v  19.497452 9.855829 -3.602746
v  14.213346 11.807607 0.101573
v  19.083395 7.711167 2.204160
v  10.690366 8.768526 -3.197536
v  11.167068 6.481348 5.150753
v  14.393357 8.907064 4.579497
v  19.497452 9.855829 -3.602746
v  19.083395 7.711167 2.204160
v  21.191294 1.187147 3.191232
v  19.598207 2.519158 -3.395196
v  10.251450 3.157095 -3.607814
v  11.102489 1.462425 3.529575
v  11.167068 6.481348 5.150753
v  10.690366 8.768526 -3.197536
v  14.393357 8.907064 4.579497
v  15.963013 6.376801 11.726688
v  19.690659 5.252216 9.369430
v  19.083395 7.711167 2.204160
v  11.167068 6.481348 5.150753
v  12.353954 4.957253 12.286404
v  15.963013 6.376801 11.726688
v  14.393357 8.907064 4.579497
v  19.083395 7.711167 2.204160
v  19.690659 5.252216 9.369430
v  21.494635 1.369023 9.809974
v  21.191294 1.187147 3.191232
v  11.102489 1.462425 3.529575
v  11.079923 1.130585 10.872087
v  12.353954 4.957253 12.286404
v  11.167068 6.481348 5.150753
v  15.963013 6.376801 11.726688
v  17.379694 4.289221 13.916279
v  19.690659 5.252216 9.369430
v  12.353954 4.957253 12.286404
v  12.958511 4.255133 14.549289
v  17.379694 4.289221 13.916279
v  15.963013 6.376801 11.726688
v  19.690659 5.252216 9.369430
v  17.379694 4.289221 13.916279
v  18.119509 1.348453 13.910464
v  21.494635 1.369023 9.809974
v  11.079923 1.130585 10.872087
v  12.013571 1.183245 14.968616
v  12.958511 4.255133 14.549289
v  12.353954 4.957253 12.286404
v  12.013571 1.183245 14.968616
v  18.119509 1.348453 13.910464
v  17.379694 4.289221 13.916279
v  12.958511 4.255133 14.549289
v  18.880682 -0.246608 -2.692464
v  10.251450 3.157095 -3.607814
v  21.191294 1.187147 3.191232
v  20.328157 0.016241 3.081120
v  18.880682 -0.246608 -2.692464
v  19.598207 2.519158 -3.395196
v  10.251450 3.157095 -3.607814
v  12.119332 -0.110945 -1.718555
v  12.852386 -0.203164 3.180020
v  11.102489 1.462425 3.529575
v  21.494635 1.369023 9.809974
v  20.453955 0.032431 9.063218
v  20.328157 0.016241 3.081120
v  21.191294 1.187147 3.191232
v  11.102489 1.462425 3.529575
v  12.852386 -0.203164 3.180020
v  11.047694 -0.058389 10.148243
v  11.079923 1.130585 10.872087
v  18.119509 1.348453 13.910464
v  17.849476 -0.011746 12.769289
v  20.453955 0.032431 9.063218
v  21.494635 1.369023 9.809974
v  11.079923 1.130585 10.872087
v  11.047694 -0.058389 10.148243
v  12.330861 -0.098070 13.725659
v  12.013571 1.183245 14.968616
v  12.013571 1.183245 14.968616
v  12.330861 -0.098070 13.725659
v  17.849476 -0.011746 12.769289
v  18.119509 1.348453 13.910464
v  12.852386 -0.203164 3.180020
v  20.328157 0.016241 3.081120
v  20.453955 0.032431 9.063218
v  11.047694 -0.058389 10.148243
v  12.119332 -0.110945 -1.718555
v  17.849476 -0.011746 12.769289
v  12.330861 -0.098070 13.725659
v  11.047694 -0.058389 10.148243
v  20.453955 0.032431 9.063218
v  20.328157 0.016241 3.081120
v  12.852386 -0.203164 3.180020
v  12.119332 -0.110945 -1.718555
v  18.880682 -0.246608 -2.692464
v  0.000054 124.128090 -14.927488
v  2.006833 147.428787 8.734254
v  13.177881 103.602745 -7.337630
v  10.091577 98.959053 -9.201343
v  5.058244 103.867653 -9.681191
v  5.058244 103.867653 -9.681191
v  3.827013 99.289200 -10.520917
v  0.000026 104.032639 -10.533979
v  38.008083 132.214005 -7.975267
v  41.667831 132.006607 -8.362760
v  41.316078 133.028214 -3.512164
v  38.179840 133.325485 -3.816706
v  38.008083 132.214005 -7.975267
v  36.375439 135.618835 -11.526837
v  41.308735 135.983032 -11.512655
v  41.667831 132.006607 -8.362760
v  37.222404 139.992477 -10.539052
v  40.950512 139.853455 -10.637191
v  41.308735 135.983032 -11.512655
v  36.375439 135.618835 -11.526837
v  37.222404 139.992477 -10.539052
v  37.248528 141.052963 -8.108419
v  41.384731 140.986679 -8.276184
v  40.950512 139.853455 -10.637191
v  37.698093 140.437363 -4.974198
v  41.520226 140.729950 -4.640379
v  41.384731 140.986679 -8.276184
v  37.248528 141.052963 -8.108419
v  38.391418 137.310532 -2.900507
v  42.018017 137.281296 -2.794417
v  41.520226 140.729950 -4.640379
v  37.698093 140.437363 -4.974198
v  38.391418 137.310532 -2.900507
v  38.179840 133.325485 -3.816706
v  41.316078 133.028214 -3.512164
v  42.018017 137.281296 -2.794417
v  19.192461 19.789768 -11.122458
v  18.645365 20.268930 -3.349790
v  19.548410 29.789356 -3.105105
v  14.560645 28.369253 0.626446
v  14.212689 20.811169 0.422572
v  14.212689 20.811169 0.422572
v  0.000026 104.032639 -10.533979
v  0.000039 113.098747 -11.742842
v  5.051904 112.075180 -10.712566
v  5.058244 103.867653 -9.681191
v  0.000039 113.098747 -11.742842
v  0.000054 124.128090 -14.927488
v  4.348649 123.244545 -14.414868
v  5.051904 112.075180 -10.712566
v  0.000022 100.823593 9.844435
v  0.000013 95.418121 10.347036
v  3.694435 95.790894 10.472601
v  4.086736 100.992577 10.139498
v  -15.700779 79.706047 -7.653432
v  -16.455540 77.913742 2.420820
v  -8.704823 75.237747 -10.146310
v  -10.122814 76.675873 8.593588
v  -15.700779 79.706047 -7.653432
v  -16.455540 77.913742 2.420820
v  -15.829373 83.121986 2.485300
v  -14.919786 83.559425 -7.625743
v  -16.455540 77.913742 2.420820
v  -10.122814 76.675873 8.593588
v  -9.191214 80.534912 8.625029
v  -15.829373 83.121986 2.485300
v  -8.704823 75.237747 -10.146310
v  -15.700779 79.706047 -7.653432
v  -14.919786 83.559425 -7.625743
v  -7.432941 79.693748 -11.589561
v  -10.122814 76.675873 8.593588
v  -2.261944 73.413544 5.762045
v  -0.976526 78.063828 6.083350
v  -10.122814 76.675873 8.593588
v  -0.976526 78.063828 6.083350
v  -9.191214 80.534912 8.625029
v  -3.279925 88.615166 9.497770
v  -3.239662 80.771568 8.503004
v  0.000001 88.314880 9.962559
v  -9.191214 80.534912 8.625029
v  -3.239662 80.771568 8.503004
v  -3.279925 88.615166 9.497770
v  -10.606407 87.877541 7.239360
v  -14.919786 83.559425 -7.625743
v  -15.829373 83.121986 2.485300
v  -15.152760 88.608650 2.831374
v  -14.568468 86.546974 -5.924377
v  -15.829373 83.121986 2.485300
v  -9.191214 80.534912 8.625029
v  -10.606407 87.877541 7.239360
v  -15.152760 88.608650 2.831374
v  -7.432941 79.693748 -11.589561
v  -14.919786 83.559425 -7.625743
v  -14.568468 86.546974 -5.924377
v  -9.066848 87.111107 -11.512222
v  -9.066848 87.111107 -11.512222
v  -14.568468 86.546974 -5.924377
v  -13.605437 89.735657 -5.615564
v  -8.602675 89.821609 -10.460258
v  -14.568468 86.546974 -5.924377
v  -15.152760 88.608650 2.831374
v  -13.605437 89.735657 -5.615564
v  -3.279925 88.615166 9.497770
v  0.000001 88.314880 9.962559
v  0.000007 92.858727 9.839219
v  -10.606407 87.877541 7.239360
v  -3.279925 88.615166 9.497770
v  -3.030362 92.901695 9.336830
v  -17.430880 89.593407 3.952711
v  -12.884530 88.862297 8.360697
v  -11.451623 93.268364 9.289714
v  -11.009857 90.307762 -12.457246
v  -15.507539 90.466690 -7.118697
v  -15.883353 96.172997 -7.045164
v  -10.122841 96.808662 -12.896498
v  -13.605437 89.735657 -5.615564
v  -15.152760 88.608650 2.831374
v  -14.338429 95.280930 1.570994
v  -3.234228 96.937569 -10.249492
v  -3.075728 92.848129 -10.933859
v  -8.697622 96.992561 -9.334167
v  -3.694407 95.790901 10.472601
v  -3.030362 92.901695 9.336830
v  0.000013 95.418121 10.347036
v  -10.501396 96.769569 6.730069
v  -9.215506 93.736450 7.690436
v  -3.694407 95.790901 10.472601
v  -15.420062 97.904152 2.942832
v  -16.766739 95.320892 3.257436
v  -11.494852 96.555504 7.525782
v  -10.122841 96.808662 -12.896498
v  -15.883353 96.172997 -7.045164
v  -15.219380 98.681213 -7.434269
v  -11.635162 98.775169 -10.704476
v  -13.700637 98.865120 -5.931135
v  -13.289634 96.356903 -4.529611
v  -14.474242 98.118217 2.147120
v  -3.234228 96.937569 -10.249492
v  -8.697622 96.992561 -9.334167
v  -3.826982 99.289207 -10.520917
v  -17.549566 127.696732 -1.496329
v  -19.123714 127.433136 -9.399050
v  -12.211730 139.252594 -11.520919
v  -12.211730 139.252594 -11.520919
v  -17.450207 139.360382 -11.387252
v  -18.551374 142.283859 -6.341892
v  -13.176868 139.610321 0.444844
v  -12.740530 143.043427 -5.820377
v  -18.548635 139.302170 -0.986237
v  -13.176868 139.610321 0.444844
v  -18.548635 139.302170 -0.986237
v  -19.576050 134.602509 1.388129
v  -14.074386 131.616562 3.163059
v  -14.074386 131.616562 3.163059
v  -19.576050 134.602509 1.388129
v  -17.549566 127.696732 -1.496329
v  -19.123714 127.433136 -9.399050
v  -17.549566 127.696732 -1.496329
v  -22.379126 129.551437 -2.413296
v  -22.669369 130.090683 -8.941358
v  -16.403887 131.831772 -13.047584
v  -19.123714 127.433136 -9.399050
v  -22.669369 130.090683 -8.941358
v  -21.578638 133.415817 -13.047871
v  -16.403887 131.831772 -13.047584
v  -17.450207 139.360382 -11.387252
v  -18.551374 142.283859 -6.341892
v  -19.576050 134.602509 1.388129
v  -18.548635 139.302170 -0.986237
v  -22.733303 139.277832 -1.568703
v  -22.658739 136.656265 0.585594
v  -17.549566 127.696732 -1.496329
v  -19.576050 134.602509 1.388129
v  -22.658739 136.656265 0.585594
v  -22.379126 129.551437 -2.413296
v  -22.379126 129.551437 -2.413296
v  -22.669369 130.090683 -8.941358
v  -22.733303 139.277832 -1.568703
v  -22.658739 136.656265 0.585594
v  -65.872856 136.615891 2.254252
v  -65.413139 134.451385 -0.453416
v  -71.019531 137.094193 -6.077425
v  -71.599266 138.972534 -3.921413
v  -71.213783 138.098511 1.433588
v  -65.872856 136.615891 2.254252
v  -69.313477 136.261032 2.686132
v  -67.600708 135.527908 3.263055
v  -65.872856 136.615891 2.254252
v  -67.600708 135.527908 3.263055
v  -66.977562 133.093246 1.322781
v  -65.413139 134.451385 -0.453416
v  -65.872856 136.615891 2.254252
v  -66.977562 133.093246 1.322781
v  -74.657257 133.557831 0.785103
v  -72.456932 132.608063 1.877788
v  -71.940033 134.290543 3.625730
v  -74.774422 135.590912 2.799347
v  -68.531364 131.285583 3.470320
v  -69.389343 134.342407 5.001265
v  -73.082153 131.985886 6.154365
v  -72.490349 130.023483 5.194373
v  -73.082153 131.985886 6.154365
v  -73.082153 131.985886 6.154365
v  -76.395149 128.977097 4.732968
v  -74.229065 130.425201 2.945827
v  -75.401634 128.232635 6.566452
v  -74.684311 132.052048 4.861677
v  -77.011452 130.873245 5.962024
v  -74.684311 132.052048 4.861677
v  -76.395149 128.977097 4.732968
v  -71.117043 134.723007 -5.400311
v  -75.159241 134.765076 -5.343329
v  -74.847046 137.038055 -6.574175
v  -71.019531 137.094193 -6.077425
v  -74.847046 137.038055 -6.574175
v  -75.864128 137.876144 -3.836093
v  -71.599266 138.972534 -3.921413
v  -71.019531 137.094193 -6.077425
v  -75.885178 137.239838 0.794506
v  -74.774422 135.590912 2.799347
v  -71.213783 138.098511 1.433588
v  -69.313477 136.261032 2.686132
v  -71.940033 134.290543 3.625730
v  -67.600708 135.527908 3.263055
v  -68.568748 132.899750 -0.347922
v  -72.456932 132.608063 1.877788
v  -70.213135 134.292953 -1.764330
v  -70.213135 134.292953 -1.764330
v  -74.657257 133.557831 0.785103
v  -75.159241 134.765076 -5.343329
v  -71.117043 134.723007 -5.400311
v  -71.213783 138.098511 1.433588
v  -74.774422 135.590912 2.799347
v  -71.940033 134.290543 3.625730
v  -69.313477 136.261032 2.686132
v  -72.456932 132.608063 1.877788
v  -71.213783 138.098511 1.433588
v  -71.599266 138.972534 -3.921413
v  -75.864128 137.876144 -3.836093
v  -75.885178 137.239838 0.794506
v  -74.847046 137.038055 -6.574175
v  -75.159241 134.765076 -5.343329
v  -79.008881 133.190979 -5.001731
v  -78.332642 135.320160 -6.407363
v  -75.864128 137.876144 -3.836093
v  -74.847046 137.038055 -6.574175
v  -78.332642 135.320160 -6.407363
v  -78.757545 136.440643 -3.547544
v  -75.885178 137.239838 0.794506
v  -75.864128 137.876144 -3.836093
v  -78.757545 136.440643 -3.547544
v  -80.063408 134.956085 0.773178
v  -75.159241 134.765076 -5.343329
v  -74.657257 133.557831 0.785103
v  -78.990723 133.626282 -1.917386
v  -79.008881 133.190979 -5.001731
v  -74.657257 133.557831 0.785103
v  -74.774422 135.590912 2.799347
v  -78.965378 134.154251 3.448345
v  -78.490532 132.359100 2.874663
v  -74.774422 135.590912 2.799347
v  -75.885178 137.239838 0.794506
v  -80.063408 134.956085 0.773178
v  -78.965378 134.154251 3.448345
v  -82.295670 134.321823 -2.878712
v  -78.965378 134.154251 3.448345
v  -80.063408 134.956085 0.773178
v  -74.657257 133.557831 0.785103
v  -78.490532 132.359100 2.874663
v  -78.990723 133.626282 -1.917386
v  -80.063408 134.956085 0.773178
v  -78.757545 136.440643 -3.547544
v  -82.295670 134.321823 -2.878712
v  -78.332642 135.320160 -6.407363
v  -80.461304 132.317657 -4.789637
v  -79.008881 133.190979 -5.001731
v  -78.490532 132.359100 2.874663
v  -81.389305 132.312897 -2.164747
v  -14.074386 131.616562 3.163059
v  -14.074386 131.616562 3.163059
v  -8.431222 131.650513 6.517456
v  -7.784945 140.263947 0.439511
v  -13.176868 139.610321 0.444844
v  -13.176868 139.610321 0.444844
v  -7.784945 140.263947 0.439511
v  -7.104882 143.757538 -5.027852
v  -12.211730 139.252594 -11.520919
v  -12.740530 143.043427 -5.820377
v  -6.653862 140.783859 -10.881501
v  -6.653862 140.783859 -10.881501
v  -5.022099 147.420715 -2.715661
v  -5.351532 144.679367 -3.482125
v  -3.555456 144.418564 0.665922
v  -3.574512 147.908951 -6.372503
v  -3.615311 144.823212 -6.915485
v  -5.022099 147.420715 -2.715661
v  0.000079 142.243790 1.985551
v  0.000083 144.986496 4.901669
v  -2.715293 145.902267 3.798140
v  -3.574512 147.908951 -6.372503
v  -5.022099 147.420715 -2.715661
v  -6.188107 150.680130 -1.789653
v  -4.081702 151.071777 -6.624998
v  -4.646882 147.281769 1.595117
v  -6.188107 150.680130 -1.789653
v  -5.022099 147.420715 -2.715661
v  0.000083 144.986496 4.901669
v  0.000084 145.684921 9.052317
v  -2.319041 146.108414 8.484870
v  -2.715293 145.902267 3.798140
v  -4.646882 147.281769 1.595117
v  -2.715293 145.902267 3.798140
v  -2.319041 146.108414 8.484870
v  -4.984280 149.751480 5.216210
v  0.000084 145.684921 9.052317
v  -6.188107 150.680130 -1.789653
v  -4.646882 147.281769 1.595117
v  -6.516987 150.059723 0.523562
v  -4.646882 147.281769 1.595117
v  -4.984280 149.751480 5.216210
v  -5.572587 150.880005 3.651218
v  -6.516987 150.059723 0.523562
v  -5.572587 150.880005 3.651218
v  -6.516987 150.059723 0.523562
v  -4.081702 151.071777 -6.624998
v  -6.188107 150.680130 -1.789653
v  -6.548111 152.120834 -2.601603
v  -4.390320 152.377884 -8.335037
v  -4.390320 152.377884 -8.335037
v  -6.433325 156.443665 -5.868370
v  -14.213550 11.807644 0.101573
v  -19.497662 9.855881 -3.602746
v  0.000087 147.839569 -7.216595
v  -3.574512 147.908951 -6.372503
v  -4.081702 151.071777 -6.624998
v  0.000091 151.071777 -7.527852
v  0.000091 151.071777 -7.527852
v  -4.081702 151.071777 -6.624998
v  -4.390320 152.377884 -8.335037
v  0.000094 152.874924 -9.953916
v  -3.694407 95.790901 10.472601
v  -10.501396 96.769569 6.730069
v  -14.474242 98.118217 2.147120
v  -10.091546 98.959076 -9.201343
v  -13.177830 103.602776 -7.337630
v  -5.058193 103.867668 -9.681191
v  -3.826982 99.289207 -10.520917
v  -3.826982 99.289207 -10.520917
v  -5.058193 103.867668 -9.681191
v  0.000026 104.032639 -10.533979
v  0.000016 99.273880 -10.428399
v  -13.700637 98.865120 -5.931135
v  -13.177830 103.602776 -7.337630
v  -10.091546 98.959076 -9.201343
v  -3.549333 148.772446 -7.634603
v  -5.322242 151.276840 -6.129337
v  -5.463573 152.119308 -8.455638
v  -5.322242 151.276840 -6.129337
v  -5.463573 152.119308 -8.455638
v  -6.785955 155.616806 -7.047773
v  -5.322242 151.276840 -6.129337
v  -3.549333 148.772446 -7.634603
v  -3.494216 148.399948 -6.162571
v  -4.800976 151.220947 -4.636192
v  -3.549333 148.772446 -7.634603
v  0.000088 148.422958 -8.273715
v  0.000087 148.233032 -6.888089
v  -3.494216 148.399948 -6.162571
v  -15.152760 88.608650 2.831374
v  -10.606407 87.877541 7.239360
v  -12.884530 88.862297 8.360697
v  -17.430880 89.593407 3.952711
v  -10.606407 87.877541 7.239360
v  -9.215506 93.736450 7.690436
v  -11.451623 93.268364 9.289714
v  -12.884530 88.862297 8.360697
v  -10.501396 96.769569 6.730069
v  -14.474242 98.118217 2.147120
v  -15.420062 97.904152 2.942832
v  -11.494852 96.555504 7.525782
v  -14.474242 98.118217 2.147120
v  -14.338429 95.280930 1.570994
v  -16.766739 95.320892 3.257436
v  -15.420062 97.904152 2.942832
v  -8.602675 89.821609 -10.460258
v  -13.605437 89.735657 -5.615564
v  -15.507539 90.466690 -7.118697
v  -11.009857 90.307762 -12.457246
v  -13.605437 89.735657 -5.615564
v  -13.289634 96.356903 -4.529611
v  -15.883353 96.172997 -7.045164
v  -15.507539 90.466690 -7.118697
v  -13.700637 98.865120 -5.931135
v  -10.091546 98.959076 -9.201343
v  -11.635162 98.775169 -10.704476
v  -15.219380 98.681213 -7.434269
v  -10.091546 98.959076 -9.201343
v  -8.697622 96.992561 -9.334167
v  -10.122841 96.808662 -12.896498
v  -11.635162 98.775169 -10.704476
v  -10.122841 96.808662 -12.896498
v  -8.697622 96.992561 -9.334167
v  -11.009857 90.307762 -12.457246
v  -3.234228 96.937569 -10.249492
v  -3.826982 99.289207 -10.520917
v  0.000016 99.273880 -10.428399
v  0.000007 96.902390 -10.438432
v  0.000082 144.787903 -7.599063
v  -3.615311 144.823212 -6.915485
v  0.000087 147.839569 -7.216595
v  0.000013 95.418121 10.347036
v  -3.549333 148.772446 -7.634603
v  -5.463573 152.119308 -8.455638
v  0.000092 151.432617 -10.323348
v  0.000088 148.422958 -8.273715
v  15.700772 79.706024 -7.653432
v  14.919786 83.559418 -7.625743
v  15.829370 83.121964 2.485300
v  16.455523 77.913704 2.420820
v  16.455523 77.913704 2.420820
v  15.829370 83.121964 2.485300
v  9.191211 80.534897 8.625028
v  10.122797 76.675850 8.593588
v  8.704818 75.237740 -10.146309
v  7.432947 79.693756 -11.589561
v  14.919786 83.559418 -7.625743
v  15.700772 79.706024 -7.653432
v  10.122797 76.675850 8.593588
v  0.976530 78.063828 6.083350
v  2.261936 73.413536 5.762044
v  8.704818 75.237740 -10.146309
v  2.907104 73.583450 -5.348845
v  7.432947 79.693756 -11.589561
v  9.191211 80.534897 8.625028
v  10.606408 87.877541 7.239360
v  3.279927 88.615166 9.497770
v  14.919786 83.559418 -7.625743
v  14.568467 86.546974 -5.924376
v  15.152761 88.608643 2.831374
v  15.829370 83.121964 2.485300
v  15.829370 83.121964 2.485300
v  15.152761 88.608643 2.831374
v  10.606408 87.877541 7.239360
v  9.191211 80.534897 8.625028
v  7.432947 79.693756 -11.589561
v  9.066846 87.111122 -11.512222
v  14.568467 86.546974 -5.924376
v  14.919786 83.559418 -7.625743
v  9.066846 87.111122 -11.512222
v  8.602671 89.821617 -10.460258
v  13.605434 89.735664 -5.615564
v  14.568467 86.546974 -5.924376
v  14.568467 86.546974 -5.924376
v  13.605434 89.735664 -5.615564
v  15.152761 88.608643 2.831374
v  7.432947 79.693756 -11.589561
v  2.339941 81.323608 -12.052080
v  9.066846 87.111122 -11.512222
v  4.085834 87.633072 -13.015760
v  3.075724 92.848129 -10.933859
v  8.602671 89.821617 -10.460258
v  9.066846 87.111122 -11.512222
v  3.279927 88.615166 9.497770
v  3.030375 92.901688 9.336830
v  0.000007 92.858727 9.839219
v  10.606408 87.877541 7.239360
v  9.215520 93.736435 7.690436
v  3.030375 92.901688 9.336830
v  3.279927 88.615166 9.497770
v  17.430887 89.593376 3.952711
v  16.766766 95.320847 3.257436
v  11.451643 93.268333 9.289714
v  12.884535 88.862282 8.360696
v  11.009853 90.307770 -12.457246
v  10.122861 96.808640 -12.896498
v  15.883375 96.172966 -7.045164
v  15.507539 90.466690 -7.118697
v  13.605434 89.735664 -5.615564
v  13.289649 96.356888 -4.529611
v  14.338447 95.280907 1.570994
v  15.152761 88.608643 2.831374
v  8.602671 89.821617 -10.460258
v  3.075724 92.848129 -10.933859
v  8.697636 96.992554 -9.334167
v  0.000007 92.858727 9.839219
v  3.030375 92.901688 9.336830
v  0.000013 95.418121 10.347036
v  10.122861 96.808640 -12.896498
v  11.635196 98.775139 -10.704476
v  15.219417 98.681168 -7.434269
v  3.827013 99.289200 -10.520917
v  10.091577 98.959053 -9.201343
v  8.697636 96.992554 -9.334167
v  3.234241 96.937561 -10.249492
v  19.123831 127.433083 -9.399050
v  16.404016 131.831726 -13.047584
v  12.211880 139.252563 -11.520919
v  12.740690 143.043381 -5.820377
v  18.551535 142.283798 -6.341891
v  17.450357 139.360336 -11.387251
v  18.551535 142.283798 -6.341891
v  12.740690 143.043381 -5.820377
v  18.548786 139.302124 -0.986236
v  13.177019 139.610291 0.444843
v  14.074513 131.616531 3.163059
v  19.576187 134.602448 1.388130
v  18.548786 139.302124 -0.986236
v  14.074513 131.616531 3.163059
v  17.549685 127.696686 -1.496329
v  19.576187 134.602448 1.388130
v  19.123831 127.433083 -9.399050
v  22.669495 130.090622 -8.941356
v  22.379250 129.551361 -2.413295
v  17.549685 127.696686 -1.496329
v  16.404016 131.831726 -13.047584
v  21.578772 133.415756 -13.047869
v  22.669495 130.090622 -8.941356
v  19.123831 127.433083 -9.399050
v  17.450357 139.360336 -11.387251
v  22.487898 139.826874 -11.322089
v  21.578772 133.415756 -13.047869
v  16.404016 131.831726 -13.047584
v  18.551535 142.283798 -6.341891
v  22.790611 141.898483 -6.239597
v  22.487898 139.826874 -11.322089
v  17.450357 139.360336 -11.387251
v  18.548786 139.302124 -0.986236
v  22.733456 139.277771 -1.568701
v  22.790611 141.898483 -6.239597
v  18.551535 142.283798 -6.341891
v  19.576187 134.602448 1.388130
v  22.658884 136.656189 0.585596
v  22.733456 139.277771 -1.568701
v  18.548786 139.302124 -0.986236
v  17.549685 127.696686 -1.496329
v  22.379250 129.551361 -2.413295
v  22.658884 136.656189 0.585596
v  19.576187 134.602448 1.388130
v  22.669495 130.090622 -8.941356
v  27.746538 130.497192 -8.866406
v  26.915890 130.347565 -2.368142
v  22.379250 129.551361 -2.413295
v  21.578772 133.415756 -13.047869
v  26.550234 133.977966 -12.764333
v  27.746538 130.497192 -8.866406
v  22.669495 130.090622 -8.941356
v  21.578772 133.415756 -13.047869
v  27.208324 137.096893 -0.080826
v  22.379250 129.551361 -2.413295
v  26.915890 130.347565 -2.368142
v  27.208324 137.096893 -0.080826
v  22.658884 136.656189 0.585596
v  65.873009 136.615723 2.254257
v  67.600861 135.527725 3.263060
v  69.313629 136.260849 2.686137
v  65.413284 134.451218 -0.453412
v  70.213280 134.292770 -1.764326
v  69.313629 136.260849 2.686137
v  71.213936 138.098312 1.433592
v  67.312378 139.499115 0.243535
v  65.873009 136.615723 2.254257
v  66.977707 133.093063 1.322787
v  74.657402 133.557632 0.785109
v  74.774574 135.590714 2.799353
v  71.940178 134.290359 3.625736
v  72.490494 130.023285 5.194379
v  68.531509 131.285400 3.470326
v  72.457077 132.607864 1.877794
v  72.490494 130.023285 5.194379
v  72.490494 130.023285 5.194379
v  75.401772 128.232437 6.566459
v  75.993568 130.194839 7.526452
v  73.082298 131.985703 6.154371
v  72.490494 130.023285 5.194379
v  74.229202 130.425003 2.945833
v  75.401772 128.232437 6.566459
v  73.082298 131.985703 6.154371
v  75.993568 130.194839 7.526452
v  77.011597 130.873032 5.962031
v  77.011597 130.873032 5.962031
v  71.117195 134.722824 -5.400307
v  71.019684 137.094009 -6.077421
v  74.847198 137.037857 -6.574172
v  75.159393 134.764893 -5.343325
v  71.599426 138.972351 -3.921409
v  75.864281 137.875946 -3.836089
v  74.847198 137.037857 -6.574172
v  71.019684 137.094009 -6.077421
v  75.885330 137.239639 0.794511
v  71.213936 138.098312 1.433592
v  74.774574 135.590714 2.799353
v  69.313629 136.260849 2.686137
v  70.213280 134.292770 -1.764326
v  74.657402 133.557632 0.785109
v  72.457077 132.607864 1.877794
v  68.568893 132.899582 -0.347917
v  70.213280 134.292770 -1.764326
v  71.117195 134.722824 -5.400307
v  75.159393 134.764893 -5.343325
v  74.657402 133.557632 0.785109
v  71.213936 138.098312 1.433592
v  69.313629 136.260849 2.686137
v  71.940178 134.290359 3.625736
v  74.774574 135.590714 2.799353
v  72.457077 132.607864 1.877794
v  71.213936 138.098312 1.433592
v  75.885330 137.239639 0.794511
v  75.864281 137.875946 -3.836089
v  71.599426 138.972351 -3.921409
v  74.847198 137.037857 -6.574172
v  78.332794 135.319946 -6.407359
v  79.009018 133.190765 -5.001727
v  75.159393 134.764893 -5.343325
v  75.864281 137.875946 -3.836089
v  78.757698 136.440430 -3.547540
v  78.332794 135.319946 -6.407359
v  74.847198 137.037857 -6.574172
v  75.885330 137.239639 0.794511
v  80.063560 134.955872 0.773183
v  78.757698 136.440430 -3.547540
v  75.864281 137.875946 -3.836089
v  75.159393 134.764893 -5.343325
v  79.009018 133.190765 -5.001727
v  78.990860 133.626083 -1.917381
v  74.657402 133.557632 0.785109
v  74.657402 133.557632 0.785109
v  78.490669 132.358887 2.874668
v  78.965530 134.154037 3.448350
v  74.774574 135.590714 2.799353
v  74.774574 135.590714 2.799353
v  78.965530 134.154037 3.448350
v  80.063560 134.955872 0.773183
v  75.885330 137.239639 0.794511
v  83.949402 132.472015 0.993486
v  78.490669 132.358887 2.874668
v  81.256683 130.538437 3.044357
v  82.149757 132.073654 3.714226
v  78.965530 134.154037 3.448350
v  78.965530 134.154037 3.448350
v  82.149757 132.073654 3.714226
v  83.949402 132.472015 0.993486
v  80.063560 134.955872 0.773183
v  74.657402 133.557632 0.785109
v  78.990860 133.626083 -1.917381
v  78.490669 132.358887 2.874668
v  80.063560 134.955872 0.773183
v  82.295822 134.321609 -2.878707
v  78.757698 136.440430 -3.547540
v  78.332794 135.319946 -6.407359
v  80.461441 132.317444 -4.789632
v  81.389442 132.312683 -2.164741
v  78.990860 133.626083 -1.917381
v  79.009018 133.190765 -5.001727
v  81.215263 133.369995 -5.911985
v  13.177019 139.610291 0.444843
v  13.177019 139.610291 0.444843
v  12.740690 143.043381 -5.820377
v  7.105044 143.757523 -5.027852
v  6.654016 140.783844 -10.881501
v  2.715461 145.902267 3.798140
v  0.000083 144.986496 4.901669
v  0.000079 142.243790 1.985551
v  3.574685 147.908936 -6.372503
v  4.081884 151.071762 -6.624998
v  6.188288 150.680115 -1.789653
v  5.022272 147.420700 -2.715661
v  4.647053 147.281769 1.595117
v  3.555620 144.418564 0.665922
v  5.022272 147.420700 -2.715661
v  6.188288 150.680115 -1.789653
v  2.319210 146.108398 8.484870
v  0.000084 145.684921 9.052317
v  0.000083 144.986496 4.901669
v  2.715461 145.902267 3.798140
v  4.647053 147.281769 1.595117
v  4.984458 149.751465 5.216210
v  2.319210 146.108398 8.484870
v  2.715461 145.902267 3.798140
v  4.984458 149.751465 5.216210
v  6.188288 150.680115 -1.789653
v  6.517167 150.059692 0.523562
v  4.647053 147.281769 1.595117
v  4.647053 147.281769 1.595117
v  6.517167 150.059692 0.523562
v  5.572769 150.879990 3.651218
v  4.984458 149.751465 5.216210
v  6.572356 152.867630 -0.069918
v  6.188288 150.680115 -1.789653
v  6.548296 152.120819 -2.601603
v  6.572356 152.867630 -0.069918
v  6.517167 150.059692 0.523562
v  4.081884 151.071762 -6.624998
v  4.390506 152.377869 -8.335037
v  6.548296 152.120819 -2.601603
v  6.188288 150.680115 -1.789653
v  3.359838 159.220810 -9.152286
v  14.393357 8.907064 4.579497
v  14.213346 11.807607 0.101573
v  0.000087 147.839569 -7.216595
v  0.000091 151.071777 -7.527852
v  4.081884 151.071762 -6.624998
v  3.574685 147.908936 -6.372503
v  0.000091 151.071777 -7.527852
v  0.000094 152.874924 -9.953916
v  4.390506 152.377869 -8.335037
v  4.081884 151.071762 -6.624998
v  10.501426 96.769539 6.730069
v  10.804824 102.315704 6.630224
v  4.086736 100.992577 10.139498
v  3.694435 95.790894 10.472601
v  14.474277 98.118179 2.147120
v  14.895414 103.460754 1.473699
v  10.804824 102.315704 6.630224
v  10.501426 96.769539 6.730069
v  13.700671 98.865089 -5.931135
v  13.177881 103.602745 -7.337630
v  14.895414 103.460754 1.473699
v  14.474277 98.118179 2.147120
v  3.827013 99.289200 -10.520917
v  0.000016 99.273880 -10.428399
v  13.700671 98.865089 -5.931135
v  10.091577 98.959053 -9.201343
v  13.177881 103.602745 -7.337630
v  3.549509 148.772446 -7.634603
v  5.463758 152.119293 -8.455638
v  5.322425 151.276825 -6.129337
v  3.237489 159.327530 -11.205022
v  5.322425 151.276825 -6.129337
v  5.322425 151.276825 -6.129337
v  4.801159 151.220932 -4.636192
v  3.494391 148.399933 -6.162571
v  3.549509 148.772446 -7.634603
v  3.549509 148.772446 -7.634603
v  3.494391 148.399933 -6.162571
v  0.000087 148.233032 -6.888089
v  0.000088 148.422958 -8.273715
v  15.152761 88.608643 2.831374
v  17.430887 89.593376 3.952711
v  12.884535 88.862282 8.360696
v  10.606408 87.877541 7.239360
v  10.606408 87.877541 7.239360
v  12.884535 88.862282 8.360696
v  11.451643 93.268333 9.289714
v  10.501426 96.769539 6.730069
v  9.215520 93.736435 7.690436
v  11.494883 96.555473 7.525782
v  10.501426 96.769539 6.730069
v  11.494883 96.555473 7.525782
v  15.420096 97.904106 2.942832
v  14.474277 98.118179 2.147120
v  14.474277 98.118179 2.147120
v  15.420096 97.904106 2.942832
v  16.766766 95.320847 3.257436
v  15.152761 88.608643 2.831374
v  14.338447 95.280907 1.570994
v  17.430887 89.593376 3.952711
v  8.602671 89.821617 -10.460258
v  11.009853 90.307770 -12.457246
v  15.507539 90.466690 -7.118697
v  13.605434 89.735664 -5.615564
v  13.605434 89.735664 -5.615564
v  15.507539 90.466690 -7.118697
v  15.883375 96.172966 -7.045164
v  13.700671 98.865089 -5.931135
v  13.289649 96.356888 -4.529611
v  15.219417 98.681168 -7.434269
v  13.700671 98.865089 -5.931135
v  15.219417 98.681168 -7.434269
v  11.635196 98.775139 -10.704476
v  10.091577 98.959053 -9.201343
v  10.091577 98.959053 -9.201343
v  11.635196 98.775139 -10.704476
v  10.122861 96.808640 -12.896498
v  8.602671 89.821617 -10.460258
v  8.697636 96.992554 -9.334167
v  11.009853 90.307770 -12.457246
v  4.085834 87.633072 -13.015760
v  -0.000002 87.993042 -13.248317
v  3.075724 92.848129 -10.933859
v  0.000007 96.902390 -10.438432
v  3.234241 96.937561 -10.249492
v  3.075724 92.848129 -10.933859
v  0.000016 99.273880 -10.428399
v  3.827013 99.289200 -10.520917
v  3.234241 96.937561 -10.249492
v  0.000007 96.902390 -10.438432
v  0.000087 147.839569 -7.216595
v  3.574685 147.908936 -6.372503
v  3.615476 144.823212 -6.915485
v  0.000082 144.787903 -7.599063
v  6.654016 140.783844 -10.881501
v  0.000076 140.310059 -11.312045
v  4.054461 143.498474 -8.036924
v  0.000092 151.432617 -10.323348
v  5.463758 152.119293 -8.455638
v  3.549509 148.772446 -7.634603
v  0.000088 148.422958 -8.273715
v  -2.261944 73.413544 5.762045
v  -2.907103 73.583450 -5.348845
v  -2.261944 73.413544 5.762045
v  -2.907103 73.583450 -5.348845
v  -2.399230 77.950905 -3.435312
v  -0.976526 78.063828 6.083350
v  -2.907103 73.583450 -5.348845
v  -8.704823 75.237747 -10.146310
v  -7.432941 79.693748 -11.589561
v  -2.399230 77.950905 -3.435312
v  -2.399230 77.950905 -3.435312
v  0.000001 79.423828 -3.435310
v  0.000003 78.416367 5.606406
v  -0.976526 78.063828 6.083350
v  -0.976526 78.063828 6.083350
v  0.000003 78.416367 5.606406
v  0.000001 80.548485 8.883021
v  -3.239662 80.771568 8.503004
v  -3.239662 80.771568 8.503004
v  0.000001 80.548485 8.883021
v  -2.399230 77.950905 -3.435312
v  -7.432941 79.693748 -11.589561
v  -2.339934 81.323608 -12.052080
v  -2.339934 81.323608 -12.052080
v  -7.432941 79.693748 -11.589561
v  -9.066848 87.111107 -11.512222
v  -4.085837 87.633064 -13.015760
v  -4.085837 87.633064 -13.015760
v  -9.066848 87.111107 -11.512222
v  -8.602675 89.821609 -10.460258
v  -3.075728 92.848129 -10.933859
v  -3.030362 92.901695 9.336830
v  -9.215506 93.736450 7.690436
v  -16.766739 95.320892 3.257436
v  -13.289634 96.356903 -4.529611
v  -8.602675 89.821609 -10.460258
v  0.000007 92.858727 9.839219
v  -3.030362 92.901695 9.336830
v  -11.451623 93.268364 9.289714
v  -14.338429 95.280930 1.570994
v  -10.091546 98.959076 -9.201343
v  -12.740530 143.043427 -5.820377
v  -18.551374 142.283859 -6.341892
v  -72.456932 132.608063 1.877788
v  -68.531364 131.285583 3.470320
v  -72.490349 130.023483 5.194373
v  -74.229065 130.425201 2.945827
v  -71.940033 134.290543 3.625730
v  -72.456932 132.608063 1.877788
v  -74.229065 130.425201 2.945827
v  -74.684311 132.052048 4.861677
v  -72.490349 130.023483 5.194373
v  -74.229065 130.425201 2.945827
v  -69.389343 134.342407 5.001265
v  -74.657257 133.557831 0.785103
v  -3.986889 138.284439 1.959312
v  -7.784945 140.263947 0.439511
v  -12.740530 143.043427 -5.820377
v  -7.784945 140.263947 0.439511
v  -5.045450 140.975525 0.641754
v  -5.351532 144.679367 -3.482125
v  -7.104882 143.757538 -5.027852
v  -7.104882 143.757538 -5.027852
v  -5.045450 140.975525 0.641754
v  0.000075 139.232437 2.206694
v  0.000079 142.243790 1.985551
v  -3.555456 144.418564 0.665922
v  -5.045450 140.975525 0.641754
v  -5.351532 144.679367 -3.482125
v  -3.555456 144.418564 0.665922
v  -3.555456 144.418564 0.665922
v  -2.715293 145.902267 3.798140
v  -4.646882 147.281769 1.595117
v  -3.555456 144.418564 0.665922
v  0.000075 139.232437 2.206694
v  -5.045450 140.975525 0.641754
v  -3.986889 138.284439 1.959312
v  0.000068 134.188202 4.095261
v  -3.986889 138.284439 1.959312
v  -5.045450 140.975525 0.641754
v  -7.784945 140.263947 0.439511
v  -7.104882 143.757538 -5.027852
v  -5.351532 144.679367 -3.482125
v  -3.615311 144.823212 -6.915485
v  -4.054300 143.498474 -8.036924
v  -3.615311 144.823212 -6.915485
v  0.000082 144.787903 -7.599063
v  0.000080 143.232285 -8.526307
v  -4.054300 143.498474 -8.036924
v  -7.104882 143.757538 -5.027852
v  -4.054300 143.498474 -8.036924
v  -6.653862 140.783859 -10.881501
v  -9.215506 93.736450 7.690436
v  -10.501396 96.769569 6.730069
v  -11.494852 96.555504 7.525782
v  -11.451623 93.268364 9.289714
v  -14.338429 95.280930 1.570994
v  -15.152760 88.608650 2.831374
v  -17.430880 89.593407 3.952711
v  -16.766739 95.320892 3.257436
v  -13.289634 96.356903 -4.529611
v  -13.700637 98.865120 -5.931135
v  -15.219380 98.681213 -7.434269
v  -15.883353 96.172997 -7.045164
v  -8.602675 89.821609 -10.460258
v  0.000001 79.423828 -3.435310
v  -2.399230 77.950905 -3.435312
v  -2.339934 81.323608 -12.052080
v  0.000002 82.649216 -12.052078
v  0.000002 82.649216 -12.052078
v  -2.339934 81.323608 -12.052080
v  -4.085837 87.633064 -13.015760
v  -0.000002 87.993042 -13.248317
v  -0.000002 87.993042 -13.248317
v  -4.085837 87.633064 -13.015760
v  -3.075728 92.848129 -10.933859
v  -0.000002 92.892738 -11.114451
v  -3.075728 92.848129 -10.933859
v  -3.234228 96.937569 -10.249492
v  0.000007 96.902390 -10.438432
v  -0.000002 92.892738 -11.114451
v  -3.574512 147.908951 -6.372503
v  0.000076 140.310059 -11.312045
v  -6.653862 140.783859 -10.881501
v  -4.054300 143.498474 -8.036924
v  0.000080 143.232285 -8.526307
v  2.261936 73.413536 5.762044
v  0.976530 78.063828 6.083350
v  2.399234 77.950905 -3.435312
v  2.907104 73.583450 -5.348845
v  2.399234 77.950905 -3.435312
v  0.000003 78.416367 5.606406
v  0.000001 79.423828 -3.435310
v  2.399234 77.950905 -3.435312
v  0.976530 78.063828 6.083350
v  0.976530 78.063828 6.083350
v  3.239663 80.771568 8.503004
v  0.000001 80.548485 8.883021
v  0.000003 78.416367 5.606406
v  0.976530 78.063828 6.083350
v  10.122797 76.675850 8.593588
v  9.191211 80.534897 8.625028
v  3.239663 80.771568 8.503004
v  3.239663 80.771568 8.503004
v  3.279927 88.615166 9.497770
v  0.000001 88.314880 9.962559
v  0.000001 80.548485 8.883021
v  3.239663 80.771568 8.503004
v  2.399234 77.950905 -3.435312
v  2.339941 81.323608 -12.052080
v  7.432947 79.693756 -11.589561
v  4.085834 87.633072 -13.015760
v  0.000001 88.314880 9.962559
v  3.234241 96.937561 -10.249492
v  3.694435 95.790894 10.472601
v  9.215520 93.736435 7.690436
v  10.501426 96.769539 6.730069
v  3.694435 95.790894 10.472601
v  3.030375 92.901688 9.336830
v  16.766766 95.320847 3.257436
v  15.420096 97.904106 2.942832
v  11.494883 96.555473 7.525782
v  11.451643 93.268333 9.289714
v  15.883375 96.172966 -7.045164
v  13.289649 96.356888 -4.529611
v  13.700671 98.865089 -5.931135
v  14.474277 98.118179 2.147120
v  14.338447 95.280907 1.570994
v  13.177019 139.610291 0.444843
v  72.457077 132.607864 1.877794
v  74.229202 130.425003 2.945833
v  71.940178 134.290359 3.625736
v  71.940178 134.290359 3.625736
v  74.684456 132.051849 4.861683
v  74.229202 130.425003 2.945833
v  72.457077 132.607864 1.877794
v  76.395287 128.976898 4.732975
v  74.684456 132.051849 4.861683
v  74.684456 132.051849 4.861683
v  77.011597 130.873032 5.962031
v  76.395287 128.976898 4.732975
v  74.229202 130.425003 2.945833
v  7.785097 140.263916 0.439511
v  7.785097 140.263916 0.439511
v  7.105044 143.757523 -5.027852
v  5.351697 144.679352 -3.482125
v  5.045605 140.975510 0.641754
v  12.740690 143.043381 -5.820377
v  12.211880 139.252563 -11.520919
v  6.654016 140.783844 -10.881501
v  7.105044 143.757523 -5.027852
v  5.045605 140.975510 0.641754
v  3.555620 144.418564 0.665922
v  0.000079 142.243790 1.985551
v  0.000075 139.232437 2.206694
v  5.351697 144.679352 -3.482125
v  5.022272 147.420700 -2.715661
v  3.555620 144.418564 0.665922
v  5.045605 140.975510 0.641754
v  3.615476 144.823212 -6.915485
v  3.574685 147.908936 -6.372503
v  5.022272 147.420700 -2.715661
v  5.351697 144.679352 -3.482125
v  3.555620 144.418564 0.665922
v  3.555620 144.418564 0.665922
v  4.647053 147.281769 1.595117
v  2.715461 145.902267 3.798140
v  3.987036 138.284439 1.959312
v  5.045605 140.975510 0.641754
v  0.000075 139.232437 2.206694
v  0.000068 134.188202 4.095261
v  3.987036 138.284439 1.959312
v  7.785097 140.263916 0.439511
v  5.045605 140.975510 0.641754
v  7.105044 143.757523 -5.027852
v  4.054461 143.498474 -8.036924
v  3.615476 144.823212 -6.915485
v  5.351697 144.679352 -3.482125
v  0.000080 143.232285 -8.526307
v  0.000082 144.787903 -7.599063
v  3.615476 144.823212 -6.915485
v  4.054461 143.498474 -8.036924
v  7.105044 143.757523 -5.027852
v  6.654016 140.783844 -10.881501
v  4.054461 143.498474 -8.036924
v  9.215520 93.736435 7.690436
v  11.451643 93.268333 9.289714
v  14.338447 95.280907 1.570994
v  16.766766 95.320847 3.257436
v  13.289649 96.356888 -4.529611
v  15.883375 96.172966 -7.045164
v  8.697636 96.992554 -9.334167
v  10.122861 96.808640 -12.896498
v  0.000001 79.423828 -3.435310
v  0.000002 82.649216 -12.052078
v  2.339941 81.323608 -12.052080
v  2.399234 77.950905 -3.435312
v  0.000002 82.649216 -12.052078
v  -0.000002 87.993042 -13.248317
v  4.085834 87.633072 -13.015760
v  2.339941 81.323608 -12.052080
v  -0.000002 92.892738 -11.114451
v  -0.000002 92.892738 -11.114451
v  0.000080 143.232285 -8.526307

vt  0.490625 0.603125 0.000000
vt  0.490625 0.603125 0.000000
vt  0.490625 0.603125 0.000000
vt  0.490625 0.603125 0.000000
vt  0.490625 0.603125 0.000000
vt  0.490625 0.603125 0.000000
vt  0.490625 0.603125 0.000000
vt  0.490625 0.603125 0.000000
vt  0.490625 0.603125 0.000000
vt  0.490625 0.603125 0.000000
vt  0.490625 0.603125 0.000000
vt  0.490625 0.603125 0.000000
vt  0.490625 0.603125 0.000000
vt  0.490625 0.603125 0.000000
vt  0.490625 0.603125 0.000000
vt  0.490625 0.603125 0.000000
vt  0.490625 0.603125 0.000000
vt  0.490625 0.603125 0.000000
vt  0.490625 0.603125 0.000000
vt  0.490625 0.603125 0.000000
vt  0.490625 0.603125 0.000000
vt  0.490625 0.603125 0.000000
vt  0.490625 0.603125 0.000000
vt  0.490625 0.603125 0.000000
vt  0.490625 0.603125 0.000000
vt  0.490625 0.603125 0.000000
vt  0.490625 0.603125 0.000000
vt  0.490625 0.603125 0.000000
vt  0.490625 0.603125 0.000000
vt  0.490625 0.603125 0.000000
vt  0.490625 0.603125 0.000000
vt  0.490625 0.603125 0.000000
vt  0.490625 0.603125 0.000000
vt  0.490625 0.603125 0.000000
vt  0.490625 0.603125 0.000000
vt  0.490625 0.603125 0.000000
vt  0.490625 0.603125 0.000000
vt  0.490625 0.603125 0.000000
vt  0.490625 0.603125 0.000000
vt  0.490625 0.603125 0.000000
vt  0.490625 0.603125 0.000000
vt  0.490625 0.603125 0.000000
vt  0.490625 0.603125 0.000000
vt  0.490625 0.603125 0.000000
vt  0.490625 0.603125 0.000000
vt  0.490625 0.603125 0.000000
vt  0.490625 0.603125 0.000000
vt  0.490625 0.603125 0.000000
vt  0.400000 0.590625 0.000000
vt  0.400000 0.590625 0.000000
vt  0.400000 0.590625 0.000000
vt  0.490625 0.603125 0.000000
vt  0.490625 0.603125 0.000000
vt  0.490625 0.603125 0.000000
vt  0.490625 0.603125 0.000000
vt  0.490625 0.603125 0.000000
vt  0.490625 0.603125 0.000000
vt  0.400000 0.590625 0.000000
vt  0.400000 0.590625 0.000000
vt  0.400000 0.590625 0.000000
vt  0.490625 0.603125 0.000000
vt  0.490625 0.603125 0.000000
vt  0.490625 0.603125 0.000000
vt  0.400000 0.590625 0.000000
vt  0.400000 0.590625 0.000000
vt  0.400000 0.590625 0.000000
vt  0.490625 0.603125 0.000000
vt  0.490625 0.603125 0.000000
vt  0.490625 0.603125 0.000000
vt  0.490625 0.603125 0.000000
vt  0.490625 0.603125 0.000000
vt  0.490625 0.603125 0.000000
vt  0.490625 0.603125 0.000000
vt  0.490625 0.603125 0.000000
vt  0.490625 0.603125 0.000000
vt  0.490625 0.603125 0.000000
vt  0.490625 0.603125 0.000000
vt  0.490625 0.603125 0.000000
vt  0.400000 0.590625 0.000000
vt  0.400000 0.590625 0.000000
vt  0.400000 0.590625 0.000000
vt  0.400000 0.590625 0.000000
vt  0.400000 0.590625 0.000000
vt  0.400000 0.590625 0.000000
vt  0.490625 0.603125 0.000000
vt  0.490625 0.603125 0.000000
vt  0.490625 0.603125 0.000000
vt  0.490625 0.603125 0.000000
vt  0.490625 0.603125 0.000000
vt  0.490625 0.603125 0.000000
vt  0.487500 0.828125 0.000000
vt  0.487500 0.828125 0.000000
vt  0.487500 0.828125 0.000000
vt  0.375000 0.843750 0.000000
vt  0.375000 0.843750 0.000000
vt  0.375000 0.843750 0.000000
vt  0.375000 0.843750 0.000000
vt  0.375000 0.843750 0.000000
vt  0.375000 0.843750 0.000000
vt  0.375000 0.843750 0.000000
vt  0.375000 0.843750 0.000000
vt  0.375000 0.843750 0.000000
vt  0.375000 0.843750 0.000000
vt  0.375000 0.843750 0.000000
vt  0.375000 0.843750 0.000000
vt  0.375000 0.843750 0.000000
vt  0.375000 0.843750 0.000000
vt  0.375000 0.843750 0.000000
vt  0.487500 0.828125 0.000000
vt  0.487500 0.828125 0.000000
vt  0.487500 0.828125 0.000000
vt  0.375000 0.843750 0.000000
vt  0.375000 0.843750 0.000000
vt  0.375000 0.843750 0.000000
vt  0.375000 0.843750 0.000000
vt  0.375000 0.843750 0.000000
vt  0.375000 0.843750 0.000000
vt  0.375000 0.843750 0.000000
vt  0.375000 0.843750 0.000000
vt  0.375000 0.843750 0.000000
vt  0.375000 0.843750 0.000000
vt  0.375000 0.843750 0.000000
vt  0.375000 0.843750 0.000000
vt  0.375000 0.843750 0.000000
vt  0.375000 0.843750 0.000000
vt  0.375000 0.843750 0.000000
vt  0.375000 0.843750 0.000000
vt  0.375000 0.843750 0.000000
vt  0.487500 0.828125 0.000000
vt  0.487500 0.828125 0.000000
vt  0.487500 0.828125 0.000000
vt  0.487500 0.828125 0.000000
vt  0.487500 0.828125 0.000000
vt  0.487500 0.828125 0.000000
vt  0.343750 0.240625 0.000000
vt  0.343750 0.240625 0.000000
vt  0.343750 0.240625 0.000000
vt  0.343750 0.240625 0.000000
vt  0.343750 0.240625 0.000000
vt  0.343750 0.240625 0.000000
vt  0.343750 0.240625 0.000000
vt  0.343750 0.240625 0.000000
vt  0.343750 0.240625 0.000000
vt  0.237500 0.225000 0.000000
vt  0.237500 0.225000 0.000000
vt  0.237500 0.225000 0.000000
vt  0.237500 0.225000 0.000000
vt  0.237500 0.225000 0.000000
vt  0.237500 0.225000 0.000000
vt  0.343750 0.240625 0.000000
vt  0.343750 0.240625 0.000000
vt  0.343750 0.240625 0.000000
vt  0.343750 0.240625 0.000000
vt  0.343750 0.240625 0.000000
vt  0.343750 0.240625 0.000000
vt  0.496875 0.240625 0.000000
vt  0.496875 0.240625 0.000000
vt  0.496875 0.240625 0.000000
vt  0.496875 0.240625 0.000000
vt  0.496875 0.240625 0.000000
vt  0.496875 0.240625 0.000000
vt  0.343750 0.240625 0.000000
vt  0.343750 0.240625 0.000000
vt  0.343750 0.240625 0.000000
vt  0.343750 0.240625 0.000000
vt  0.343750 0.240625 0.000000
vt  0.343750 0.240625 0.000000
vt  0.237500 0.225000 0.000000
vt  0.237500 0.225000 0.000000
vt  0.237500 0.225000 0.000000
vt  0.343750 0.240625 0.000000
vt  0.343750 0.240625 0.000000
vt  0.343750 0.240625 0.000000
vt  0.343750 0.240625 0.000000
vt  0.343750 0.240625 0.000000
vt  0.343750 0.240625 0.000000
vt  0.375000 0.843750 0.000000
vt  0.375000 0.843750 0.000000
vt  0.375000 0.843750 0.000000
vt  0.343750 0.240625 0.000000
vt  0.343750 0.240625 0.000000
vt  0.343750 0.240625 0.000000
vt  0.343750 0.240625 0.000000
vt  0.343750 0.240625 0.000000
vt  0.343750 0.240625 0.000000
vt  0.343750 0.240625 0.000000
vt  0.606250 0.250000 0.000000
vt  0.606250 0.250000 0.000000
vt  0.606250 0.250000 0.000000
vt  0.606250 0.250000 0.000000
vt  0.343750 0.240625 0.000000
vt  0.343750 0.240625 0.000000
vt  0.343750 0.240625 0.000000
vt  0.343750 0.240625 0.000000
vt  0.343750 0.240625 0.000000
vt  0.343750 0.240625 0.000000
vt  0.343750 0.240625 0.000000
vt  0.343750 0.240625 0.000000
vt  0.606250 0.250000 0.000000
vt  0.606250 0.250000 0.000000
vt  0.606250 0.250000 0.000000
vt  0.606250 0.250000 0.000000
vt  0.343750 0.240625 0.000000
vt  0.343750 0.240625 0.000000
vt  0.343750 0.240625 0.000000
vt  0.343750 0.240625 0.000000
vt  0.343750 0.240625 0.000000
vt  0.343750 0.240625 0.000000
vt  0.343750 0.240625 0.000000
vt  0.343750 0.240625 0.000000
vt  0.343750 0.240625 0.000000
vt  0.343750 0.240625 0.000000
vt  0.343750 0.240625 0.000000
vt  0.343750 0.240625 0.000000
vt  0.496875 0.240625 0.000000
vt  0.496875 0.240625 0.000000
vt  0.496875 0.240625 0.000000
vt  0.606250 0.250000 0.000000
vt  0.606250 0.250000 0.000000
vt  0.606250 0.250000 0.000000
vt  0.606250 0.250000 0.000000
vt  0.606250 0.250000 0.000000
vt  0.606250 0.250000 0.000000
vt  0.606250 0.250000 0.000000
vt  0.606250 0.250000 0.000000
vt  0.496875 0.240625 0.000000
vt  0.496875 0.240625 0.000000
vt  0.496875 0.240625 0.000000
vt  0.496875 0.240625 0.000000
vt  0.496875 0.240625 0.000000
vt  0.496875 0.240625 0.000000
vt  0.237500 0.218750 0.000000
vt  0.237500 0.218750 0.000000
vt  0.237500 0.218750 0.000000
vt  0.237500 0.218750 0.000000
vt  0.343750 0.240625 0.000000
vt  0.343750 0.240625 0.000000
vt  0.343750 0.240625 0.000000
vt  0.343750 0.240625 0.000000
vt  0.343750 0.240625 0.000000
vt  0.343750 0.240625 0.000000
vt  0.343750 0.240625 0.000000
vt  0.343750 0.240625 0.000000
vt  0.343750 0.240625 0.000000
vt  0.343750 0.240625 0.000000
vt  0.343750 0.240625 0.000000
vt  0.343750 0.240625 0.000000
vt  0.343750 0.240625 0.000000
vt  0.343750 0.240625 0.000000
vt  0.343750 0.240625 0.000000
vt  0.343750 0.240625 0.000000
vt  0.343750 0.240625 0.000000
vt  0.343750 0.240625 0.000000
vt  0.343750 0.240625 0.000000
vt  0.343750 0.240625 0.000000
vt  0.343750 0.240625 0.000000
vt  0.343750 0.240625 0.000000
vt  0.343750 0.240625 0.000000
vt  0.343750 0.240625 0.000000
vt  0.343750 0.240625 0.000000
vt  0.343750 0.240625 0.000000
vt  0.343750 0.240625 0.000000
vt  0.343750 0.240625 0.000000
vt  0.237500 0.218750 0.000000
vt  0.237500 0.218750 0.000000
vt  0.237500 0.218750 0.000000
vt  0.237500 0.218750 0.000000
vt  0.237500 0.218750 0.000000
vt  0.237500 0.218750 0.000000
vt  0.237500 0.218750 0.000000
vt  0.237500 0.218750 0.000000
vt  0.237500 0.218750 0.000000
vt  0.237500 0.218750 0.000000
vt  0.237500 0.218750 0.000000
vt  0.237500 0.218750 0.000000
vt  0.343750 0.240625 0.000000
vt  0.343750 0.240625 0.000000
vt  0.343750 0.240625 0.000000
vt  0.343750 0.240625 0.000000
vt  0.343750 0.240625 0.000000
vt  0.343750 0.240625 0.000000
vt  0.343750 0.240625 0.000000
vt  0.343750 0.240625 0.000000
vt  0.343750 0.240625 0.000000
vt  0.343750 0.240625 0.000000
vt  0.343750 0.240625 0.000000
vt  0.343750 0.240625 0.000000
vt  0.343750 0.240625 0.000000
vt  0.343750 0.240625 0.000000
vt  0.343750 0.240625 0.000000
vt  0.343750 0.240625 0.000000
vt  0.343750 0.240625 0.000000
vt  0.343750 0.240625 0.000000
vt  0.343750 0.240625 0.000000
vt  0.343750 0.240625 0.000000
vt  0.343750 0.240625 0.000000
vt  0.343750 0.240625 0.000000
vt  0.343750 0.240625 0.000000
vt  0.343750 0.240625 0.000000
vt  0.343750 0.240625 0.000000
vt  0.343750 0.240625 0.000000
vt  0.343750 0.240625 0.000000
vt  0.343750 0.240625 0.000000
vt  0.343750 0.240625 0.000000
vt  0.343750 0.240625 0.000000
vt  0.343750 0.240625 0.000000
vt  0.343750 0.240625 0.000000
vt  0.343750 0.240625 0.000000
vt  0.343750 0.240625 0.000000
vt  0.343750 0.240625 0.000000
vt  0.343750 0.240625 0.000000
vt  0.343750 0.240625 0.000000
vt  0.343750 0.240625 0.000000
vt  0.343750 0.240625 0.000000
vt  0.343750 0.240625 0.000000
vt  0.343750 0.240625 0.000000
vt  0.343750 0.240625 0.000000
vt  0.343750 0.240625 0.000000
vt  0.343750 0.240625 0.000000
vt  0.343750 0.240625 0.000000
vt  0.343750 0.240625 0.000000
vt  0.343750 0.240625 0.000000
vt  0.343750 0.240625 0.000000
vt  0.343750 0.240625 0.000000
vt  0.343750 0.240625 0.000000
vt  0.343750 0.240625 0.000000
vt  0.343750 0.240625 0.000000
vt  0.343750 0.240625 0.000000
vt  0.343750 0.240625 0.000000
vt  0.343750 0.240625 0.000000
vt  0.343750 0.240625 0.000000
vt  0.343750 0.240625 0.000000
vt  0.496875 0.240625 0.000000
vt  0.496875 0.240625 0.000000
vt  0.496875 0.240625 0.000000
vt  0.496875 0.240625 0.000000
vt  0.343750 0.240625 0.000000
vt  0.343750 0.240625 0.000000
vt  0.343750 0.240625 0.000000
vt  0.343750 0.240625 0.000000
vt  0.343750 0.240625 0.000000
vt  0.343750 0.240625 0.000000
vt  0.343750 0.240625 0.000000
vt  0.343750 0.240625 0.000000
vt  0.343750 0.240625 0.000000
vt  0.343750 0.240625 0.000000
vt  0.343750 0.240625 0.000000
vt  0.343750 0.240625 0.000000
vt  0.343750 0.240625 0.000000
vt  0.343750 0.240625 0.000000
vt  0.343750 0.240625 0.000000
vt  0.343750 0.240625 0.000000
vt  0.343750 0.240625 0.000000
vt  0.343750 0.240625 0.000000
vt  0.343750 0.240625 0.000000
vt  0.343750 0.240625 0.000000
vt  0.343750 0.240625 0.000000
vt  0.490625 0.603125 0.000000
vt  0.490625 0.603125 0.000000
vt  0.490625 0.603125 0.000000
vt  0.490625 0.603125 0.000000
vt  0.490625 0.603125 0.000000
vt  0.490625 0.603125 0.000000
vt  0.490625 0.603125 0.000000
vt  0.490625 0.603125 0.000000
vt  0.490625 0.603125 0.000000
vt  0.903125 0.537500 0.000000
vt  0.903125 0.537500 0.000000
vt  0.903125 0.537500 0.000000
vt  0.903125 0.537500 0.000000
vt  0.903125 0.537500 0.000000
vt  0.903125 0.537500 0.000000
vt  0.903125 0.537500 0.000000
vt  0.903125 0.537500 0.000000
vt  0.903125 0.537500 0.000000
vt  0.840625 0.784375 0.000000
vt  0.840625 0.784375 0.000000
vt  0.840625 0.784375 0.000000
vt  0.840625 0.784375 0.000000
vt  0.840625 0.784375 0.000000
vt  0.840625 0.784375 0.000000
vt  0.840625 0.784375 0.000000
vt  0.840625 0.784375 0.000000
vt  0.840625 0.784375 0.000000
vt  0.840625 0.784375 0.000000
vt  0.840625 0.784375 0.000000
vt  0.840625 0.784375 0.000000
vt  0.903125 0.537500 0.000000
vt  0.903125 0.537500 0.000000
vt  0.903125 0.537500 0.000000
vt  0.903125 0.537500 0.000000
vt  0.903125 0.537500 0.000000
vt  0.903125 0.537500 0.000000
vt  0.903125 0.537500 0.000000
vt  0.496875 0.240625 0.000000
vt  0.496875 0.240625 0.000000
vt  0.496875 0.240625 0.000000
vt  0.496875 0.240625 0.000000
vt  0.846875 0.231250 0.000000
vt  0.846875 0.231250 0.000000
vt  0.846875 0.231250 0.000000
vt  0.846875 0.231250 0.000000
vt  0.846875 0.231250 0.000000
vt  0.846875 0.231250 0.000000
vt  0.846875 0.231250 0.000000
vt  0.846875 0.231250 0.000000
vt  0.846875 0.231250 0.000000
vt  0.846875 0.231250 0.000000
vt  0.846875 0.231250 0.000000
vt  0.846875 0.231250 0.000000
vt  0.756250 0.221875 0.000000
vt  0.756250 0.221875 0.000000
vt  0.756250 0.221875 0.000000
vt  0.756250 0.221875 0.000000
vt  0.846875 0.231250 0.000000
vt  0.846875 0.231250 0.000000
vt  0.846875 0.231250 0.000000
vt  0.846875 0.231250 0.000000
vt  0.846875 0.231250 0.000000
vt  0.846875 0.231250 0.000000
vt  0.846875 0.231250 0.000000
vt  0.846875 0.231250 0.000000
vt  0.846875 0.231250 0.000000
vt  0.846875 0.231250 0.000000
vt  0.846875 0.231250 0.000000
vt  0.846875 0.231250 0.000000
vt  0.846875 0.231250 0.000000
vt  0.846875 0.231250 0.000000
vt  0.846875 0.231250 0.000000
vt  0.846875 0.231250 0.000000
vt  0.846875 0.231250 0.000000
vt  0.846875 0.231250 0.000000
vt  0.846875 0.231250 0.000000
vt  0.846875 0.231250 0.000000
vt  0.846875 0.231250 0.000000
vt  0.846875 0.231250 0.000000
vt  0.846875 0.231250 0.000000
vt  0.846875 0.231250 0.000000
vt  0.846875 0.231250 0.000000
vt  0.846875 0.231250 0.000000
vt  0.846875 0.231250 0.000000
vt  0.846875 0.231250 0.000000
vt  0.846875 0.231250 0.000000
vt  0.846875 0.231250 0.000000
vt  0.846875 0.231250 0.000000
vt  0.846875 0.231250 0.000000
vt  0.846875 0.231250 0.000000
vt  0.846875 0.231250 0.000000
vt  0.846875 0.231250 0.000000
vt  0.846875 0.231250 0.000000
vt  0.846875 0.231250 0.000000
vt  0.846875 0.231250 0.000000
vt  0.846875 0.231250 0.000000
vt  0.846875 0.231250 0.000000
vt  0.846875 0.231250 0.000000
vt  0.846875 0.231250 0.000000
vt  0.846875 0.231250 0.000000
vt  0.846875 0.231250 0.000000
vt  0.846875 0.231250 0.000000
vt  0.846875 0.231250 0.000000
vt  0.846875 0.231250 0.000000
vt  0.756250 0.221875 0.000000
vt  0.756250 0.221875 0.000000
vt  0.756250 0.221875 0.000000
vt  0.756250 0.221875 0.000000
vt  0.846875 0.231250 0.000000
vt  0.846875 0.231250 0.000000
vt  0.846875 0.231250 0.000000
vt  0.846875 0.231250 0.000000
vt  0.846875 0.231250 0.000000
vt  0.846875 0.231250 0.000000
vt  0.846875 0.231250 0.000000
vt  0.846875 0.231250 0.000000
vt  0.846875 0.231250 0.000000
vt  0.846875 0.231250 0.000000
vt  0.846875 0.231250 0.000000
vt  0.846875 0.231250 0.000000
vt  0.846875 0.231250 0.000000
vt  0.846875 0.231250 0.000000
vt  0.846875 0.231250 0.000000
vt  0.846875 0.231250 0.000000
vt  0.846875 0.231250 0.000000
vt  0.846875 0.231250 0.000000
vt  0.846875 0.231250 0.000000
vt  0.846875 0.231250 0.000000
vt  0.846875 0.231250 0.000000
vt  0.846875 0.231250 0.000000
vt  0.846875 0.231250 0.000000
vt  0.846875 0.231250 0.000000
vt  0.846875 0.231250 0.000000
vt  0.846875 0.231250 0.000000
vt  0.846875 0.231250 0.000000
vt  0.846875 0.231250 0.000000
vt  0.846875 0.231250 0.000000
vt  0.846875 0.231250 0.000000
vt  0.846875 0.231250 0.000000
vt  0.846875 0.231250 0.000000
vt  0.846875 0.231250 0.000000
vt  0.846875 0.231250 0.000000
vt  0.846875 0.231250 0.000000
vt  0.846875 0.231250 0.000000
vt  0.846875 0.231250 0.000000
vt  0.846875 0.231250 0.000000
vt  0.846875 0.231250 0.000000
vt  0.846875 0.231250 0.000000
vt  0.846875 0.231250 0.000000
vt  0.846875 0.231250 0.000000
vt  0.846875 0.231250 0.000000
vt  0.846875 0.231250 0.000000
vt  0.846875 0.231250 0.000000
vt  0.846875 0.231250 0.000000
vt  0.846875 0.231250 0.000000
vt  0.846875 0.231250 0.000000
vt  0.343750 0.240625 0.000000
vt  0.343750 0.240625 0.000000
vt  0.343750 0.240625 0.000000
vt  0.490625 0.603125 0.000000
vt  0.490625 0.603125 0.000000
vt  0.490625 0.603125 0.000000
vt  0.490625 0.603125 0.000000
vt  0.490625 0.603125 0.000000
vt  0.490625 0.603125 0.000000
vt  0.490625 0.603125 0.000000
vt  0.490625 0.603125 0.000000
vt  0.490625 0.603125 0.000000
vt  0.490625 0.603125 0.000000
vt  0.490625 0.603125 0.000000
vt  0.490625 0.603125 0.000000
vt  0.490625 0.603125 0.000000
vt  0.490625 0.603125 0.000000
vt  0.490625 0.603125 0.000000
vt  0.490625 0.603125 0.000000
vt  0.490625 0.603125 0.000000
vt  0.353125 0.809375 0.000000
vt  0.353125 0.809375 0.000000
vt  0.353125 0.809375 0.000000
vt  0.353125 0.809375 0.000000
vt  0.381250 0.812500 0.000000
vt  0.381250 0.812500 0.000000
vt  0.381250 0.812500 0.000000
vt  0.381250 0.812500 0.000000
vt  0.353125 0.809375 0.000000
vt  0.353125 0.809375 0.000000
vt  0.353125 0.809375 0.000000
vt  0.353125 0.809375 0.000000
vt  0.353125 0.809375 0.000000
vt  0.353125 0.809375 0.000000
vt  0.353125 0.809375 0.000000
vt  0.353125 0.809375 0.000000
vt  0.353125 0.809375 0.000000
vt  0.353125 0.809375 0.000000
vt  0.353125 0.809375 0.000000
vt  0.353125 0.809375 0.000000
vt  0.246875 0.812500 0.000000
vt  0.246875 0.812500 0.000000
vt  0.246875 0.812500 0.000000
vt  0.246875 0.812500 0.000000
vt  0.265625 0.837500 0.000000
vt  0.265625 0.837500 0.000000
vt  0.265625 0.837500 0.000000
vt  0.265625 0.837500 0.000000
vt  0.265625 0.837500 0.000000
vt  0.265625 0.837500 0.000000
vt  0.265625 0.837500 0.000000
vt  0.265625 0.837500 0.000000
vt  0.265625 0.837500 0.000000
vt  0.265625 0.837500 0.000000
vt  0.265625 0.837500 0.000000
vt  0.265625 0.837500 0.000000
vt  0.265625 0.837500 0.000000
vt  0.265625 0.837500 0.000000
vt  0.265625 0.837500 0.000000
vt  0.265625 0.837500 0.000000
vt  0.265625 0.837500 0.000000
vt  0.265625 0.837500 0.000000
vt  0.265625 0.837500 0.000000
vt  0.265625 0.837500 0.000000
vt  0.265625 0.837500 0.000000
vt  0.265625 0.837500 0.000000
vt  0.265625 0.837500 0.000000
vt  0.265625 0.837500 0.000000
vt  0.246875 0.812500 0.000000
vt  0.246875 0.812500 0.000000
vt  0.246875 0.812500 0.000000
vt  0.246875 0.812500 0.000000
vt  0.381250 0.812500 0.000000
vt  0.381250 0.812500 0.000000
vt  0.381250 0.812500 0.000000
vt  0.381250 0.812500 0.000000
vt  0.381250 0.812500 0.000000
vt  0.381250 0.812500 0.000000
vt  0.381250 0.812500 0.000000
vt  0.381250 0.812500 0.000000
vt  0.353125 0.809375 0.000000
vt  0.353125 0.809375 0.000000
vt  0.353125 0.809375 0.000000
vt  0.353125 0.809375 0.000000
vt  0.353125 0.809375 0.000000
vt  0.353125 0.809375 0.000000
vt  0.353125 0.809375 0.000000
vt  0.353125 0.809375 0.000000
vt  0.353125 0.809375 0.000000
vt  0.353125 0.809375 0.000000
vt  0.353125 0.809375 0.000000
vt  0.353125 0.809375 0.000000
vt  0.246875 0.812500 0.000000
vt  0.246875 0.812500 0.000000
vt  0.246875 0.812500 0.000000
vt  0.246875 0.812500 0.000000
vt  0.353125 0.809375 0.000000
vt  0.353125 0.809375 0.000000
vt  0.353125 0.809375 0.000000
vt  0.353125 0.809375 0.000000
vt  0.353125 0.809375 0.000000
vt  0.353125 0.809375 0.000000
vt  0.353125 0.809375 0.000000
vt  0.353125 0.809375 0.000000
vt  0.353125 0.809375 0.000000
vt  0.353125 0.809375 0.000000
vt  0.353125 0.809375 0.000000
vt  0.353125 0.809375 0.000000
vt  0.353125 0.809375 0.000000
vt  0.353125 0.809375 0.000000
vt  0.353125 0.809375 0.000000
vt  0.353125 0.809375 0.000000
vt  0.353125 0.809375 0.000000
vt  0.353125 0.809375 0.000000
vt  0.353125 0.809375 0.000000
vt  0.353125 0.809375 0.000000
vt  0.353125 0.809375 0.000000
vt  0.353125 0.809375 0.000000
vt  0.353125 0.809375 0.000000
vt  0.353125 0.809375 0.000000
vt  0.353125 0.809375 0.000000
vt  0.353125 0.809375 0.000000
vt  0.353125 0.809375 0.000000
vt  0.353125 0.809375 0.000000
vt  0.353125 0.809375 0.000000
vt  0.353125 0.809375 0.000000
vt  0.353125 0.809375 0.000000
vt  0.246875 0.812500 0.000000
vt  0.246875 0.812500 0.000000
vt  0.246875 0.812500 0.000000
vt  0.246875 0.812500 0.000000
vt  0.246875 0.812500 0.000000
vt  0.246875 0.812500 0.000000
vt  0.246875 0.812500 0.000000
vt  0.246875 0.812500 0.000000
vt  0.353125 0.809375 0.000000
vt  0.353125 0.809375 0.000000
vt  0.353125 0.809375 0.000000
vt  0.353125 0.809375 0.000000
vt  0.353125 0.809375 0.000000
vt  0.353125 0.809375 0.000000
vt  0.353125 0.809375 0.000000
vt  0.353125 0.809375 0.000000
vt  0.353125 0.809375 0.000000
vt  0.353125 0.809375 0.000000
vt  0.353125 0.809375 0.000000
vt  0.353125 0.809375 0.000000
vt  0.353125 0.809375 0.000000
vt  0.353125 0.809375 0.000000
vt  0.353125 0.809375 0.000000
vt  0.353125 0.809375 0.000000
vt  0.353125 0.809375 0.000000
vt  0.353125 0.809375 0.000000
vt  0.353125 0.809375 0.000000
vt  0.353125 0.809375 0.000000
vt  0.353125 0.809375 0.000000
vt  0.353125 0.809375 0.000000
vt  0.353125 0.809375 0.000000
vt  0.353125 0.809375 0.000000
vt  0.353125 0.809375 0.000000
vt  0.353125 0.809375 0.000000
vt  0.353125 0.809375 0.000000
vt  0.353125 0.809375 0.000000
vt  0.353125 0.809375 0.000000
vt  0.353125 0.809375 0.000000
vt  0.353125 0.809375 0.000000
vt  0.353125 0.809375 0.000000
vt  0.353125 0.809375 0.000000
vt  0.353125 0.809375 0.000000
vt  0.353125 0.809375 0.000000
vt  0.353125 0.809375 0.000000
vt  0.353125 0.809375 0.000000
vt  0.353125 0.809375 0.000000
vt  0.353125 0.809375 0.000000
vt  0.353125 0.809375 0.000000
vt  0.353125 0.809375 0.000000
vt  0.353125 0.809375 0.000000
vt  0.353125 0.809375 0.000000
vt  0.353125 0.809375 0.000000
vt  0.246875 0.812500 0.000000
vt  0.246875 0.812500 0.000000
vt  0.246875 0.812500 0.000000
vt  0.246875 0.812500 0.000000
vt  0.246875 0.812500 0.000000
vt  0.246875 0.812500 0.000000
vt  0.246875 0.812500 0.000000
vt  0.246875 0.812500 0.000000
vt  0.246875 0.812500 0.000000
vt  0.246875 0.812500 0.000000
vt  0.246875 0.812500 0.000000
vt  0.246875 0.812500 0.000000
vt  0.246875 0.812500 0.000000
vt  0.246875 0.812500 0.000000
vt  0.246875 0.812500 0.000000
vt  0.246875 0.812500 0.000000
vt  0.246875 0.812500 0.000000
vt  0.246875 0.812500 0.000000
vt  0.246875 0.812500 0.000000
vt  0.246875 0.812500 0.000000
vt  0.246875 0.812500 0.000000
vt  0.246875 0.812500 0.000000
vt  0.246875 0.812500 0.000000
vt  0.246875 0.812500 0.000000
vt  0.246875 0.812500 0.000000
vt  0.246875 0.812500 0.000000
vt  0.246875 0.812500 0.000000
vt  0.246875 0.812500 0.000000
vt  0.246875 0.812500 0.000000
vt  0.246875 0.812500 0.000000
vt  0.246875 0.812500 0.000000
vt  0.246875 0.812500 0.000000
vt  0.246875 0.812500 0.000000
vt  0.246875 0.812500 0.000000
vt  0.246875 0.812500 0.000000
vt  0.246875 0.812500 0.000000
vt  0.262500 0.825000 0.000000
vt  0.262500 0.825000 0.000000
vt  0.262500 0.825000 0.000000
vt  0.262500 0.825000 0.000000
vt  0.262500 0.825000 0.000000
vt  0.262500 0.825000 0.000000
vt  0.262500 0.825000 0.000000
vt  0.262500 0.825000 0.000000
vt  0.262500 0.825000 0.000000
vt  0.262500 0.825000 0.000000
vt  0.262500 0.825000 0.000000
vt  0.262500 0.825000 0.000000
vt  0.262500 0.825000 0.000000
vt  0.262500 0.825000 0.000000
vt  0.262500 0.825000 0.000000
vt  0.262500 0.825000 0.000000
vt  0.262500 0.825000 0.000000
vt  0.262500 0.825000 0.000000
vt  0.262500 0.825000 0.000000
vt  0.262500 0.825000 0.000000
vt  0.262500 0.825000 0.000000
vt  0.262500 0.825000 0.000000
vt  0.262500 0.825000 0.000000
vt  0.262500 0.825000 0.000000
vt  0.262500 0.825000 0.000000
vt  0.262500 0.825000 0.000000
vt  0.262500 0.825000 0.000000
vt  0.262500 0.825000 0.000000
vt  0.262500 0.825000 0.000000
vt  0.262500 0.825000 0.000000
vt  0.262500 0.825000 0.000000
vt  0.262500 0.825000 0.000000
vt  0.262500 0.825000 0.000000
vt  0.262500 0.825000 0.000000
vt  0.262500 0.825000 0.000000
vt  0.262500 0.825000 0.000000
vt  0.262500 0.825000 0.000000
vt  0.262500 0.825000 0.000000
vt  0.262500 0.825000 0.000000
vt  0.262500 0.825000 0.000000
vt  0.262500 0.825000 0.000000
vt  0.262500 0.825000 0.000000
vt  0.262500 0.825000 0.000000
vt  0.262500 0.825000 0.000000
vt  0.262500 0.825000 0.000000
vt  0.262500 0.825000 0.000000
vt  0.262500 0.825000 0.000000
vt  0.262500 0.825000 0.000000
vt  0.262500 0.825000 0.000000
vt  0.262500 0.825000 0.000000
vt  0.262500 0.825000 0.000000
vt  0.262500 0.825000 0.000000
vt  0.262500 0.825000 0.000000
vt  0.262500 0.825000 0.000000
vt  0.262500 0.825000 0.000000
vt  0.262500 0.825000 0.000000
vt  0.262500 0.825000 0.000000
vt  0.262500 0.825000 0.000000
vt  0.262500 0.825000 0.000000
vt  0.262500 0.825000 0.000000
vt  0.262500 0.825000 0.000000
vt  0.262500 0.825000 0.000000
vt  0.262500 0.825000 0.000000
vt  0.262500 0.825000 0.000000
vt  0.262500 0.825000 0.000000
vt  0.262500 0.825000 0.000000
vt  0.262500 0.825000 0.000000
vt  0.262500 0.825000 0.000000
vt  0.262500 0.825000 0.000000
vt  0.262500 0.825000 0.000000
vt  0.262500 0.825000 0.000000
vt  0.262500 0.825000 0.000000
vt  0.262500 0.825000 0.000000
vt  0.262500 0.825000 0.000000
vt  0.262500 0.825000 0.000000
vt  0.262500 0.825000 0.000000
vt  0.846875 0.231250 0.000000
vt  0.846875 0.231250 0.000000
vt  0.846875 0.231250 0.000000
vt  0.846875 0.231250 0.000000
vt  0.846875 0.231250 0.000000
vt  0.846875 0.231250 0.000000
vt  0.846875 0.231250 0.000000
vt  0.846875 0.231250 0.000000
vt  0.353125 0.809375 0.000000
vt  0.353125 0.809375 0.000000
vt  0.353125 0.809375 0.000000
vt  0.353125 0.809375 0.000000
vt  0.353125 0.809375 0.000000
vt  0.353125 0.809375 0.000000
vt  0.353125 0.809375 0.000000
vt  0.353125 0.809375 0.000000
vt  0.246875 0.812500 0.000000
vt  0.246875 0.812500 0.000000
vt  0.246875 0.812500 0.000000
vt  0.246875 0.812500 0.000000
vt  0.262500 0.825000 0.000000
vt  0.262500 0.825000 0.000000
vt  0.262500 0.825000 0.000000
vt  0.262500 0.825000 0.000000
vt  0.262500 0.825000 0.000000
vt  0.262500 0.825000 0.000000
vt  0.262500 0.825000 0.000000
vt  0.262500 0.825000 0.000000
vt  0.490625 0.603125 0.000000
vt  0.490625 0.603125 0.000000
vt  0.490625 0.603125 0.000000
vt  0.490625 0.603125 0.000000
vt  0.490625 0.603125 0.000000
vt  0.490625 0.603125 0.000000
vt  0.490625 0.603125 0.000000
vt  0.490625 0.603125 0.000000
vt  0.490625 0.603125 0.000000
vt  0.490625 0.603125 0.000000
vt  0.490625 0.603125 0.000000
vt  0.490625 0.603125 0.000000
vt  0.490625 0.603125 0.000000
vt  0.490625 0.603125 0.000000
vt  0.490625 0.603125 0.000000
vt  0.490625 0.603125 0.000000
vt  0.490625 0.603125 0.000000
vt  0.490625 0.603125 0.000000
vt  0.490625 0.603125 0.000000
vt  0.490625 0.603125 0.000000
vt  0.490625 0.603125 0.000000
vt  0.490625 0.603125 0.000000
vt  0.490625 0.603125 0.000000
vt  0.490625 0.603125 0.000000
vt  0.490625 0.603125 0.000000
vt  0.490625 0.603125 0.000000
vt  0.490625 0.603125 0.000000
vt  0.490625 0.603125 0.000000
vt  0.490625 0.603125 0.000000
vt  0.490625 0.603125 0.000000
vt  0.490625 0.603125 0.000000
vt  0.490625 0.603125 0.000000
vt  0.490625 0.603125 0.000000
vt  0.490625 0.603125 0.000000
vt  0.490625 0.603125 0.000000
vt  0.490625 0.603125 0.000000
vt  0.490625 0.603125 0.000000
vt  0.490625 0.603125 0.000000
vt  0.490625 0.603125 0.000000
vt  0.490625 0.603125 0.000000
vt  0.490625 0.603125 0.000000
vt  0.490625 0.603125 0.000000
vt  0.490625 0.603125 0.000000
vt  0.490625 0.603125 0.000000
vt  0.490625 0.603125 0.000000
vt  0.490625 0.603125 0.000000
vt  0.490625 0.603125 0.000000
vt  0.490625 0.603125 0.000000
vt  0.490625 0.603125 0.000000
vt  0.490625 0.603125 0.000000
vt  0.490625 0.603125 0.000000
vt  0.490625 0.603125 0.000000
vt  0.400000 0.590625 0.000000
vt  0.400000 0.590625 0.000000
vt  0.400000 0.590625 0.000000
vt  0.400000 0.590625 0.000000
vt  0.490625 0.603125 0.000000
vt  0.490625 0.603125 0.000000
vt  0.490625 0.603125 0.000000
vt  0.490625 0.603125 0.000000
vt  0.490625 0.603125 0.000000
vt  0.490625 0.603125 0.000000
vt  0.490625 0.603125 0.000000
vt  0.490625 0.603125 0.000000
vt  0.400000 0.590625 0.000000
vt  0.400000 0.590625 0.000000
vt  0.400000 0.590625 0.000000
vt  0.400000 0.590625 0.000000
vt  0.490625 0.603125 0.000000
vt  0.490625 0.603125 0.000000
vt  0.490625 0.603125 0.000000
vt  0.490625 0.603125 0.000000
vt  0.400000 0.590625 0.000000
vt  0.400000 0.590625 0.000000
vt  0.400000 0.590625 0.000000
vt  0.400000 0.590625 0.000000
vt  0.400000 0.590625 0.000000
vt  0.400000 0.590625 0.000000
vt  0.400000 0.590625 0.000000
vt  0.400000 0.590625 0.000000
vt  0.490625 0.603125 0.000000
vt  0.490625 0.603125 0.000000
vt  0.490625 0.603125 0.000000
vt  0.490625 0.603125 0.000000
vt  0.490625 0.603125 0.000000
vt  0.490625 0.603125 0.000000
vt  0.490625 0.603125 0.000000
vt  0.490625 0.603125 0.000000
vt  0.490625 0.603125 0.000000
vt  0.490625 0.603125 0.000000
vt  0.487500 0.828125 0.000000
vt  0.487500 0.828125 0.000000
vt  0.487500 0.828125 0.000000
vt  0.487500 0.828125 0.000000
vt  0.375000 0.843750 0.000000
vt  0.375000 0.843750 0.000000
vt  0.375000 0.843750 0.000000
vt  0.375000 0.843750 0.000000
vt  0.375000 0.843750 0.000000
vt  0.375000 0.843750 0.000000
vt  0.375000 0.843750 0.000000
vt  0.375000 0.843750 0.000000
vt  0.375000 0.843750 0.000000
vt  0.375000 0.843750 0.000000
vt  0.375000 0.843750 0.000000
vt  0.375000 0.843750 0.000000
vt  0.375000 0.843750 0.000000
vt  0.375000 0.843750 0.000000
vt  0.375000 0.843750 0.000000
vt  0.375000 0.843750 0.000000
vt  0.375000 0.843750 0.000000
vt  0.375000 0.843750 0.000000
vt  0.375000 0.843750 0.000000
vt  0.375000 0.843750 0.000000
vt  0.375000 0.843750 0.000000
vt  0.375000 0.843750 0.000000
vt  0.487500 0.828125 0.000000
vt  0.487500 0.828125 0.000000
vt  0.487500 0.828125 0.000000
vt  0.487500 0.828125 0.000000
vt  0.487500 0.828125 0.000000
vt  0.487500 0.828125 0.000000
vt  0.487500 0.828125 0.000000
vt  0.487500 0.828125 0.000000
vt  0.487500 0.828125 0.000000
vt  0.487500 0.828125 0.000000
vt  0.487500 0.828125 0.000000
vt  0.487500 0.828125 0.000000
vt  0.496875 0.240625 0.000000
vt  0.496875 0.240625 0.000000
vt  0.496875 0.240625 0.000000
vt  0.496875 0.240625 0.000000
vt  0.496875 0.240625 0.000000
vt  0.496875 0.240625 0.000000
vt  0.496875 0.240625 0.000000
vt  0.496875 0.240625 0.000000
vt  0.343750 0.240625 0.000000
vt  0.343750 0.240625 0.000000
vt  0.343750 0.240625 0.000000
vt  0.343750 0.240625 0.000000
vt  0.343750 0.240625 0.000000
vt  0.343750 0.240625 0.000000
vt  0.343750 0.240625 0.000000
vt  0.343750 0.240625 0.000000
vt  0.237500 0.225000 0.000000
vt  0.237500 0.225000 0.000000
vt  0.237500 0.225000 0.000000
vt  0.237500 0.225000 0.000000
vt  0.343750 0.240625 0.000000
vt  0.343750 0.240625 0.000000
vt  0.343750 0.240625 0.000000
vt  0.343750 0.240625 0.000000
vt  0.343750 0.240625 0.000000
vt  0.343750 0.240625 0.000000
vt  0.343750 0.240625 0.000000
vt  0.343750 0.240625 0.000000
vt  0.343750 0.240625 0.000000
vt  0.343750 0.240625 0.000000
vt  0.343750 0.240625 0.000000
vt  0.343750 0.240625 0.000000
vt  0.343750 0.240625 0.000000
vt  0.343750 0.240625 0.000000
vt  0.343750 0.240625 0.000000
vt  0.606250 0.250000 0.000000
vt  0.606250 0.250000 0.000000
vt  0.606250 0.250000 0.000000
vt  0.606250 0.250000 0.000000
vt  0.343750 0.240625 0.000000
vt  0.343750 0.240625 0.000000
vt  0.343750 0.240625 0.000000
vt  0.343750 0.240625 0.000000
vt  0.343750 0.240625 0.000000
vt  0.343750 0.240625 0.000000
vt  0.343750 0.240625 0.000000
vt  0.343750 0.240625 0.000000
vt  0.606250 0.250000 0.000000
vt  0.606250 0.250000 0.000000
vt  0.606250 0.250000 0.000000
vt  0.606250 0.250000 0.000000
vt  0.343750 0.240625 0.000000
vt  0.343750 0.240625 0.000000
vt  0.343750 0.240625 0.000000
vt  0.343750 0.240625 0.000000
vt  0.343750 0.240625 0.000000
vt  0.343750 0.240625 0.000000
vt  0.343750 0.240625 0.000000
vt  0.343750 0.240625 0.000000
vt  0.343750 0.240625 0.000000
vt  0.343750 0.240625 0.000000
vt  0.343750 0.240625 0.000000
vt  0.343750 0.240625 0.000000
vt  0.496875 0.240625 0.000000
vt  0.496875 0.240625 0.000000
vt  0.496875 0.240625 0.000000
vt  0.606250 0.250000 0.000000
vt  0.606250 0.250000 0.000000
vt  0.606250 0.250000 0.000000
vt  0.606250 0.250000 0.000000
vt  0.606250 0.250000 0.000000
vt  0.606250 0.250000 0.000000
vt  0.606250 0.250000 0.000000
vt  0.606250 0.250000 0.000000
vt  0.496875 0.240625 0.000000
vt  0.496875 0.240625 0.000000
vt  0.496875 0.240625 0.000000
vt  0.496875 0.240625 0.000000
vt  0.496875 0.240625 0.000000
vt  0.496875 0.240625 0.000000
vt  0.237500 0.218750 0.000000
vt  0.237500 0.218750 0.000000
vt  0.237500 0.218750 0.000000
vt  0.237500 0.218750 0.000000
vt  0.343750 0.240625 0.000000
vt  0.343750 0.240625 0.000000
vt  0.343750 0.240625 0.000000
vt  0.343750 0.240625 0.000000
vt  0.343750 0.240625 0.000000
vt  0.343750 0.240625 0.000000
vt  0.343750 0.240625 0.000000
vt  0.343750 0.240625 0.000000
vt  0.343750 0.240625 0.000000
vt  0.343750 0.240625 0.000000
vt  0.343750 0.240625 0.000000
vt  0.343750 0.240625 0.000000
vt  0.343750 0.240625 0.000000
vt  0.343750 0.240625 0.000000
vt  0.343750 0.240625 0.000000
vt  0.343750 0.240625 0.000000
vt  0.343750 0.240625 0.000000
vt  0.343750 0.240625 0.000000
vt  0.343750 0.240625 0.000000
vt  0.343750 0.240625 0.000000
vt  0.343750 0.240625 0.000000
vt  0.343750 0.240625 0.000000
vt  0.343750 0.240625 0.000000
vt  0.343750 0.240625 0.000000
vt  0.343750 0.240625 0.000000
vt  0.343750 0.240625 0.000000
vt  0.343750 0.240625 0.000000
vt  0.343750 0.240625 0.000000
vt  0.343750 0.240625 0.000000
vt  0.237500 0.218750 0.000000
vt  0.237500 0.218750 0.000000
vt  0.237500 0.218750 0.000000
vt  0.237500 0.218750 0.000000
vt  0.237500 0.218750 0.000000
vt  0.237500 0.218750 0.000000
vt  0.237500 0.218750 0.000000
vt  0.237500 0.218750 0.000000
vt  0.237500 0.218750 0.000000
vt  0.237500 0.218750 0.000000
vt  0.237500 0.218750 0.000000
vt  0.237500 0.218750 0.000000
vt  0.343750 0.240625 0.000000
vt  0.343750 0.240625 0.000000
vt  0.343750 0.240625 0.000000
vt  0.343750 0.240625 0.000000
vt  0.343750 0.240625 0.000000
vt  0.343750 0.240625 0.000000
vt  0.343750 0.240625 0.000000
vt  0.343750 0.240625 0.000000
vt  0.343750 0.240625 0.000000
vt  0.343750 0.240625 0.000000
vt  0.343750 0.240625 0.000000
vt  0.343750 0.240625 0.000000
vt  0.343750 0.240625 0.000000
vt  0.343750 0.240625 0.000000
vt  0.343750 0.240625 0.000000
vt  0.343750 0.240625 0.000000
vt  0.343750 0.240625 0.000000
vt  0.343750 0.240625 0.000000
vt  0.343750 0.240625 0.000000
vt  0.343750 0.240625 0.000000
vt  0.343750 0.240625 0.000000
vt  0.343750 0.240625 0.000000
vt  0.343750 0.240625 0.000000
vt  0.343750 0.240625 0.000000
vt  0.343750 0.240625 0.000000
vt  0.343750 0.240625 0.000000
vt  0.343750 0.240625 0.000000
vt  0.343750 0.240625 0.000000
vt  0.343750 0.240625 0.000000
vt  0.343750 0.240625 0.000000
vt  0.343750 0.240625 0.000000
vt  0.343750 0.240625 0.000000
vt  0.343750 0.240625 0.000000
vt  0.343750 0.240625 0.000000
vt  0.343750 0.240625 0.000000
vt  0.343750 0.240625 0.000000
vt  0.343750 0.240625 0.000000
vt  0.343750 0.240625 0.000000
vt  0.343750 0.240625 0.000000
vt  0.343750 0.240625 0.000000
vt  0.343750 0.240625 0.000000
vt  0.343750 0.240625 0.000000
vt  0.343750 0.240625 0.000000
vt  0.343750 0.240625 0.000000
vt  0.343750 0.240625 0.000000
vt  0.343750 0.240625 0.000000
vt  0.343750 0.240625 0.000000
vt  0.343750 0.240625 0.000000
vt  0.343750 0.240625 0.000000
vt  0.343750 0.240625 0.000000
vt  0.343750 0.240625 0.000000
vt  0.343750 0.240625 0.000000
vt  0.343750 0.240625 0.000000
vt  0.343750 0.240625 0.000000
vt  0.343750 0.240625 0.000000
vt  0.343750 0.240625 0.000000
vt  0.343750 0.240625 0.000000
vt  0.343750 0.240625 0.000000
vt  0.237500 0.218750 0.000000
vt  0.237500 0.218750 0.000000
vt  0.237500 0.218750 0.000000
vt  0.496875 0.240625 0.000000
vt  0.496875 0.240625 0.000000
vt  0.496875 0.240625 0.000000
vt  0.496875 0.240625 0.000000
vt  0.496875 0.240625 0.000000
vt  0.496875 0.240625 0.000000
vt  0.496875 0.240625 0.000000
vt  0.343750 0.240625 0.000000
vt  0.343750 0.240625 0.000000
vt  0.343750 0.240625 0.000000
vt  0.343750 0.240625 0.000000
vt  0.343750 0.240625 0.000000
vt  0.343750 0.240625 0.000000
vt  0.343750 0.240625 0.000000
vt  0.343750 0.240625 0.000000
vt  0.343750 0.240625 0.000000
vt  0.343750 0.240625 0.000000
vt  0.343750 0.240625 0.000000
vt  0.343750 0.240625 0.000000
vt  0.343750 0.240625 0.000000
vt  0.343750 0.240625 0.000000
vt  0.343750 0.240625 0.000000
vt  0.343750 0.240625 0.000000
vt  0.343750 0.240625 0.000000
vt  0.343750 0.240625 0.000000
vt  0.343750 0.240625 0.000000
vt  0.343750 0.240625 0.000000
vt  0.343750 0.240625 0.000000
vt  0.343750 0.240625 0.000000
vt  0.490625 0.603125 0.000000
vt  0.490625 0.603125 0.000000
vt  0.490625 0.603125 0.000000
vt  0.490625 0.603125 0.000000
vt  0.490625 0.603125 0.000000
vt  0.490625 0.603125 0.000000
vt  0.490625 0.603125 0.000000
vt  0.490625 0.603125 0.000000
vt  0.490625 0.603125 0.000000
vt  0.490625 0.603125 0.000000
vt  0.490625 0.603125 0.000000
vt  0.490625 0.603125 0.000000
vt  0.490625 0.603125 0.000000
vt  0.490625 0.603125 0.000000
vt  0.840625 0.784375 0.000000
vt  0.840625 0.784375 0.000000
vt  0.840625 0.784375 0.000000
vt  0.840625 0.784375 0.000000
vt  0.840625 0.784375 0.000000
vt  0.840625 0.784375 0.000000
vt  0.840625 0.784375 0.000000
vt  0.840625 0.784375 0.000000
vt  0.840625 0.784375 0.000000
vt  0.840625 0.784375 0.000000
vt  0.840625 0.784375 0.000000
vt  0.840625 0.784375 0.000000
vt  0.840625 0.784375 0.000000
vt  0.840625 0.784375 0.000000
vt  0.903125 0.537500 0.000000
vt  0.903125 0.537500 0.000000
vt  0.903125 0.537500 0.000000
vt  0.903125 0.537500 0.000000
vt  0.903125 0.537500 0.000000
vt  0.903125 0.537500 0.000000
vt  0.375000 0.843750 0.000000
vt  0.375000 0.843750 0.000000
vt  0.375000 0.843750 0.000000
vt  0.496875 0.240625 0.000000
vt  0.496875 0.240625 0.000000
vt  0.496875 0.240625 0.000000
vt  0.846875 0.231250 0.000000
vt  0.846875 0.231250 0.000000
vt  0.846875 0.231250 0.000000
vt  0.846875 0.231250 0.000000
vt  0.846875 0.231250 0.000000
vt  0.846875 0.231250 0.000000
vt  0.846875 0.231250 0.000000
vt  0.846875 0.231250 0.000000
vt  0.846875 0.231250 0.000000
vt  0.846875 0.231250 0.000000
vt  0.846875 0.231250 0.000000
vt  0.846875 0.231250 0.000000
vt  0.756250 0.221875 0.000000
vt  0.756250 0.221875 0.000000
vt  0.756250 0.221875 0.000000
vt  0.756250 0.221875 0.000000
vt  0.846875 0.231250 0.000000
vt  0.846875 0.231250 0.000000
vt  0.846875 0.231250 0.000000
vt  0.846875 0.231250 0.000000
vt  0.846875 0.231250 0.000000
vt  0.846875 0.231250 0.000000
vt  0.846875 0.231250 0.000000
vt  0.846875 0.231250 0.000000
vt  0.846875 0.231250 0.000000
vt  0.846875 0.231250 0.000000
vt  0.846875 0.231250 0.000000
vt  0.846875 0.231250 0.000000
vt  0.846875 0.231250 0.000000
vt  0.846875 0.231250 0.000000
vt  0.846875 0.231250 0.000000
vt  0.846875 0.231250 0.000000
vt  0.846875 0.231250 0.000000
vt  0.846875 0.231250 0.000000
vt  0.846875 0.231250 0.000000
vt  0.846875 0.231250 0.000000
vt  0.846875 0.231250 0.000000
vt  0.846875 0.231250 0.000000
vt  0.846875 0.231250 0.000000
vt  0.846875 0.231250 0.000000
vt  0.846875 0.231250 0.000000
vt  0.846875 0.231250 0.000000
vt  0.846875 0.231250 0.000000
vt  0.846875 0.231250 0.000000
vt  0.846875 0.231250 0.000000
vt  0.846875 0.231250 0.000000
vt  0.846875 0.231250 0.000000
vt  0.846875 0.231250 0.000000
vt  0.846875 0.231250 0.000000
vt  0.846875 0.231250 0.000000
vt  0.846875 0.231250 0.000000
vt  0.846875 0.231250 0.000000
vt  0.846875 0.231250 0.000000
vt  0.846875 0.231250 0.000000
vt  0.846875 0.231250 0.000000
vt  0.846875 0.231250 0.000000
vt  0.846875 0.231250 0.000000
vt  0.846875 0.231250 0.000000
vt  0.846875 0.231250 0.000000
vt  0.846875 0.231250 0.000000
vt  0.846875 0.231250 0.000000
vt  0.846875 0.231250 0.000000
vt  0.846875 0.231250 0.000000
vt  0.846875 0.231250 0.000000
vt  0.846875 0.231250 0.000000
vt  0.756250 0.221875 0.000000
vt  0.756250 0.221875 0.000000
vt  0.756250 0.221875 0.000000
vt  0.756250 0.221875 0.000000
vt  0.846875 0.231250 0.000000
vt  0.846875 0.231250 0.000000
vt  0.846875 0.231250 0.000000
vt  0.846875 0.231250 0.000000
vt  0.846875 0.231250 0.000000
vt  0.846875 0.231250 0.000000
vt  0.846875 0.231250 0.000000
vt  0.846875 0.231250 0.000000
vt  0.846875 0.231250 0.000000
vt  0.846875 0.231250 0.000000
vt  0.846875 0.231250 0.000000
vt  0.846875 0.231250 0.000000
vt  0.846875 0.231250 0.000000
vt  0.846875 0.231250 0.000000
vt  0.846875 0.231250 0.000000
vt  0.846875 0.231250 0.000000
vt  0.846875 0.231250 0.000000
vt  0.846875 0.231250 0.000000
vt  0.846875 0.231250 0.000000
vt  0.846875 0.231250 0.000000
vt  0.846875 0.231250 0.000000
vt  0.846875 0.231250 0.000000
vt  0.846875 0.231250 0.000000
vt  0.846875 0.231250 0.000000
vt  0.846875 0.231250 0.000000
vt  0.846875 0.231250 0.000000
vt  0.846875 0.231250 0.000000
vt  0.846875 0.231250 0.000000
vt  0.846875 0.231250 0.000000
vt  0.846875 0.231250 0.000000
vt  0.846875 0.231250 0.000000
vt  0.846875 0.231250 0.000000
vt  0.846875 0.231250 0.000000
vt  0.846875 0.231250 0.000000
vt  0.846875 0.231250 0.000000
vt  0.846875 0.231250 0.000000
vt  0.846875 0.231250 0.000000
vt  0.846875 0.231250 0.000000
vt  0.846875 0.231250 0.000000
vt  0.846875 0.231250 0.000000
vt  0.846875 0.231250 0.000000
vt  0.846875 0.231250 0.000000
vt  0.846875 0.231250 0.000000
vt  0.846875 0.231250 0.000000
vt  0.846875 0.231250 0.000000
vt  0.846875 0.231250 0.000000
vt  0.846875 0.231250 0.000000
vt  0.343750 0.240625 0.000000
vt  0.343750 0.240625 0.000000
vt  0.343750 0.240625 0.000000
vt  0.490625 0.603125 0.000000
vt  0.490625 0.603125 0.000000
vt  0.490625 0.603125 0.000000
vt  0.490625 0.603125 0.000000
vt  0.490625 0.603125 0.000000
vt  0.490625 0.603125 0.000000
vt  0.490625 0.603125 0.000000
vt  0.490625 0.603125 0.000000
vt  0.490625 0.603125 0.000000
vt  0.490625 0.603125 0.000000
vt  0.490625 0.603125 0.000000
vt  0.490625 0.603125 0.000000
vt  0.490625 0.603125 0.000000
vt  0.490625 0.603125 0.000000
vt  0.490625 0.603125 0.000000
vt  0.490625 0.603125 0.000000
vt  0.490625 0.603125 0.000000
vt  0.490625 0.603125 0.000000
vt  0.353125 0.809375 0.000000
vt  0.353125 0.809375 0.000000
vt  0.353125 0.809375 0.000000
vt  0.353125 0.809375 0.000000
vt  0.381250 0.812500 0.000000
vt  0.381250 0.812500 0.000000
vt  0.381250 0.812500 0.000000
vt  0.381250 0.812500 0.000000
vt  0.353125 0.809375 0.000000
vt  0.353125 0.809375 0.000000
vt  0.353125 0.809375 0.000000
vt  0.353125 0.809375 0.000000
vt  0.353125 0.809375 0.000000
vt  0.353125 0.809375 0.000000
vt  0.353125 0.809375 0.000000
vt  0.353125 0.809375 0.000000
vt  0.353125 0.809375 0.000000
vt  0.353125 0.809375 0.000000
vt  0.353125 0.809375 0.000000
vt  0.353125 0.809375 0.000000
vt  0.246875 0.812500 0.000000
vt  0.246875 0.812500 0.000000
vt  0.246875 0.812500 0.000000
vt  0.246875 0.812500 0.000000
vt  0.265625 0.837500 0.000000
vt  0.265625 0.837500 0.000000
vt  0.265625 0.837500 0.000000
vt  0.265625 0.837500 0.000000
vt  0.265625 0.837500 0.000000
vt  0.265625 0.837500 0.000000
vt  0.265625 0.837500 0.000000
vt  0.265625 0.837500 0.000000
vt  0.265625 0.837500 0.000000
vt  0.265625 0.837500 0.000000
vt  0.265625 0.837500 0.000000
vt  0.265625 0.837500 0.000000
vt  0.265625 0.837500 0.000000
vt  0.265625 0.837500 0.000000
vt  0.265625 0.837500 0.000000
vt  0.265625 0.837500 0.000000
vt  0.265625 0.837500 0.000000
vt  0.265625 0.837500 0.000000
vt  0.265625 0.837500 0.000000
vt  0.265625 0.837500 0.000000
vt  0.265625 0.837500 0.000000
vt  0.265625 0.837500 0.000000
vt  0.265625 0.837500 0.000000
vt  0.265625 0.837500 0.000000
vt  0.246875 0.812500 0.000000
vt  0.246875 0.812500 0.000000
vt  0.246875 0.812500 0.000000
vt  0.246875 0.812500 0.000000
vt  0.381250 0.812500 0.000000
vt  0.381250 0.812500 0.000000
vt  0.381250 0.812500 0.000000
vt  0.381250 0.812500 0.000000
vt  0.381250 0.812500 0.000000
vt  0.381250 0.812500 0.000000
vt  0.381250 0.812500 0.000000
vt  0.381250 0.812500 0.000000
vt  0.353125 0.809375 0.000000
vt  0.353125 0.809375 0.000000
vt  0.353125 0.809375 0.000000
vt  0.353125 0.809375 0.000000
vt  0.353125 0.809375 0.000000
vt  0.353125 0.809375 0.000000
vt  0.353125 0.809375 0.000000
vt  0.353125 0.809375 0.000000
vt  0.353125 0.809375 0.000000
vt  0.353125 0.809375 0.000000
vt  0.353125 0.809375 0.000000
vt  0.353125 0.809375 0.000000
vt  0.246875 0.812500 0.000000
vt  0.246875 0.812500 0.000000
vt  0.246875 0.812500 0.000000
vt  0.246875 0.812500 0.000000
vt  0.353125 0.809375 0.000000
vt  0.353125 0.809375 0.000000
vt  0.353125 0.809375 0.000000
vt  0.353125 0.809375 0.000000
vt  0.353125 0.809375 0.000000
vt  0.353125 0.809375 0.000000
vt  0.353125 0.809375 0.000000
vt  0.353125 0.809375 0.000000
vt  0.353125 0.809375 0.000000
vt  0.353125 0.809375 0.000000
vt  0.353125 0.809375 0.000000
vt  0.353125 0.809375 0.000000
vt  0.353125 0.809375 0.000000
vt  0.353125 0.809375 0.000000
vt  0.353125 0.809375 0.000000
vt  0.353125 0.809375 0.000000
vt  0.353125 0.809375 0.000000
vt  0.353125 0.809375 0.000000
vt  0.353125 0.809375 0.000000
vt  0.353125 0.809375 0.000000
vt  0.353125 0.809375 0.000000
vt  0.353125 0.809375 0.000000
vt  0.353125 0.809375 0.000000
vt  0.353125 0.809375 0.000000
vt  0.353125 0.809375 0.000000
vt  0.353125 0.809375 0.000000
vt  0.353125 0.809375 0.000000
vt  0.353125 0.809375 0.000000
vt  0.353125 0.809375 0.000000
vt  0.353125 0.809375 0.000000
vt  0.353125 0.809375 0.000000
vt  0.246875 0.812500 0.000000
vt  0.246875 0.812500 0.000000
vt  0.246875 0.812500 0.000000
vt  0.246875 0.812500 0.000000
vt  0.246875 0.812500 0.000000
vt  0.246875 0.812500 0.000000
vt  0.246875 0.812500 0.000000
vt  0.246875 0.812500 0.000000
vt  0.353125 0.809375 0.000000
vt  0.353125 0.809375 0.000000
vt  0.353125 0.809375 0.000000
vt  0.353125 0.809375 0.000000
vt  0.353125 0.809375 0.000000
vt  0.353125 0.809375 0.000000
vt  0.353125 0.809375 0.000000
vt  0.353125 0.809375 0.000000
vt  0.353125 0.809375 0.000000
vt  0.353125 0.809375 0.000000
vt  0.353125 0.809375 0.000000
vt  0.353125 0.809375 0.000000
vt  0.353125 0.809375 0.000000
vt  0.353125 0.809375 0.000000
vt  0.353125 0.809375 0.000000
vt  0.353125 0.809375 0.000000
vt  0.353125 0.809375 0.000000
vt  0.353125 0.809375 0.000000
vt  0.353125 0.809375 0.000000
vt  0.353125 0.809375 0.000000
vt  0.353125 0.809375 0.000000
vt  0.353125 0.809375 0.000000
vt  0.353125 0.809375 0.000000
vt  0.353125 0.809375 0.000000
vt  0.353125 0.809375 0.000000
vt  0.353125 0.809375 0.000000
vt  0.353125 0.809375 0.000000
vt  0.353125 0.809375 0.000000
vt  0.353125 0.809375 0.000000
vt  0.353125 0.809375 0.000000
vt  0.353125 0.809375 0.000000
vt  0.353125 0.809375 0.000000
vt  0.353125 0.809375 0.000000
vt  0.353125 0.809375 0.000000
vt  0.353125 0.809375 0.000000
vt  0.353125 0.809375 0.000000
vt  0.353125 0.809375 0.000000
vt  0.353125 0.809375 0.000000
vt  0.353125 0.809375 0.000000
vt  0.353125 0.809375 0.000000
vt  0.353125 0.809375 0.000000
vt  0.353125 0.809375 0.000000
vt  0.353125 0.809375 0.000000
vt  0.353125 0.809375 0.000000
vt  0.246875 0.812500 0.000000
vt  0.246875 0.812500 0.000000
vt  0.246875 0.812500 0.000000
vt  0.246875 0.812500 0.000000
vt  0.246875 0.812500 0.000000
vt  0.246875 0.812500 0.000000
vt  0.246875 0.812500 0.000000
vt  0.246875 0.812500 0.000000
vt  0.246875 0.812500 0.000000
vt  0.246875 0.812500 0.000000
vt  0.246875 0.812500 0.000000
vt  0.246875 0.812500 0.000000
vt  0.246875 0.812500 0.000000
vt  0.246875 0.812500 0.000000
vt  0.246875 0.812500 0.000000
vt  0.246875 0.812500 0.000000
vt  0.246875 0.812500 0.000000
vt  0.246875 0.812500 0.000000
vt  0.246875 0.812500 0.000000
vt  0.246875 0.812500 0.000000
vt  0.246875 0.812500 0.000000
vt  0.246875 0.812500 0.000000
vt  0.246875 0.812500 0.000000
vt  0.246875 0.812500 0.000000
vt  0.246875 0.812500 0.000000
vt  0.246875 0.812500 0.000000
vt  0.246875 0.812500 0.000000
vt  0.246875 0.812500 0.000000
vt  0.246875 0.812500 0.000000
vt  0.246875 0.812500 0.000000
vt  0.246875 0.812500 0.000000
vt  0.246875 0.812500 0.000000
vt  0.246875 0.812500 0.000000
vt  0.246875 0.812500 0.000000
vt  0.246875 0.812500 0.000000
vt  0.246875 0.812500 0.000000
vt  0.262500 0.825000 0.000000
vt  0.262500 0.825000 0.000000
vt  0.262500 0.825000 0.000000
vt  0.262500 0.825000 0.000000
vt  0.262500 0.825000 0.000000
vt  0.262500 0.825000 0.000000
vt  0.262500 0.825000 0.000000
vt  0.262500 0.825000 0.000000
vt  0.262500 0.825000 0.000000
vt  0.262500 0.825000 0.000000
vt  0.262500 0.825000 0.000000
vt  0.262500 0.825000 0.000000
vt  0.262500 0.825000 0.000000
vt  0.262500 0.825000 0.000000
vt  0.262500 0.825000 0.000000
vt  0.262500 0.825000 0.000000
vt  0.262500 0.825000 0.000000
vt  0.262500 0.825000 0.000000
vt  0.262500 0.825000 0.000000
vt  0.262500 0.825000 0.000000
vt  0.262500 0.825000 0.000000
vt  0.262500 0.825000 0.000000
vt  0.262500 0.825000 0.000000
vt  0.262500 0.825000 0.000000
vt  0.262500 0.825000 0.000000
vt  0.262500 0.825000 0.000000
vt  0.262500 0.825000 0.000000
vt  0.262500 0.825000 0.000000
vt  0.262500 0.825000 0.000000
vt  0.262500 0.825000 0.000000
vt  0.262500 0.825000 0.000000
vt  0.262500 0.825000 0.000000
vt  0.262500 0.825000 0.000000
vt  0.262500 0.825000 0.000000
vt  0.262500 0.825000 0.000000
vt  0.262500 0.825000 0.000000
vt  0.262500 0.825000 0.000000
vt  0.262500 0.825000 0.000000
vt  0.262500 0.825000 0.000000
vt  0.262500 0.825000 0.000000
vt  0.262500 0.825000 0.000000
vt  0.262500 0.825000 0.000000
vt  0.262500 0.825000 0.000000
vt  0.262500 0.825000 0.000000
vt  0.262500 0.825000 0.000000
vt  0.262500 0.825000 0.000000
vt  0.262500 0.825000 0.000000
vt  0.262500 0.825000 0.000000
vt  0.262500 0.825000 0.000000
vt  0.262500 0.825000 0.000000
vt  0.262500 0.825000 0.000000
vt  0.262500 0.825000 0.000000
vt  0.262500 0.825000 0.000000
vt  0.262500 0.825000 0.000000
vt  0.262500 0.825000 0.000000
vt  0.262500 0.825000 0.000000
vt  0.262500 0.825000 0.000000
vt  0.262500 0.825000 0.000000
vt  0.262500 0.825000 0.000000
vt  0.262500 0.825000 0.000000
vt  0.262500 0.825000 0.000000
vt  0.262500 0.825000 0.000000
vt  0.262500 0.825000 0.000000
vt  0.262500 0.825000 0.000000
vt  0.262500 0.825000 0.000000
vt  0.262500 0.825000 0.000000
vt  0.262500 0.825000 0.000000
vt  0.262500 0.825000 0.000000
vt  0.262500 0.825000 0.000000
vt  0.262500 0.825000 0.000000
vt  0.262500 0.825000 0.000000
vt  0.262500 0.825000 0.000000
vt  0.262500 0.825000 0.000000
vt  0.262500 0.825000 0.000000
vt  0.262500 0.825000 0.000000
vt  0.262500 0.825000 0.000000
vt  0.846875 0.231250 0.000000
vt  0.846875 0.231250 0.000000
vt  0.846875 0.231250 0.000000
vt  0.846875 0.231250 0.000000
vt  0.846875 0.231250 0.000000
vt  0.846875 0.231250 0.000000
vt  0.846875 0.231250 0.000000
vt  0.846875 0.231250 0.000000
vt  0.353125 0.809375 0.000000
vt  0.353125 0.809375 0.000000
vt  0.353125 0.809375 0.000000
vt  0.353125 0.809375 0.000000
vt  0.353125 0.809375 0.000000
vt  0.353125 0.809375 0.000000
vt  0.353125 0.809375 0.000000
vt  0.353125 0.809375 0.000000
vt  0.246875 0.812500 0.000000
vt  0.246875 0.812500 0.000000
vt  0.246875 0.812500 0.000000
vt  0.246875 0.812500 0.000000
vt  0.262500 0.825000 0.000000
vt  0.262500 0.825000 0.000000
vt  0.262500 0.825000 0.000000
vt  0.262500 0.825000 0.000000
vt  0.262500 0.825000 0.000000
vt  0.262500 0.825000 0.000000
vt  0.262500 0.825000 0.000000
vt  0.262500 0.825000 0.000000
vt  0.490625 0.603125 0.000000
vt  0.490625 0.603125 0.000000
vt  0.490625 0.603125 0.000000
vt  0.490625 0.603125 0.000000
vt  0.490625 0.603125 0.000000
vt  0.490625 0.603125 0.000000
vt  0.490625 0.603125 0.000000
vt  0.490625 0.603125 0.000000
vt  0.400000 0.590625 0.000000
vt  0.490625 0.603125 0.000000
vt  0.490625 0.603125 0.000000
vt  0.400000 0.590625 0.000000
vt  0.490625 0.603125 0.000000
vt  0.490625 0.603125 0.000000
vt  0.490625 0.603125 0.000000
vt  0.490625 0.603125 0.000000
vt  0.653125 0.606250 0.000000
vt  0.653125 0.606250 0.000000
vt  0.653125 0.606250 0.000000
vt  0.653125 0.606250 0.000000
vt  0.653125 0.606250 0.000000
vt  0.653125 0.606250 0.000000
vt  0.653125 0.606250 0.000000
vt  0.653125 0.606250 0.000000
vt  0.653125 0.606250 0.000000
vt  0.653125 0.606250 0.000000
vt  0.653125 0.606250 0.000000
vt  0.653125 0.606250 0.000000
vt  0.490625 0.603125 0.000000
vt  0.490625 0.603125 0.000000
vt  0.490625 0.603125 0.000000
vt  0.490625 0.603125 0.000000
vt  0.490625 0.603125 0.000000
vt  0.490625 0.603125 0.000000
vt  0.490625 0.603125 0.000000
vt  0.490625 0.603125 0.000000
vt  0.490625 0.603125 0.000000
vt  0.490625 0.603125 0.000000
vt  0.490625 0.603125 0.000000
vt  0.490625 0.603125 0.000000
vt  0.490625 0.603125 0.000000
vt  0.490625 0.603125 0.000000
vt  0.490625 0.603125 0.000000
vt  0.490625 0.603125 0.000000
vt  0.653125 0.606250 0.000000
vt  0.653125 0.606250 0.000000
vt  0.653125 0.606250 0.000000
vt  0.653125 0.606250 0.000000
vt  0.490625 0.603125 0.000000
vt  0.490625 0.603125 0.000000
vt  0.490625 0.603125 0.000000
vt  0.490625 0.603125 0.000000
vt  0.490625 0.603125 0.000000
vt  0.490625 0.603125 0.000000
vt  0.490625 0.603125 0.000000
vt  0.490625 0.603125 0.000000
vt  0.653125 0.606250 0.000000
vt  0.653125 0.606250 0.000000
vt  0.653125 0.606250 0.000000
vt  0.653125 0.606250 0.000000
vt  0.490625 0.603125 0.000000
vt  0.400000 0.590625 0.000000
vt  0.490625 0.603125 0.000000
vt  0.490625 0.603125 0.000000
vt  0.490625 0.603125 0.000000
vt  0.490625 0.603125 0.000000
vt  0.490625 0.603125 0.000000
vt  0.490625 0.603125 0.000000
vt  0.490625 0.603125 0.000000
vt  0.490625 0.603125 0.000000
vt  0.490625 0.603125 0.000000
vt  0.490625 0.603125 0.000000
vt  0.375000 0.843750 0.000000
vt  0.375000 0.843750 0.000000
vt  0.375000 0.843750 0.000000
vt  0.375000 0.843750 0.000000
vt  0.375000 0.843750 0.000000
vt  0.375000 0.843750 0.000000
vt  0.375000 0.843750 0.000000
vt  0.375000 0.843750 0.000000
vt  0.375000 0.843750 0.000000
vt  0.375000 0.843750 0.000000
vt  0.375000 0.843750 0.000000
vt  0.375000 0.843750 0.000000
vt  0.375000 0.843750 0.000000
vt  0.375000 0.843750 0.000000
vt  0.375000 0.843750 0.000000
vt  0.375000 0.843750 0.000000
vt  0.375000 0.843750 0.000000
vt  0.375000 0.843750 0.000000
vt  0.375000 0.843750 0.000000
vt  0.375000 0.843750 0.000000
vt  0.375000 0.843750 0.000000
vt  0.375000 0.843750 0.000000
vt  0.375000 0.843750 0.000000
vt  0.375000 0.843750 0.000000
vt  0.375000 0.843750 0.000000
vt  0.375000 0.843750 0.000000
vt  0.375000 0.843750 0.000000
vt  0.375000 0.843750 0.000000
vt  0.375000 0.843750 0.000000
vt  0.375000 0.843750 0.000000
vt  0.375000 0.843750 0.000000
vt  0.375000 0.843750 0.000000
vt  0.375000 0.843750 0.000000
vt  0.375000 0.843750 0.000000
vt  0.375000 0.843750 0.000000
vt  0.375000 0.843750 0.000000
vt  0.487500 0.828125 0.000000
vt  0.487500 0.828125 0.000000
vt  0.487500 0.828125 0.000000
vt  0.487500 0.828125 0.000000
vt  0.375000 0.843750 0.000000
vt  0.375000 0.843750 0.000000
vt  0.375000 0.843750 0.000000
vt  0.375000 0.843750 0.000000
vt  0.487500 0.828125 0.000000
vt  0.487500 0.828125 0.000000
vt  0.487500 0.828125 0.000000
vt  0.487500 0.828125 0.000000
vt  0.375000 0.843750 0.000000
vt  0.375000 0.843750 0.000000
vt  0.375000 0.843750 0.000000
vt  0.487500 0.828125 0.000000
vt  0.487500 0.828125 0.000000
vt  0.487500 0.828125 0.000000
vt  0.375000 0.843750 0.000000
vt  0.375000 0.843750 0.000000
vt  0.375000 0.843750 0.000000
vt  0.375000 0.843750 0.000000
vt  0.487500 0.828125 0.000000
vt  0.487500 0.828125 0.000000
vt  0.487500 0.828125 0.000000
vt  0.487500 0.828125 0.000000
vt  0.375000 0.843750 0.000000
vt  0.375000 0.843750 0.000000
vt  0.375000 0.843750 0.000000
vt  0.375000 0.843750 0.000000
vt  0.375000 0.843750 0.000000
vt  0.375000 0.843750 0.000000
vt  0.375000 0.843750 0.000000
vt  0.375000 0.843750 0.000000
vt  0.375000 0.843750 0.000000
vt  0.375000 0.843750 0.000000
vt  0.375000 0.843750 0.000000
vt  0.375000 0.843750 0.000000
vt  0.375000 0.843750 0.000000
vt  0.375000 0.843750 0.000000
vt  0.375000 0.843750 0.000000
vt  0.375000 0.843750 0.000000
vt  0.375000 0.843750 0.000000
vt  0.375000 0.843750 0.000000
vt  0.375000 0.843750 0.000000
vt  0.375000 0.843750 0.000000
vt  0.375000 0.843750 0.000000
vt  0.375000 0.843750 0.000000
vt  0.375000 0.843750 0.000000
vt  0.375000 0.843750 0.000000
vt  0.375000 0.843750 0.000000
vt  0.375000 0.843750 0.000000
vt  0.375000 0.843750 0.000000
vt  0.375000 0.843750 0.000000
vt  0.487500 0.828125 0.000000
vt  0.375000 0.843750 0.000000
vt  0.375000 0.843750 0.000000
vt  0.375000 0.843750 0.000000
vt  0.375000 0.843750 0.000000
vt  0.375000 0.843750 0.000000
vt  0.375000 0.843750 0.000000
vt  0.375000 0.843750 0.000000
vt  0.487500 0.828125 0.000000
vt  0.487500 0.828125 0.000000
vt  0.487500 0.828125 0.000000
vt  0.487500 0.828125 0.000000
vt  0.487500 0.828125 0.000000
vt  0.487500 0.828125 0.000000
vt  0.487500 0.828125 0.000000
vt  0.487500 0.828125 0.000000
vt  0.487500 0.828125 0.000000
vt  0.487500 0.828125 0.000000
vt  0.487500 0.828125 0.000000
vt  0.487500 0.828125 0.000000
vt  0.487500 0.828125 0.000000
vt  0.487500 0.828125 0.000000
vt  0.487500 0.828125 0.000000
vt  0.487500 0.828125 0.000000
vt  0.487500 0.828125 0.000000
vt  0.487500 0.828125 0.000000
vt  0.487500 0.828125 0.000000
vt  0.487500 0.828125 0.000000
vt  0.487500 0.828125 0.000000
vt  0.487500 0.828125 0.000000
vt  0.496875 0.240625 0.000000
vt  0.496875 0.240625 0.000000
vt  0.496875 0.240625 0.000000
vt  0.496875 0.240625 0.000000
vt  0.343750 0.240625 0.000000
vt  0.343750 0.240625 0.000000
vt  0.343750 0.240625 0.000000
vt  0.343750 0.240625 0.000000
vt  0.343750 0.240625 0.000000
vt  0.343750 0.240625 0.000000
vt  0.343750 0.240625 0.000000
vt  0.343750 0.240625 0.000000
vt  0.343750 0.240625 0.000000
vt  0.343750 0.240625 0.000000
vt  0.343750 0.240625 0.000000
vt  0.343750 0.240625 0.000000
vt  0.343750 0.240625 0.000000
vt  0.343750 0.240625 0.000000
vt  0.343750 0.240625 0.000000
vt  0.343750 0.240625 0.000000
vt  0.343750 0.240625 0.000000
vt  0.343750 0.240625 0.000000
vt  0.343750 0.240625 0.000000
vt  0.343750 0.240625 0.000000
vt  0.343750 0.240625 0.000000
vt  0.343750 0.240625 0.000000
vt  0.343750 0.240625 0.000000
vt  0.343750 0.240625 0.000000
vt  0.343750 0.240625 0.000000
vt  0.343750 0.240625 0.000000
vt  0.343750 0.240625 0.000000
vt  0.237500 0.225000 0.000000
vt  0.237500 0.225000 0.000000
vt  0.343750 0.240625 0.000000
vt  0.343750 0.240625 0.000000
vt  0.496875 0.240625 0.000000
vt  0.496875 0.240625 0.000000
vt  0.343750 0.240625 0.000000
vt  0.343750 0.240625 0.000000
vt  0.237500 0.225000 0.000000
vt  0.343750 0.240625 0.000000
vt  0.343750 0.240625 0.000000
vt  0.643750 0.806250 0.000000
vt  0.643750 0.806250 0.000000
vt  0.643750 0.806250 0.000000
vt  0.643750 0.806250 0.000000
vt  0.643750 0.806250 0.000000
vt  0.643750 0.806250 0.000000
vt  0.643750 0.806250 0.000000
vt  0.643750 0.806250 0.000000
vt  0.643750 0.806250 0.000000
vt  0.643750 0.806250 0.000000
vt  0.643750 0.806250 0.000000
vt  0.643750 0.806250 0.000000
vt  0.643750 0.806250 0.000000
vt  0.643750 0.806250 0.000000
vt  0.643750 0.806250 0.000000
vt  0.643750 0.806250 0.000000
vt  0.643750 0.806250 0.000000
vt  0.643750 0.806250 0.000000
vt  0.643750 0.806250 0.000000
vt  0.643750 0.806250 0.000000
vt  0.643750 0.806250 0.000000
vt  0.643750 0.806250 0.000000
vt  0.643750 0.806250 0.000000
vt  0.643750 0.806250 0.000000
vt  0.643750 0.806250 0.000000
vt  0.643750 0.806250 0.000000
vt  0.643750 0.806250 0.000000
vt  0.643750 0.806250 0.000000
vt  0.643750 0.806250 0.000000
vt  0.643750 0.806250 0.000000
vt  0.643750 0.806250 0.000000
vt  0.643750 0.806250 0.000000
vt  0.643750 0.806250 0.000000
vt  0.643750 0.806250 0.000000
vt  0.643750 0.806250 0.000000
vt  0.643750 0.806250 0.000000
vt  0.643750 0.806250 0.000000
vt  0.643750 0.806250 0.000000
vt  0.643750 0.806250 0.000000
vt  0.643750 0.806250 0.000000
vt  0.540625 0.815625 0.000000
vt  0.540625 0.815625 0.000000
vt  0.540625 0.815625 0.000000
vt  0.540625 0.815625 0.000000
vt  0.540625 0.815625 0.000000
vt  0.540625 0.815625 0.000000
vt  0.540625 0.815625 0.000000
vt  0.540625 0.815625 0.000000
vt  0.643750 0.806250 0.000000
vt  0.643750 0.806250 0.000000
vt  0.643750 0.806250 0.000000
vt  0.643750 0.806250 0.000000
vt  0.643750 0.806250 0.000000
vt  0.643750 0.806250 0.000000
vt  0.643750 0.806250 0.000000
vt  0.643750 0.806250 0.000000
vt  0.643750 0.806250 0.000000
vt  0.643750 0.806250 0.000000
vt  0.643750 0.806250 0.000000
vt  0.643750 0.806250 0.000000
vt  0.643750 0.806250 0.000000
vt  0.643750 0.806250 0.000000
vt  0.643750 0.806250 0.000000
vt  0.540625 0.815625 0.000000
vt  0.540625 0.815625 0.000000
vt  0.540625 0.815625 0.000000
vt  0.540625 0.815625 0.000000
vt  0.540625 0.815625 0.000000
vt  0.540625 0.815625 0.000000
vt  0.540625 0.815625 0.000000
vt  0.643750 0.806250 0.000000
vt  0.643750 0.806250 0.000000
vt  0.643750 0.806250 0.000000
vt  0.643750 0.806250 0.000000
vt  0.643750 0.806250 0.000000
vt  0.643750 0.806250 0.000000
vt  0.643750 0.806250 0.000000
vt  0.643750 0.806250 0.000000
vt  0.643750 0.806250 0.000000
vt  0.643750 0.806250 0.000000
vt  0.643750 0.806250 0.000000
vt  0.643750 0.806250 0.000000
vt  0.643750 0.806250 0.000000
vt  0.643750 0.806250 0.000000
vt  0.643750 0.806250 0.000000
vt  0.643750 0.806250 0.000000
vt  0.643750 0.806250 0.000000
vt  0.643750 0.806250 0.000000
vt  0.643750 0.806250 0.000000
vt  0.643750 0.806250 0.000000
vt  0.643750 0.806250 0.000000
vt  0.643750 0.806250 0.000000
vt  0.643750 0.806250 0.000000
vt  0.643750 0.806250 0.000000
vt  0.643750 0.806250 0.000000
vt  0.643750 0.806250 0.000000
vt  0.643750 0.806250 0.000000
vt  0.643750 0.806250 0.000000
vt  0.643750 0.806250 0.000000
vt  0.643750 0.806250 0.000000
vt  0.643750 0.806250 0.000000
vt  0.643750 0.806250 0.000000
vt  0.643750 0.806250 0.000000
vt  0.643750 0.806250 0.000000
vt  0.643750 0.806250 0.000000
vt  0.540625 0.815625 0.000000
vt  0.540625 0.815625 0.000000
vt  0.540625 0.815625 0.000000
vt  0.643750 0.806250 0.000000
vt  0.643750 0.806250 0.000000
vt  0.643750 0.806250 0.000000
vt  0.643750 0.806250 0.000000
vt  0.643750 0.806250 0.000000
vt  0.643750 0.806250 0.000000
vt  0.643750 0.806250 0.000000
vt  0.643750 0.806250 0.000000
vt  0.643750 0.806250 0.000000
vt  0.643750 0.806250 0.000000
vt  0.643750 0.806250 0.000000
vt  0.643750 0.806250 0.000000
vt  0.643750 0.806250 0.000000
vt  0.540625 0.815625 0.000000
vt  0.540625 0.815625 0.000000
vt  0.540625 0.815625 0.000000
vt  0.540625 0.815625 0.000000
vt  0.540625 0.815625 0.000000
vt  0.540625 0.815625 0.000000
vt  0.643750 0.806250 0.000000
vt  0.643750 0.806250 0.000000
vt  0.643750 0.806250 0.000000
vt  0.643750 0.806250 0.000000
vt  0.643750 0.806250 0.000000
vt  0.643750 0.806250 0.000000
vt  0.643750 0.806250 0.000000
vt  0.375000 0.843750 0.000000
vt  0.375000 0.843750 0.000000
vt  0.375000 0.843750 0.000000
vt  0.375000 0.843750 0.000000
vt  0.375000 0.843750 0.000000
vt  0.375000 0.843750 0.000000
vt  0.375000 0.843750 0.000000
vt  0.375000 0.843750 0.000000
vt  0.375000 0.843750 0.000000
vt  0.375000 0.843750 0.000000
vt  0.375000 0.843750 0.000000
vt  0.375000 0.843750 0.000000
vt  0.375000 0.843750 0.000000
vt  0.375000 0.843750 0.000000
vt  0.375000 0.843750 0.000000
vt  0.375000 0.843750 0.000000
vt  0.375000 0.843750 0.000000
vt  0.375000 0.843750 0.000000
vt  0.375000 0.843750 0.000000
vt  0.375000 0.843750 0.000000
vt  0.375000 0.843750 0.000000
vt  0.343750 0.240625 0.000000
vt  0.343750 0.240625 0.000000
vt  0.343750 0.240625 0.000000
vt  0.343750 0.240625 0.000000
vt  0.343750 0.240625 0.000000
vt  0.343750 0.240625 0.000000
vt  0.343750 0.240625 0.000000
vt  0.343750 0.240625 0.000000
vt  0.343750 0.240625 0.000000
vt  0.496875 0.240625 0.000000
vt  0.496875 0.240625 0.000000
vt  0.496875 0.240625 0.000000
vt  0.343750 0.240625 0.000000
vt  0.237500 0.218750 0.000000
vt  0.237500 0.218750 0.000000
vt  0.237500 0.218750 0.000000
vt  0.237500 0.218750 0.000000
vt  0.496875 0.240625 0.000000
vt  0.496875 0.240625 0.000000
vt  0.496875 0.240625 0.000000
vt  0.496875 0.240625 0.000000
vt  0.496875 0.240625 0.000000
vt  0.496875 0.240625 0.000000
vt  0.496875 0.240625 0.000000
vt  0.490625 0.603125 0.000000
vt  0.400000 0.590625 0.000000
vt  0.400000 0.590625 0.000000
vt  0.400000 0.590625 0.000000
vt  0.400000 0.590625 0.000000
vt  0.490625 0.603125 0.000000
vt  0.490625 0.603125 0.000000
vt  0.490625 0.603125 0.000000
vt  0.490625 0.603125 0.000000
vt  0.490625 0.603125 0.000000
vt  0.490625 0.603125 0.000000
vt  0.490625 0.603125 0.000000
vt  0.490625 0.603125 0.000000
vt  0.490625 0.603125 0.000000
vt  0.490625 0.603125 0.000000
vt  0.653125 0.606250 0.000000
vt  0.653125 0.606250 0.000000
vt  0.653125 0.606250 0.000000
vt  0.653125 0.606250 0.000000
vt  0.653125 0.606250 0.000000
vt  0.653125 0.606250 0.000000
vt  0.653125 0.606250 0.000000
vt  0.653125 0.606250 0.000000
vt  0.653125 0.606250 0.000000
vt  0.653125 0.606250 0.000000
vt  0.653125 0.606250 0.000000
vt  0.653125 0.606250 0.000000
vt  0.653125 0.606250 0.000000
vt  0.653125 0.606250 0.000000
vt  0.653125 0.606250 0.000000
vt  0.653125 0.606250 0.000000
vt  0.653125 0.606250 0.000000
vt  0.653125 0.606250 0.000000
vt  0.653125 0.606250 0.000000
vt  0.653125 0.606250 0.000000
vt  0.653125 0.606250 0.000000
vt  0.653125 0.606250 0.000000
vt  0.653125 0.606250 0.000000
vt  0.903125 0.537500 0.000000
vt  0.903125 0.537500 0.000000
vt  0.903125 0.537500 0.000000
vt  0.903125 0.537500 0.000000
vt  0.903125 0.537500 0.000000
vt  0.903125 0.537500 0.000000
vt  0.903125 0.537500 0.000000
vt  0.903125 0.537500 0.000000
vt  0.903125 0.537500 0.000000
vt  0.903125 0.537500 0.000000
vt  0.903125 0.537500 0.000000
vt  0.903125 0.537500 0.000000
vt  0.903125 0.537500 0.000000
vt  0.903125 0.537500 0.000000
vt  0.903125 0.537500 0.000000
vt  0.903125 0.537500 0.000000
vt  0.903125 0.537500 0.000000
vt  0.903125 0.537500 0.000000
vt  0.903125 0.537500 0.000000
vt  0.903125 0.537500 0.000000
vt  0.903125 0.537500 0.000000
vt  0.903125 0.537500 0.000000
vt  0.903125 0.537500 0.000000
vt  0.903125 0.537500 0.000000
vt  0.903125 0.537500 0.000000
vt  0.903125 0.537500 0.000000
vt  0.903125 0.537500 0.000000
vt  0.903125 0.537500 0.000000
vt  0.903125 0.537500 0.000000
vt  0.903125 0.537500 0.000000
vt  0.903125 0.537500 0.000000
vt  0.903125 0.537500 0.000000
vt  0.903125 0.537500 0.000000
vt  0.903125 0.537500 0.000000
vt  0.903125 0.537500 0.000000
vt  0.903125 0.537500 0.000000
vt  0.903125 0.537500 0.000000
vt  0.903125 0.537500 0.000000
vt  0.903125 0.537500 0.000000
vt  0.903125 0.537500 0.000000
vt  0.903125 0.537500 0.000000
vt  0.903125 0.537500 0.000000
vt  0.903125 0.537500 0.000000
vt  0.903125 0.537500 0.000000
vt  0.903125 0.537500 0.000000
vt  0.903125 0.537500 0.000000
vt  0.903125 0.537500 0.000000
vt  0.903125 0.537500 0.000000
vt  0.903125 0.537500 0.000000
vt  0.903125 0.537500 0.000000
vt  0.903125 0.537500 0.000000
vt  0.903125 0.537500 0.000000
vt  0.903125 0.537500 0.000000
vt  0.903125 0.537500 0.000000
vt  0.903125 0.537500 0.000000
vt  0.903125 0.537500 0.000000
vt  0.903125 0.537500 0.000000
vt  0.840625 0.784375 0.000000
vt  0.840625 0.784375 0.000000
vt  0.840625 0.784375 0.000000
vt  0.840625 0.784375 0.000000
vt  0.840625 0.784375 0.000000
vt  0.840625 0.784375 0.000000
vt  0.840625 0.784375 0.000000
vt  0.840625 0.784375 0.000000
vt  0.840625 0.784375 0.000000
vt  0.840625 0.784375 0.000000
vt  0.840625 0.784375 0.000000
vt  0.840625 0.784375 0.000000
vt  0.840625 0.784375 0.000000
vt  0.840625 0.784375 0.000000
vt  0.840625 0.784375 0.000000
vt  0.840625 0.784375 0.000000
vt  0.840625 0.784375 0.000000
vt  0.840625 0.784375 0.000000
vt  0.840625 0.784375 0.000000
vt  0.840625 0.784375 0.000000
vt  0.840625 0.784375 0.000000
vt  0.840625 0.784375 0.000000
vt  0.840625 0.784375 0.000000
vt  0.840625 0.784375 0.000000
vt  0.840625 0.784375 0.000000
vt  0.840625 0.784375 0.000000
vt  0.840625 0.784375 0.000000
vt  0.840625 0.784375 0.000000
vt  0.840625 0.784375 0.000000
vt  0.840625 0.784375 0.000000
vt  0.840625 0.784375 0.000000
vt  0.840625 0.784375 0.000000
vt  0.903125 0.537500 0.000000
vt  0.903125 0.537500 0.000000
vt  0.903125 0.537500 0.000000
vt  0.903125 0.537500 0.000000
vt  0.903125 0.537500 0.000000
vt  0.903125 0.537500 0.000000
vt  0.903125 0.537500 0.000000
vt  0.903125 0.537500 0.000000
vt  0.903125 0.537500 0.000000
vt  0.903125 0.537500 0.000000
vt  0.903125 0.537500 0.000000
vt  0.903125 0.537500 0.000000
vt  0.375000 0.843750 0.000000
vt  0.375000 0.843750 0.000000
vt  0.375000 0.843750 0.000000
vt  0.375000 0.843750 0.000000
vt  0.375000 0.843750 0.000000
vt  0.375000 0.843750 0.000000
vt  0.375000 0.843750 0.000000
vt  0.375000 0.843750 0.000000
vt  0.375000 0.843750 0.000000
vt  0.375000 0.843750 0.000000
vt  0.375000 0.843750 0.000000
vt  0.375000 0.843750 0.000000
vt  0.375000 0.843750 0.000000
vt  0.496875 0.240625 0.000000
vt  0.496875 0.240625 0.000000
vt  0.496875 0.240625 0.000000
vt  0.496875 0.240625 0.000000
vt  0.496875 0.240625 0.000000
vt  0.496875 0.240625 0.000000
vt  0.496875 0.240625 0.000000
vt  0.496875 0.240625 0.000000
vt  0.343750 0.240625 0.000000
vt  0.343750 0.240625 0.000000
vt  0.343750 0.240625 0.000000
vt  0.343750 0.240625 0.000000
vt  0.343750 0.240625 0.000000
vt  0.343750 0.240625 0.000000
vt  0.343750 0.240625 0.000000
vt  0.343750 0.240625 0.000000
vt  0.343750 0.240625 0.000000
vt  0.343750 0.240625 0.000000
vt  0.343750 0.240625 0.000000
vt  0.343750 0.240625 0.000000
vt  0.343750 0.240625 0.000000
vt  0.343750 0.240625 0.000000
vt  0.343750 0.240625 0.000000
vt  0.343750 0.240625 0.000000
vt  0.343750 0.240625 0.000000
vt  0.343750 0.240625 0.000000
vt  0.343750 0.240625 0.000000
vt  0.343750 0.240625 0.000000
vt  0.490625 0.603125 0.000000
vt  0.490625 0.603125 0.000000
vt  0.490625 0.603125 0.000000
vt  0.490625 0.603125 0.000000
vt  0.490625 0.603125 0.000000
vt  0.490625 0.603125 0.000000
vt  0.490625 0.603125 0.000000
vt  0.375000 0.843750 0.000000
vt  0.375000 0.843750 0.000000
vt  0.375000 0.843750 0.000000
vt  0.375000 0.843750 0.000000
vt  0.487500 0.828125 0.000000
vt  0.487500 0.828125 0.000000
vt  0.487500 0.828125 0.000000
vt  0.487500 0.828125 0.000000
vt  0.375000 0.843750 0.000000
vt  0.375000 0.843750 0.000000
vt  0.375000 0.843750 0.000000
vt  0.490625 0.603125 0.000000
vt  0.490625 0.603125 0.000000
vt  0.490625 0.603125 0.000000
vt  0.490625 0.603125 0.000000
vt  0.490625 0.603125 0.000000
vt  0.490625 0.603125 0.000000
vt  0.490625 0.603125 0.000000
vt  0.490625 0.603125 0.000000
vt  0.653125 0.606250 0.000000
vt  0.653125 0.606250 0.000000
vt  0.653125 0.606250 0.000000
vt  0.653125 0.606250 0.000000
vt  0.653125 0.606250 0.000000
vt  0.653125 0.606250 0.000000
vt  0.653125 0.606250 0.000000
vt  0.653125 0.606250 0.000000
vt  0.653125 0.606250 0.000000
vt  0.653125 0.606250 0.000000
vt  0.653125 0.606250 0.000000
vt  0.653125 0.606250 0.000000
vt  0.490625 0.603125 0.000000
vt  0.490625 0.603125 0.000000
vt  0.490625 0.603125 0.000000
vt  0.490625 0.603125 0.000000
vt  0.490625 0.603125 0.000000
vt  0.490625 0.603125 0.000000
vt  0.490625 0.603125 0.000000
vt  0.490625 0.603125 0.000000
vt  0.490625 0.603125 0.000000
vt  0.490625 0.603125 0.000000
vt  0.490625 0.603125 0.000000
vt  0.490625 0.603125 0.000000
vt  0.490625 0.603125 0.000000
vt  0.490625 0.603125 0.000000
vt  0.490625 0.603125 0.000000
vt  0.490625 0.603125 0.000000
vt  0.653125 0.606250 0.000000
vt  0.653125 0.606250 0.000000
vt  0.653125 0.606250 0.000000
vt  0.653125 0.606250 0.000000
vt  0.490625 0.603125 0.000000
vt  0.490625 0.603125 0.000000
vt  0.490625 0.603125 0.000000
vt  0.490625 0.603125 0.000000
vt  0.490625 0.603125 0.000000
vt  0.490625 0.603125 0.000000
vt  0.490625 0.603125 0.000000
vt  0.490625 0.603125 0.000000
vt  0.653125 0.606250 0.000000
vt  0.653125 0.606250 0.000000
vt  0.653125 0.606250 0.000000
vt  0.653125 0.606250 0.000000
vt  0.490625 0.603125 0.000000
vt  0.490625 0.603125 0.000000
vt  0.490625 0.603125 0.000000
vt  0.490625 0.603125 0.000000
vt  0.400000 0.590625 0.000000
vt  0.400000 0.590625 0.000000
vt  0.400000 0.590625 0.000000
vt  0.400000 0.590625 0.000000
vt  0.490625 0.603125 0.000000
vt  0.490625 0.603125 0.000000
vt  0.490625 0.603125 0.000000
vt  0.490625 0.603125 0.000000
vt  0.490625 0.603125 0.000000
vt  0.490625 0.603125 0.000000
vt  0.490625 0.603125 0.000000
vt  0.490625 0.603125 0.000000
vt  0.490625 0.603125 0.000000
vt  0.490625 0.603125 0.000000
vt  0.490625 0.603125 0.000000
vt  0.490625 0.603125 0.000000
vt  0.490625 0.603125 0.000000
vt  0.490625 0.603125 0.000000
vt  0.490625 0.603125 0.000000
vt  0.490625 0.603125 0.000000
vt  0.490625 0.603125 0.000000
vt  0.490625 0.603125 0.000000
vt  0.375000 0.843750 0.000000
vt  0.375000 0.843750 0.000000
vt  0.375000 0.843750 0.000000
vt  0.375000 0.843750 0.000000
vt  0.375000 0.843750 0.000000
vt  0.375000 0.843750 0.000000
vt  0.375000 0.843750 0.000000
vt  0.375000 0.843750 0.000000
vt  0.375000 0.843750 0.000000
vt  0.375000 0.843750 0.000000
vt  0.375000 0.843750 0.000000
vt  0.375000 0.843750 0.000000
vt  0.375000 0.843750 0.000000
vt  0.375000 0.843750 0.000000
vt  0.375000 0.843750 0.000000
vt  0.375000 0.843750 0.000000
vt  0.375000 0.843750 0.000000
vt  0.375000 0.843750 0.000000
vt  0.375000 0.843750 0.000000
vt  0.375000 0.843750 0.000000
vt  0.375000 0.843750 0.000000
vt  0.375000 0.843750 0.000000
vt  0.375000 0.843750 0.000000
vt  0.375000 0.843750 0.000000
vt  0.375000 0.843750 0.000000
vt  0.375000 0.843750 0.000000
vt  0.375000 0.843750 0.000000
vt  0.375000 0.843750 0.000000
vt  0.375000 0.843750 0.000000
vt  0.375000 0.843750 0.000000
vt  0.375000 0.843750 0.000000
vt  0.375000 0.843750 0.000000
vt  0.375000 0.843750 0.000000
vt  0.375000 0.843750 0.000000
vt  0.375000 0.843750 0.000000
vt  0.375000 0.843750 0.000000
vt  0.487500 0.828125 0.000000
vt  0.487500 0.828125 0.000000
vt  0.487500 0.828125 0.000000
vt  0.487500 0.828125 0.000000
vt  0.375000 0.843750 0.000000
vt  0.375000 0.843750 0.000000
vt  0.375000 0.843750 0.000000
vt  0.375000 0.843750 0.000000
vt  0.487500 0.828125 0.000000
vt  0.487500 0.828125 0.000000
vt  0.487500 0.828125 0.000000
vt  0.487500 0.828125 0.000000
vt  0.375000 0.843750 0.000000
vt  0.375000 0.843750 0.000000
vt  0.375000 0.843750 0.000000
vt  0.375000 0.843750 0.000000
vt  0.487500 0.828125 0.000000
vt  0.487500 0.828125 0.000000
vt  0.487500 0.828125 0.000000
vt  0.487500 0.828125 0.000000
vt  0.375000 0.843750 0.000000
vt  0.375000 0.843750 0.000000
vt  0.375000 0.843750 0.000000
vt  0.375000 0.843750 0.000000
vt  0.487500 0.828125 0.000000
vt  0.487500 0.828125 0.000000
vt  0.487500 0.828125 0.000000
vt  0.487500 0.828125 0.000000
vt  0.375000 0.843750 0.000000
vt  0.375000 0.843750 0.000000
vt  0.375000 0.843750 0.000000
vt  0.375000 0.843750 0.000000
vt  0.375000 0.843750 0.000000
vt  0.375000 0.843750 0.000000
vt  0.375000 0.843750 0.000000
vt  0.375000 0.843750 0.000000
vt  0.375000 0.843750 0.000000
vt  0.375000 0.843750 0.000000
vt  0.375000 0.843750 0.000000
vt  0.375000 0.843750 0.000000
vt  0.375000 0.843750 0.000000
vt  0.375000 0.843750 0.000000
vt  0.375000 0.843750 0.000000
vt  0.375000 0.843750 0.000000
vt  0.375000 0.843750 0.000000
vt  0.375000 0.843750 0.000000
vt  0.375000 0.843750 0.000000
vt  0.375000 0.843750 0.000000
vt  0.375000 0.843750 0.000000
vt  0.375000 0.843750 0.000000
vt  0.375000 0.843750 0.000000
vt  0.375000 0.843750 0.000000
vt  0.375000 0.843750 0.000000
vt  0.375000 0.843750 0.000000
vt  0.375000 0.843750 0.000000
vt  0.375000 0.843750 0.000000
vt  0.487500 0.828125 0.000000
vt  0.487500 0.828125 0.000000
vt  0.487500 0.828125 0.000000
vt  0.487500 0.828125 0.000000
vt  0.487500 0.828125 0.000000
vt  0.487500 0.828125 0.000000
vt  0.487500 0.828125 0.000000
vt  0.487500 0.828125 0.000000
vt  0.487500 0.828125 0.000000
vt  0.487500 0.828125 0.000000
vt  0.487500 0.828125 0.000000
vt  0.487500 0.828125 0.000000
vt  0.487500 0.828125 0.000000
vt  0.487500 0.828125 0.000000
vt  0.487500 0.828125 0.000000
vt  0.487500 0.828125 0.000000
vt  0.496875 0.240625 0.000000
vt  0.496875 0.240625 0.000000
vt  0.496875 0.240625 0.000000
vt  0.496875 0.240625 0.000000
vt  0.343750 0.240625 0.000000
vt  0.343750 0.240625 0.000000
vt  0.343750 0.240625 0.000000
vt  0.343750 0.240625 0.000000
vt  0.343750 0.240625 0.000000
vt  0.343750 0.240625 0.000000
vt  0.343750 0.240625 0.000000
vt  0.343750 0.240625 0.000000
vt  0.343750 0.240625 0.000000
vt  0.343750 0.240625 0.000000
vt  0.343750 0.240625 0.000000
vt  0.343750 0.240625 0.000000
vt  0.343750 0.240625 0.000000
vt  0.343750 0.240625 0.000000
vt  0.343750 0.240625 0.000000
vt  0.343750 0.240625 0.000000
vt  0.343750 0.240625 0.000000
vt  0.343750 0.240625 0.000000
vt  0.343750 0.240625 0.000000
vt  0.343750 0.240625 0.000000
vt  0.343750 0.240625 0.000000
vt  0.343750 0.240625 0.000000
vt  0.343750 0.240625 0.000000
vt  0.343750 0.240625 0.000000
vt  0.343750 0.240625 0.000000
vt  0.343750 0.240625 0.000000
vt  0.343750 0.240625 0.000000
vt  0.343750 0.240625 0.000000
vt  0.343750 0.240625 0.000000
vt  0.343750 0.240625 0.000000
vt  0.343750 0.240625 0.000000
vt  0.343750 0.240625 0.000000
vt  0.343750 0.240625 0.000000
vt  0.343750 0.240625 0.000000
vt  0.343750 0.240625 0.000000
vt  0.343750 0.240625 0.000000
vt  0.237500 0.225000 0.000000
vt  0.237500 0.225000 0.000000
vt  0.237500 0.225000 0.000000
vt  0.237500 0.225000 0.000000
vt  0.237500 0.225000 0.000000
vt  0.237500 0.225000 0.000000
vt  0.237500 0.225000 0.000000
vt  0.237500 0.225000 0.000000
vt  0.343750 0.240625 0.000000
vt  0.343750 0.240625 0.000000
vt  0.343750 0.240625 0.000000
vt  0.343750 0.240625 0.000000
vt  0.343750 0.240625 0.000000
vt  0.343750 0.240625 0.000000
vt  0.343750 0.240625 0.000000
vt  0.343750 0.240625 0.000000
vt  0.643750 0.806250 0.000000
vt  0.643750 0.806250 0.000000
vt  0.643750 0.806250 0.000000
vt  0.643750 0.806250 0.000000
vt  0.643750 0.806250 0.000000
vt  0.643750 0.806250 0.000000
vt  0.643750 0.806250 0.000000
vt  0.643750 0.806250 0.000000
vt  0.643750 0.806250 0.000000
vt  0.643750 0.806250 0.000000
vt  0.643750 0.806250 0.000000
vt  0.643750 0.806250 0.000000
vt  0.643750 0.806250 0.000000
vt  0.643750 0.806250 0.000000
vt  0.643750 0.806250 0.000000
vt  0.643750 0.806250 0.000000
vt  0.643750 0.806250 0.000000
vt  0.643750 0.806250 0.000000
vt  0.643750 0.806250 0.000000
vt  0.643750 0.806250 0.000000
vt  0.643750 0.806250 0.000000
vt  0.643750 0.806250 0.000000
vt  0.643750 0.806250 0.000000
vt  0.643750 0.806250 0.000000
vt  0.643750 0.806250 0.000000
vt  0.643750 0.806250 0.000000
vt  0.643750 0.806250 0.000000
vt  0.643750 0.806250 0.000000
vt  0.643750 0.806250 0.000000
vt  0.643750 0.806250 0.000000
vt  0.643750 0.806250 0.000000
vt  0.643750 0.806250 0.000000
vt  0.643750 0.806250 0.000000
vt  0.643750 0.806250 0.000000
vt  0.643750 0.806250 0.000000
vt  0.643750 0.806250 0.000000
vt  0.643750 0.806250 0.000000
vt  0.643750 0.806250 0.000000
vt  0.643750 0.806250 0.000000
vt  0.643750 0.806250 0.000000
vt  0.540625 0.815625 0.000000
vt  0.540625 0.815625 0.000000
vt  0.540625 0.815625 0.000000
vt  0.540625 0.815625 0.000000
vt  0.540625 0.815625 0.000000
vt  0.540625 0.815625 0.000000
vt  0.540625 0.815625 0.000000
vt  0.540625 0.815625 0.000000
vt  0.643750 0.806250 0.000000
vt  0.643750 0.806250 0.000000
vt  0.643750 0.806250 0.000000
vt  0.643750 0.806250 0.000000
vt  0.643750 0.806250 0.000000
vt  0.643750 0.806250 0.000000
vt  0.643750 0.806250 0.000000
vt  0.643750 0.806250 0.000000
vt  0.643750 0.806250 0.000000
vt  0.643750 0.806250 0.000000
vt  0.643750 0.806250 0.000000
vt  0.643750 0.806250 0.000000
vt  0.643750 0.806250 0.000000
vt  0.643750 0.806250 0.000000
vt  0.643750 0.806250 0.000000
vt  0.643750 0.806250 0.000000
vt  0.643750 0.806250 0.000000
vt  0.643750 0.806250 0.000000
vt  0.643750 0.806250 0.000000
vt  0.643750 0.806250 0.000000
vt  0.643750 0.806250 0.000000
vt  0.643750 0.806250 0.000000
vt  0.643750 0.806250 0.000000
vt  0.540625 0.815625 0.000000
vt  0.540625 0.815625 0.000000
vt  0.540625 0.815625 0.000000
vt  0.540625 0.815625 0.000000
vt  0.540625 0.815625 0.000000
vt  0.540625 0.815625 0.000000
vt  0.643750 0.806250 0.000000
vt  0.643750 0.806250 0.000000
vt  0.643750 0.806250 0.000000
vt  0.643750 0.806250 0.000000
vt  0.643750 0.806250 0.000000
vt  0.643750 0.806250 0.000000
vt  0.643750 0.806250 0.000000
vt  0.643750 0.806250 0.000000
vt  0.643750 0.806250 0.000000
vt  0.643750 0.806250 0.000000
vt  0.643750 0.806250 0.000000
vt  0.643750 0.806250 0.000000
vt  0.643750 0.806250 0.000000
vt  0.643750 0.806250 0.000000
vt  0.643750 0.806250 0.000000
vt  0.643750 0.806250 0.000000
vt  0.643750 0.806250 0.000000
vt  0.643750 0.806250 0.000000
vt  0.643750 0.806250 0.000000
vt  0.643750 0.806250 0.000000
vt  0.643750 0.806250 0.000000
vt  0.643750 0.806250 0.000000
vt  0.643750 0.806250 0.000000
vt  0.643750 0.806250 0.000000
vt  0.643750 0.806250 0.000000
vt  0.540625 0.815625 0.000000
vt  0.540625 0.815625 0.000000
vt  0.540625 0.815625 0.000000
vt  0.643750 0.806250 0.000000
vt  0.643750 0.806250 0.000000
vt  0.643750 0.806250 0.000000
vt  0.643750 0.806250 0.000000
vt  0.643750 0.806250 0.000000
vt  0.643750 0.806250 0.000000
vt  0.643750 0.806250 0.000000
vt  0.643750 0.806250 0.000000
vt  0.643750 0.806250 0.000000
vt  0.643750 0.806250 0.000000
vt  0.643750 0.806250 0.000000
vt  0.643750 0.806250 0.000000
vt  0.643750 0.806250 0.000000
vt  0.643750 0.806250 0.000000
vt  0.540625 0.815625 0.000000
vt  0.540625 0.815625 0.000000
vt  0.540625 0.815625 0.000000
vt  0.540625 0.815625 0.000000
vt  0.643750 0.806250 0.000000
vt  0.643750 0.806250 0.000000
vt  0.643750 0.806250 0.000000
vt  0.643750 0.806250 0.000000
vt  0.643750 0.806250 0.000000
vt  0.643750 0.806250 0.000000
vt  0.643750 0.806250 0.000000
vt  0.375000 0.843750 0.000000
vt  0.375000 0.843750 0.000000
vt  0.375000 0.843750 0.000000
vt  0.375000 0.843750 0.000000
vt  0.375000 0.843750 0.000000
vt  0.375000 0.843750 0.000000
vt  0.375000 0.843750 0.000000
vt  0.375000 0.843750 0.000000
vt  0.375000 0.843750 0.000000
vt  0.375000 0.843750 0.000000
vt  0.375000 0.843750 0.000000
vt  0.375000 0.843750 0.000000
vt  0.375000 0.843750 0.000000
vt  0.375000 0.843750 0.000000
vt  0.375000 0.843750 0.000000
vt  0.375000 0.843750 0.000000
vt  0.375000 0.843750 0.000000
vt  0.375000 0.843750 0.000000
vt  0.375000 0.843750 0.000000
vt  0.375000 0.843750 0.000000
vt  0.375000 0.843750 0.000000
vt  0.375000 0.843750 0.000000
vt  0.375000 0.843750 0.000000
vt  0.375000 0.843750 0.000000
vt  0.375000 0.843750 0.000000
vt  0.375000 0.843750 0.000000
vt  0.375000 0.843750 0.000000
vt  0.375000 0.843750 0.000000
vt  0.375000 0.843750 0.000000
vt  0.375000 0.843750 0.000000
vt  0.343750 0.240625 0.000000
vt  0.343750 0.240625 0.000000
vt  0.343750 0.240625 0.000000
vt  0.343750 0.240625 0.000000
vt  0.343750 0.240625 0.000000
vt  0.343750 0.240625 0.000000
vt  0.343750 0.240625 0.000000
vt  0.343750 0.240625 0.000000
vt  0.237500 0.218750 0.000000
vt  0.496875 0.240625 0.000000
vt  0.496875 0.240625 0.000000
vt  0.496875 0.240625 0.000000
vt  0.496875 0.240625 0.000000
vt  0.400000 0.590625 0.000000
vt  0.400000 0.590625 0.000000
vt  0.400000 0.590625 0.000000
vt  0.400000 0.590625 0.000000
vt  0.490625 0.603125 0.000000
vt  0.490625 0.603125 0.000000
vt  0.490625 0.603125 0.000000
vt  0.490625 0.603125 0.000000
vt  0.490625 0.603125 0.000000
vt  0.490625 0.603125 0.000000
vt  0.653125 0.606250 0.000000
vt  0.653125 0.606250 0.000000
vt  0.653125 0.606250 0.000000
vt  0.653125 0.606250 0.000000
vt  0.653125 0.606250 0.000000
vt  0.653125 0.606250 0.000000
vt  0.653125 0.606250 0.000000
vt  0.653125 0.606250 0.000000
vt  0.653125 0.606250 0.000000
vt  0.653125 0.606250 0.000000
vt  0.653125 0.606250 0.000000
vt  0.653125 0.606250 0.000000
vt  0.653125 0.606250 0.000000
vt  0.653125 0.606250 0.000000
vt  0.653125 0.606250 0.000000
vt  0.653125 0.606250 0.000000
vt  0.653125 0.606250 0.000000
vt  0.653125 0.606250 0.000000
vt  0.653125 0.606250 0.000000
vt  0.653125 0.606250 0.000000
vt  0.653125 0.606250 0.000000
vt  0.653125 0.606250 0.000000
vt  0.653125 0.606250 0.000000
vt  0.653125 0.606250 0.000000
vt  0.903125 0.537500 0.000000
vt  0.903125 0.537500 0.000000
vt  0.903125 0.537500 0.000000
vt  0.903125 0.537500 0.000000
vt  0.903125 0.537500 0.000000
vt  0.903125 0.537500 0.000000
vt  0.903125 0.537500 0.000000
vt  0.903125 0.537500 0.000000
vt  0.903125 0.537500 0.000000
vt  0.903125 0.537500 0.000000
vt  0.903125 0.537500 0.000000
vt  0.903125 0.537500 0.000000
vt  0.903125 0.537500 0.000000
vt  0.903125 0.537500 0.000000
vt  0.903125 0.537500 0.000000
vt  0.903125 0.537500 0.000000
vt  0.903125 0.537500 0.000000
vt  0.903125 0.537500 0.000000
vt  0.903125 0.537500 0.000000
vt  0.903125 0.537500 0.000000
vt  0.903125 0.537500 0.000000
vt  0.903125 0.537500 0.000000
vt  0.903125 0.537500 0.000000
vt  0.903125 0.537500 0.000000
vt  0.903125 0.537500 0.000000
vt  0.903125 0.537500 0.000000
vt  0.903125 0.537500 0.000000
vt  0.903125 0.537500 0.000000
vt  0.903125 0.537500 0.000000
vt  0.903125 0.537500 0.000000
vt  0.903125 0.537500 0.000000
vt  0.903125 0.537500 0.000000
vt  0.903125 0.537500 0.000000
vt  0.903125 0.537500 0.000000
vt  0.903125 0.537500 0.000000
vt  0.903125 0.537500 0.000000
vt  0.903125 0.537500 0.000000
vt  0.903125 0.537500 0.000000
vt  0.903125 0.537500 0.000000
vt  0.903125 0.537500 0.000000
vt  0.903125 0.537500 0.000000
vt  0.903125 0.537500 0.000000
vt  0.903125 0.537500 0.000000
vt  0.903125 0.537500 0.000000
vt  0.903125 0.537500 0.000000
vt  0.903125 0.537500 0.000000
vt  0.903125 0.537500 0.000000
vt  0.903125 0.537500 0.000000
vt  0.903125 0.537500 0.000000
vt  0.903125 0.537500 0.000000
vt  0.903125 0.537500 0.000000
vt  0.903125 0.537500 0.000000
vt  0.903125 0.537500 0.000000
vt  0.903125 0.537500 0.000000
vt  0.903125 0.537500 0.000000
vt  0.903125 0.537500 0.000000
vt  0.903125 0.537500 0.000000
vt  0.903125 0.537500 0.000000
vt  0.903125 0.537500 0.000000
vt  0.903125 0.537500 0.000000
vt  0.903125 0.537500 0.000000
vt  0.903125 0.537500 0.000000
vt  0.903125 0.537500 0.000000
vt  0.903125 0.537500 0.000000
vt  0.903125 0.537500 0.000000
vt  0.840625 0.784375 0.000000
vt  0.840625 0.784375 0.000000
vt  0.840625 0.784375 0.000000
vt  0.840625 0.784375 0.000000
vt  0.840625 0.784375 0.000000
vt  0.840625 0.784375 0.000000
vt  0.840625 0.784375 0.000000
vt  0.840625 0.784375 0.000000
vt  0.840625 0.784375 0.000000
vt  0.840625 0.784375 0.000000
vt  0.840625 0.784375 0.000000
vt  0.840625 0.784375 0.000000
vt  0.840625 0.784375 0.000000
vt  0.840625 0.784375 0.000000
vt  0.840625 0.784375 0.000000
vt  0.840625 0.784375 0.000000
vt  0.840625 0.784375 0.000000
vt  0.840625 0.784375 0.000000
vt  0.840625 0.784375 0.000000
vt  0.840625 0.784375 0.000000
vt  0.840625 0.784375 0.000000
vt  0.840625 0.784375 0.000000
vt  0.840625 0.784375 0.000000
vt  0.840625 0.784375 0.000000
vt  0.840625 0.784375 0.000000
vt  0.840625 0.784375 0.000000
vt  0.840625 0.784375 0.000000
vt  0.840625 0.784375 0.000000
vt  0.840625 0.784375 0.000000
vt  0.840625 0.784375 0.000000
vt  0.903125 0.537500 0.000000
vt  0.903125 0.537500 0.000000
vt  0.903125 0.537500 0.000000
vt  0.903125 0.537500 0.000000
vt  0.903125 0.537500 0.000000
vt  0.903125 0.537500 0.000000
vt  0.903125 0.537500 0.000000
vt  0.903125 0.537500 0.000000
vt  0.903125 0.537500 0.000000
vt  0.903125 0.537500 0.000000
vt  0.903125 0.537500 0.000000
vt  0.903125 0.537500 0.000000
vt  0.903125 0.537500 0.000000
vt  0.375000 0.843750 0.000000
vt  0.496875 0.240625 0.000000
vt  0.375000 0.843750 0.000000
vt  0.375000 0.843750 0.000000
vt  0.375000 0.843750 0.000000
vt  0.487500 0.828125 0.000000
vt  0.487500 0.828125 0.000000
vt  0.487500 0.828125 0.000000
vt  0.496875 0.240625 0.000000
vt  0.496875 0.240625 0.000000
vt  0.496875 0.240625 0.000000
vt  0.496875 0.240625 0.000000
vt  0.496875 0.240625 0.000000
vt  0.496875 0.240625 0.000000
vt  0.496875 0.240625 0.000000
vt  0.496875 0.240625 0.000000
vt  0.343750 0.240625 0.000000
vt  0.343750 0.240625 0.000000
vt  0.343750 0.240625 0.000000
vt  0.343750 0.240625 0.000000
vt  0.343750 0.240625 0.000000
vt  0.343750 0.240625 0.000000
vt  0.343750 0.240625 0.000000
vt  0.343750 0.240625 0.000000
vt  0.343750 0.240625 0.000000
vt  0.343750 0.240625 0.000000
vt  0.343750 0.240625 0.000000
vt  0.343750 0.240625 0.000000
vt  0.343750 0.240625 0.000000
vt  0.343750 0.240625 0.000000
vt  0.343750 0.240625 0.000000
vt  0.343750 0.240625 0.000000
vt  0.343750 0.240625 0.000000
vt  0.343750 0.240625 0.000000
vt  0.343750 0.240625 0.000000
vt  0.343750 0.240625 0.000000
vt  0.490625 0.603125 0.000000
vt  0.490625 0.603125 0.000000
vt  0.490625 0.603125 0.000000
vt  0.490625 0.603125 0.000000
vt  0.490625 0.603125 0.000000
vt  0.490625 0.603125 0.000000
vt  0.375000 0.843750 0.000000
vt  0.375000 0.843750 0.000000
vt  0.375000 0.843750 0.000000
vt  0.375000 0.843750 0.000000
vt  0.487500 0.828125 0.000000
vt  0.487500 0.828125 0.000000
vt  0.487500 0.828125 0.000000
vt  0.487500 0.828125 0.000000
vt  0.375000 0.843750 0.000000
vt  0.375000 0.843750 0.000000
vt  0.375000 0.843750 0.000000
vt  0.375000 0.843750 0.000000
vt  0.490625 0.603125 0.000000
vt  0.400000 0.590625 0.000000
vt  0.400000 0.590625 0.000000
vt  0.490625 0.603125 0.000000
vt  0.490625 0.603125 0.000000
vt  0.490625 0.603125 0.000000
vt  0.490625 0.603125 0.000000
vt  0.490625 0.603125 0.000000
vt  0.490625 0.603125 0.000000
vt  0.490625 0.603125 0.000000
vt  0.490625 0.603125 0.000000
vt  0.490625 0.603125 0.000000
vt  0.490625 0.603125 0.000000
vt  0.490625 0.603125 0.000000
vt  0.490625 0.603125 0.000000
vt  0.490625 0.603125 0.000000
vt  0.490625 0.603125 0.000000
vt  0.490625 0.603125 0.000000
vt  0.490625 0.603125 0.000000
vt  0.490625 0.603125 0.000000
vt  0.490625 0.603125 0.000000
vt  0.490625 0.603125 0.000000
vt  0.490625 0.603125 0.000000
vt  0.490625 0.603125 0.000000
vt  0.490625 0.603125 0.000000
vt  0.490625 0.603125 0.000000
vt  0.490625 0.603125 0.000000
vt  0.490625 0.603125 0.000000
vt  0.490625 0.603125 0.000000
vt  0.490625 0.603125 0.000000
vt  0.490625 0.603125 0.000000
vt  0.490625 0.603125 0.000000
vt  0.490625 0.603125 0.000000
vt  0.490625 0.603125 0.000000
vt  0.490625 0.603125 0.000000
vt  0.490625 0.603125 0.000000
vt  0.490625 0.603125 0.000000
vt  0.490625 0.603125 0.000000
vt  0.490625 0.603125 0.000000
vt  0.490625 0.603125 0.000000
vt  0.490625 0.603125 0.000000
vt  0.490625 0.603125 0.000000
vt  0.490625 0.603125 0.000000
vt  0.490625 0.603125 0.000000
vt  0.490625 0.603125 0.000000
vt  0.490625 0.603125 0.000000
vt  0.490625 0.603125 0.000000
vt  0.490625 0.603125 0.000000
vt  0.653125 0.606250 0.000000
vt  0.653125 0.606250 0.000000
vt  0.653125 0.606250 0.000000
vt  0.653125 0.606250 0.000000
vt  0.653125 0.606250 0.000000
vt  0.653125 0.606250 0.000000
vt  0.525000 0.803125 0.000000
vt  0.525000 0.803125 0.000000
vt  0.525000 0.803125 0.000000
vt  0.525000 0.803125 0.000000
vt  0.525000 0.803125 0.000000
vt  0.525000 0.803125 0.000000
vt  0.525000 0.803125 0.000000
vt  0.653125 0.606250 0.000000
vt  0.653125 0.606250 0.000000
vt  0.653125 0.606250 0.000000
vt  0.653125 0.606250 0.000000
vt  0.653125 0.606250 0.000000
vt  0.653125 0.606250 0.000000
vt  0.896875 0.518750 0.000000
vt  0.896875 0.518750 0.000000
vt  0.896875 0.518750 0.000000
vt  0.896875 0.518750 0.000000
vt  0.896875 0.518750 0.000000
vt  0.896875 0.518750 0.000000
vt  0.525000 0.803125 0.000000
vt  0.525000 0.803125 0.000000
vt  0.525000 0.803125 0.000000
vt  0.525000 0.803125 0.000000
vt  0.525000 0.803125 0.000000
vt  0.525000 0.803125 0.000000
vt  0.525000 0.803125 0.000000
vt  0.896875 0.518750 0.000000
vt  0.896875 0.518750 0.000000
vt  0.896875 0.518750 0.000000
vt  0.896875 0.518750 0.000000
vt  0.896875 0.518750 0.000000
vt  0.896875 0.518750 0.000000
vt  0.375000 0.843750 0.000000
vt  0.487500 0.828125 0.000000
vt  0.375000 0.843750 0.000000
vt  0.375000 0.843750 0.000000
vt  0.375000 0.843750 0.000000
vt  0.375000 0.843750 0.000000
vt  0.375000 0.843750 0.000000
vt  0.375000 0.843750 0.000000
vt  0.375000 0.843750 0.000000
vt  0.375000 0.843750 0.000000
vt  0.375000 0.843750 0.000000
vt  0.375000 0.843750 0.000000
vt  0.375000 0.843750 0.000000
vt  0.375000 0.843750 0.000000
vt  0.375000 0.843750 0.000000
vt  0.375000 0.843750 0.000000
vt  0.487500 0.828125 0.000000
vt  0.487500 0.828125 0.000000
vt  0.487500 0.828125 0.000000
vt  0.487500 0.828125 0.000000
vt  0.375000 0.843750 0.000000
vt  0.375000 0.843750 0.000000
vt  0.375000 0.843750 0.000000
vt  0.375000 0.843750 0.000000
vt  0.375000 0.843750 0.000000
vt  0.375000 0.843750 0.000000
vt  0.375000 0.843750 0.000000
vt  0.375000 0.843750 0.000000
vt  0.375000 0.843750 0.000000
vt  0.375000 0.843750 0.000000
vt  0.375000 0.843750 0.000000
vt  0.375000 0.843750 0.000000
vt  0.375000 0.843750 0.000000
vt  0.375000 0.843750 0.000000
vt  0.375000 0.843750 0.000000
vt  0.487500 0.828125 0.000000
vt  0.375000 0.843750 0.000000
vt  0.375000 0.843750 0.000000
vt  0.375000 0.843750 0.000000
vt  0.643750 0.806250 0.000000
vt  0.643750 0.806250 0.000000
vt  0.643750 0.806250 0.000000
vt  0.643750 0.806250 0.000000
vt  0.643750 0.806250 0.000000
vt  0.643750 0.806250 0.000000
vt  0.643750 0.806250 0.000000
vt  0.643750 0.806250 0.000000
vt  0.643750 0.806250 0.000000
vt  0.643750 0.806250 0.000000
vt  0.643750 0.806250 0.000000
vt  0.643750 0.806250 0.000000
vt  0.643750 0.806250 0.000000
vt  0.643750 0.806250 0.000000
vt  0.643750 0.806250 0.000000
vt  0.643750 0.806250 0.000000
vt  0.643750 0.806250 0.000000
vt  0.643750 0.806250 0.000000
vt  0.643750 0.806250 0.000000
vt  0.643750 0.806250 0.000000
vt  0.643750 0.806250 0.000000
vt  0.643750 0.806250 0.000000
vt  0.643750 0.806250 0.000000
vt  0.643750 0.806250 0.000000
vt  0.643750 0.806250 0.000000
vt  0.643750 0.806250 0.000000
vt  0.643750 0.806250 0.000000
vt  0.643750 0.806250 0.000000
vt  0.643750 0.806250 0.000000
vt  0.643750 0.806250 0.000000
vt  0.643750 0.806250 0.000000
vt  0.643750 0.806250 0.000000
vt  0.643750 0.806250 0.000000
vt  0.643750 0.806250 0.000000
vt  0.643750 0.806250 0.000000
vt  0.540625 0.815625 0.000000
vt  0.540625 0.815625 0.000000
vt  0.540625 0.815625 0.000000
vt  0.540625 0.815625 0.000000
vt  0.643750 0.806250 0.000000
vt  0.643750 0.806250 0.000000
vt  0.643750 0.806250 0.000000
vt  0.643750 0.806250 0.000000
vt  0.643750 0.806250 0.000000
vt  0.643750 0.806250 0.000000
vt  0.540625 0.815625 0.000000
vt  0.540625 0.815625 0.000000
vt  0.540625 0.815625 0.000000
vt  0.540625 0.815625 0.000000
vt  0.540625 0.815625 0.000000
vt  0.540625 0.815625 0.000000
vt  0.540625 0.815625 0.000000
vt  0.643750 0.806250 0.000000
vt  0.643750 0.806250 0.000000
vt  0.643750 0.806250 0.000000
vt  0.643750 0.806250 0.000000
vt  0.643750 0.806250 0.000000
vt  0.540625 0.815625 0.000000
vt  0.540625 0.815625 0.000000
vt  0.540625 0.815625 0.000000
vt  0.540625 0.815625 0.000000
vt  0.643750 0.806250 0.000000
vt  0.643750 0.806250 0.000000
vt  0.643750 0.806250 0.000000
vt  0.643750 0.806250 0.000000
vt  0.643750 0.806250 0.000000
vt  0.643750 0.806250 0.000000
vt  0.643750 0.806250 0.000000
vt  0.643750 0.806250 0.000000
vt  0.643750 0.806250 0.000000
vt  0.643750 0.806250 0.000000
vt  0.643750 0.806250 0.000000
vt  0.643750 0.806250 0.000000
vt  0.540625 0.815625 0.000000
vt  0.540625 0.815625 0.000000
vt  0.540625 0.815625 0.000000
vt  0.540625 0.815625 0.000000
vt  0.643750 0.806250 0.000000
vt  0.643750 0.806250 0.000000
vt  0.643750 0.806250 0.000000
vt  0.643750 0.806250 0.000000
vt  0.643750 0.806250 0.000000
vt  0.643750 0.806250 0.000000
vt  0.643750 0.806250 0.000000
vt  0.643750 0.806250 0.000000
vt  0.643750 0.806250 0.000000
vt  0.643750 0.806250 0.000000
vt  0.643750 0.806250 0.000000
vt  0.540625 0.815625 0.000000
vt  0.540625 0.815625 0.000000
vt  0.540625 0.815625 0.000000
vt  0.643750 0.806250 0.000000
vt  0.643750 0.806250 0.000000
vt  0.643750 0.806250 0.000000
vt  0.643750 0.806250 0.000000
vt  0.643750 0.806250 0.000000
vt  0.540625 0.815625 0.000000
vt  0.540625 0.815625 0.000000
vt  0.643750 0.806250 0.000000
vt  0.375000 0.843750 0.000000
vt  0.375000 0.843750 0.000000
vt  0.375000 0.843750 0.000000
vt  0.375000 0.843750 0.000000
vt  0.375000 0.843750 0.000000
vt  0.375000 0.843750 0.000000
vt  0.375000 0.843750 0.000000
vt  0.375000 0.843750 0.000000
vt  0.375000 0.843750 0.000000
vt  0.375000 0.843750 0.000000
vt  0.375000 0.843750 0.000000
vt  0.375000 0.843750 0.000000
vt  0.343750 0.240625 0.000000
vt  0.343750 0.240625 0.000000
vt  0.343750 0.240625 0.000000
vt  0.237500 0.218750 0.000000
vt  0.237500 0.218750 0.000000
vt  0.237500 0.218750 0.000000
vt  0.496875 0.240625 0.000000
vt  0.496875 0.240625 0.000000
vt  0.496875 0.240625 0.000000
vt  0.343750 0.240625 0.000000
vt  0.343750 0.240625 0.000000
vt  0.343750 0.240625 0.000000
vt  0.343750 0.240625 0.000000
vt  0.343750 0.240625 0.000000
vt  0.343750 0.240625 0.000000
vt  0.343750 0.240625 0.000000
vt  0.496875 0.240625 0.000000
vt  0.496875 0.240625 0.000000
vt  0.496875 0.240625 0.000000
vt  0.496875 0.240625 0.000000
vt  0.496875 0.240625 0.000000
vt  0.496875 0.240625 0.000000
vt  0.496875 0.240625 0.000000
vt  0.496875 0.240625 0.000000
vt  0.343750 0.240625 0.000000
vt  0.343750 0.240625 0.000000
vt  0.343750 0.240625 0.000000
vt  0.343750 0.240625 0.000000
vt  0.343750 0.240625 0.000000
vt  0.343750 0.240625 0.000000
vt  0.343750 0.240625 0.000000
vt  0.343750 0.240625 0.000000
vt  0.343750 0.240625 0.000000
vt  0.496875 0.240625 0.000000
vt  0.343750 0.240625 0.000000
vt  0.343750 0.240625 0.000000
vt  0.343750 0.240625 0.000000
vt  0.343750 0.240625 0.000000
vt  0.343750 0.240625 0.000000
vt  0.343750 0.240625 0.000000
vt  0.653125 0.606250 0.000000
vt  0.903125 0.537500 0.000000
vt  0.343750 0.240625 0.000000
vt  0.343750 0.240625 0.000000
vt  0.343750 0.240625 0.000000
vt  0.343750 0.240625 0.000000
vt  0.343750 0.240625 0.000000
vt  0.343750 0.240625 0.000000
vt  0.343750 0.240625 0.000000
vt  0.343750 0.240625 0.000000
vt  0.375000 0.843750 0.000000
vt  0.375000 0.843750 0.000000
vt  0.375000 0.843750 0.000000
vt  0.375000 0.843750 0.000000
vt  0.375000 0.843750 0.000000
vt  0.375000 0.843750 0.000000
vt  0.375000 0.843750 0.000000
vt  0.487500 0.828125 0.000000
vt  0.487500 0.828125 0.000000
vt  0.487500 0.828125 0.000000
vt  0.487500 0.828125 0.000000
vt  0.487500 0.828125 0.000000
vt  0.487500 0.828125 0.000000
vt  0.487500 0.828125 0.000000
vt  0.846875 0.231250 0.000000
vt  0.846875 0.231250 0.000000
vt  0.846875 0.231250 0.000000
vt  0.846875 0.231250 0.000000
vt  0.846875 0.231250 0.000000
vt  0.846875 0.231250 0.000000
vt  0.846875 0.231250 0.000000
vt  0.846875 0.231250 0.000000
vt  0.846875 0.231250 0.000000
vt  0.846875 0.231250 0.000000
vt  0.846875 0.231250 0.000000
vt  0.846875 0.231250 0.000000
vt  0.846875 0.231250 0.000000
vt  0.846875 0.231250 0.000000
vt  0.631250 0.815625 0.000000
vt  0.631250 0.815625 0.000000
vt  0.631250 0.815625 0.000000
vt  0.631250 0.815625 0.000000
vt  0.631250 0.815625 0.000000
vt  0.631250 0.815625 0.000000
vt  0.631250 0.815625 0.000000
vt  0.631250 0.815625 0.000000
vt  0.525000 0.803125 0.000000
vt  0.525000 0.803125 0.000000
vt  0.525000 0.803125 0.000000
vt  0.525000 0.803125 0.000000
vt  0.631250 0.815625 0.000000
vt  0.631250 0.815625 0.000000
vt  0.631250 0.815625 0.000000
vt  0.631250 0.815625 0.000000
vt  0.631250 0.815625 0.000000
vt  0.631250 0.815625 0.000000
vt  0.631250 0.815625 0.000000
vt  0.631250 0.815625 0.000000
vt  0.631250 0.815625 0.000000
vt  0.631250 0.815625 0.000000
vt  0.631250 0.815625 0.000000
vt  0.631250 0.815625 0.000000
vt  0.525000 0.803125 0.000000
vt  0.525000 0.803125 0.000000
vt  0.525000 0.803125 0.000000
vt  0.525000 0.803125 0.000000
vt  0.631250 0.815625 0.000000
vt  0.631250 0.815625 0.000000
vt  0.631250 0.815625 0.000000
vt  0.631250 0.815625 0.000000
vt  0.631250 0.815625 0.000000
vt  0.631250 0.815625 0.000000
vt  0.631250 0.815625 0.000000
vt  0.896875 0.518750 0.000000
vt  0.896875 0.518750 0.000000
vt  0.896875 0.518750 0.000000
vt  0.896875 0.518750 0.000000
vt  0.343750 0.240625 0.000000
vt  0.343750 0.240625 0.000000
vt  0.343750 0.240625 0.000000
vt  0.375000 0.843750 0.000000
vt  0.846875 0.231250 0.000000
vt  0.846875 0.231250 0.000000
vt  0.846875 0.231250 0.000000
vt  0.846875 0.231250 0.000000
vt  0.490625 0.603125 0.000000
vt  0.490625 0.603125 0.000000
vt  0.490625 0.603125 0.000000
vt  0.490625 0.603125 0.000000
vt  0.490625 0.603125 0.000000
vt  0.490625 0.603125 0.000000
vt  0.490625 0.603125 0.000000
vt  0.490625 0.603125 0.000000
vt  0.490625 0.603125 0.000000
vt  0.490625 0.603125 0.000000
vt  0.490625 0.603125 0.000000
vt  0.490625 0.603125 0.000000
vt  0.490625 0.603125 0.000000
vt  0.490625 0.603125 0.000000
vt  0.490625 0.603125 0.000000
vt  0.490625 0.603125 0.000000
vt  0.490625 0.603125 0.000000
vt  0.490625 0.603125 0.000000
vt  0.490625 0.603125 0.000000
vt  0.490625 0.603125 0.000000
vt  0.490625 0.603125 0.000000
vt  0.490625 0.603125 0.000000
vt  0.490625 0.603125 0.000000
vt  0.490625 0.603125 0.000000
vt  0.490625 0.603125 0.000000
vt  0.490625 0.603125 0.000000
vt  0.490625 0.603125 0.000000
vt  0.490625 0.603125 0.000000
vt  0.490625 0.603125 0.000000
vt  0.490625 0.603125 0.000000
vt  0.490625 0.603125 0.000000
vt  0.490625 0.603125 0.000000
vt  0.490625 0.603125 0.000000
vt  0.490625 0.603125 0.000000
vt  0.490625 0.603125 0.000000
vt  0.490625 0.603125 0.000000
vt  0.490625 0.603125 0.000000
vt  0.490625 0.603125 0.000000
vt  0.490625 0.603125 0.000000
vt  0.490625 0.603125 0.000000
vt  0.490625 0.603125 0.000000
vt  0.490625 0.603125 0.000000
vt  0.490625 0.603125 0.000000
vt  0.400000 0.590625 0.000000
vt  0.400000 0.590625 0.000000
vt  0.400000 0.590625 0.000000
vt  0.400000 0.590625 0.000000
vt  0.653125 0.606250 0.000000
vt  0.653125 0.606250 0.000000
vt  0.653125 0.606250 0.000000
vt  0.653125 0.606250 0.000000
vt  0.653125 0.606250 0.000000
vt  0.653125 0.606250 0.000000
vt  0.653125 0.606250 0.000000
vt  0.525000 0.803125 0.000000
vt  0.525000 0.803125 0.000000
vt  0.525000 0.803125 0.000000
vt  0.525000 0.803125 0.000000
vt  0.525000 0.803125 0.000000
vt  0.525000 0.803125 0.000000
vt  0.525000 0.803125 0.000000
vt  0.525000 0.803125 0.000000
vt  0.653125 0.606250 0.000000
vt  0.653125 0.606250 0.000000
vt  0.653125 0.606250 0.000000
vt  0.653125 0.606250 0.000000
vt  0.653125 0.606250 0.000000
vt  0.653125 0.606250 0.000000
vt  0.653125 0.606250 0.000000
vt  0.896875 0.518750 0.000000
vt  0.896875 0.518750 0.000000
vt  0.896875 0.518750 0.000000
vt  0.525000 0.803125 0.000000
vt  0.525000 0.803125 0.000000
vt  0.525000 0.803125 0.000000
vt  0.896875 0.518750 0.000000
vt  0.896875 0.518750 0.000000
vt  0.896875 0.518750 0.000000
vt  0.896875 0.518750 0.000000
vt  0.375000 0.843750 0.000000
vt  0.375000 0.843750 0.000000
vt  0.375000 0.843750 0.000000
vt  0.375000 0.843750 0.000000
vt  0.375000 0.843750 0.000000
vt  0.375000 0.843750 0.000000
vt  0.375000 0.843750 0.000000
vt  0.375000 0.843750 0.000000
vt  0.375000 0.843750 0.000000
vt  0.375000 0.843750 0.000000
vt  0.375000 0.843750 0.000000
vt  0.375000 0.843750 0.000000
vt  0.375000 0.843750 0.000000
vt  0.375000 0.843750 0.000000
vt  0.375000 0.843750 0.000000
vt  0.375000 0.843750 0.000000
vt  0.487500 0.828125 0.000000
vt  0.487500 0.828125 0.000000
vt  0.487500 0.828125 0.000000
vt  0.487500 0.828125 0.000000
vt  0.375000 0.843750 0.000000
vt  0.375000 0.843750 0.000000
vt  0.375000 0.843750 0.000000
vt  0.375000 0.843750 0.000000
vt  0.375000 0.843750 0.000000
vt  0.375000 0.843750 0.000000
vt  0.375000 0.843750 0.000000
vt  0.375000 0.843750 0.000000
vt  0.375000 0.843750 0.000000
vt  0.375000 0.843750 0.000000
vt  0.375000 0.843750 0.000000
vt  0.375000 0.843750 0.000000
vt  0.375000 0.843750 0.000000
vt  0.375000 0.843750 0.000000
vt  0.375000 0.843750 0.000000
vt  0.375000 0.843750 0.000000
vt  0.375000 0.843750 0.000000
vt  0.375000 0.843750 0.000000
vt  0.375000 0.843750 0.000000
vt  0.375000 0.843750 0.000000
vt  0.375000 0.843750 0.000000
vt  0.375000 0.843750 0.000000
vt  0.375000 0.843750 0.000000
vt  0.375000 0.843750 0.000000
vt  0.487500 0.828125 0.000000
vt  0.487500 0.828125 0.000000
vt  0.487500 0.828125 0.000000
vt  0.487500 0.828125 0.000000
vt  0.375000 0.843750 0.000000
vt  0.375000 0.843750 0.000000
vt  0.375000 0.843750 0.000000
vt  0.375000 0.843750 0.000000
vt  0.375000 0.843750 0.000000
vt  0.375000 0.843750 0.000000
vt  0.375000 0.843750 0.000000
vt  0.375000 0.843750 0.000000
vt  0.375000 0.843750 0.000000
vt  0.375000 0.843750 0.000000
vt  0.643750 0.806250 0.000000
vt  0.643750 0.806250 0.000000
vt  0.643750 0.806250 0.000000
vt  0.643750 0.806250 0.000000
vt  0.540625 0.815625 0.000000
vt  0.643750 0.806250 0.000000
vt  0.643750 0.806250 0.000000
vt  0.643750 0.806250 0.000000
vt  0.643750 0.806250 0.000000
vt  0.643750 0.806250 0.000000
vt  0.643750 0.806250 0.000000
vt  0.643750 0.806250 0.000000
vt  0.643750 0.806250 0.000000
vt  0.643750 0.806250 0.000000
vt  0.643750 0.806250 0.000000
vt  0.643750 0.806250 0.000000
vt  0.643750 0.806250 0.000000
vt  0.643750 0.806250 0.000000
vt  0.643750 0.806250 0.000000
vt  0.643750 0.806250 0.000000
vt  0.643750 0.806250 0.000000
vt  0.643750 0.806250 0.000000
vt  0.643750 0.806250 0.000000
vt  0.643750 0.806250 0.000000
vt  0.643750 0.806250 0.000000
vt  0.643750 0.806250 0.000000
vt  0.643750 0.806250 0.000000
vt  0.643750 0.806250 0.000000
vt  0.643750 0.806250 0.000000
vt  0.643750 0.806250 0.000000
vt  0.643750 0.806250 0.000000
vt  0.643750 0.806250 0.000000
vt  0.540625 0.815625 0.000000
vt  0.540625 0.815625 0.000000
vt  0.540625 0.815625 0.000000
vt  0.540625 0.815625 0.000000
vt  0.643750 0.806250 0.000000
vt  0.643750 0.806250 0.000000
vt  0.643750 0.806250 0.000000
vt  0.643750 0.806250 0.000000
vt  0.540625 0.815625 0.000000
vt  0.540625 0.815625 0.000000
vt  0.540625 0.815625 0.000000
vt  0.540625 0.815625 0.000000
vt  0.540625 0.815625 0.000000
vt  0.540625 0.815625 0.000000
vt  0.540625 0.815625 0.000000
vt  0.540625 0.815625 0.000000
vt  0.643750 0.806250 0.000000
vt  0.643750 0.806250 0.000000
vt  0.643750 0.806250 0.000000
vt  0.643750 0.806250 0.000000
vt  0.643750 0.806250 0.000000
vt  0.540625 0.815625 0.000000
vt  0.540625 0.815625 0.000000
vt  0.540625 0.815625 0.000000
vt  0.540625 0.815625 0.000000
vt  0.643750 0.806250 0.000000
vt  0.643750 0.806250 0.000000
vt  0.643750 0.806250 0.000000
vt  0.643750 0.806250 0.000000
vt  0.643750 0.806250 0.000000
vt  0.643750 0.806250 0.000000
vt  0.643750 0.806250 0.000000
vt  0.643750 0.806250 0.000000
vt  0.643750 0.806250 0.000000
vt  0.643750 0.806250 0.000000
vt  0.643750 0.806250 0.000000
vt  0.643750 0.806250 0.000000
vt  0.540625 0.815625 0.000000
vt  0.540625 0.815625 0.000000
vt  0.540625 0.815625 0.000000
vt  0.540625 0.815625 0.000000
vt  0.643750 0.806250 0.000000
vt  0.643750 0.806250 0.000000
vt  0.643750 0.806250 0.000000
vt  0.643750 0.806250 0.000000
vt  0.643750 0.806250 0.000000
vt  0.643750 0.806250 0.000000
vt  0.643750 0.806250 0.000000
vt  0.643750 0.806250 0.000000
vt  0.643750 0.806250 0.000000
vt  0.643750 0.806250 0.000000
vt  0.643750 0.806250 0.000000
vt  0.643750 0.806250 0.000000
vt  0.643750 0.806250 0.000000
vt  0.643750 0.806250 0.000000
vt  0.643750 0.806250 0.000000
vt  0.643750 0.806250 0.000000
vt  0.643750 0.806250 0.000000
vt  0.540625 0.815625 0.000000
vt  0.540625 0.815625 0.000000
vt  0.540625 0.815625 0.000000
vt  0.643750 0.806250 0.000000
vt  0.643750 0.806250 0.000000
vt  0.643750 0.806250 0.000000
vt  0.643750 0.806250 0.000000
vt  0.540625 0.815625 0.000000
vt  0.540625 0.815625 0.000000
vt  0.540625 0.815625 0.000000
vt  0.540625 0.815625 0.000000
vt  0.643750 0.806250 0.000000
vt  0.375000 0.843750 0.000000
vt  0.375000 0.843750 0.000000
vt  0.375000 0.843750 0.000000
vt  0.375000 0.843750 0.000000
vt  0.375000 0.843750 0.000000
vt  0.496875 0.240625 0.000000
vt  0.496875 0.240625 0.000000
vt  0.496875 0.240625 0.000000
vt  0.343750 0.240625 0.000000
vt  0.343750 0.240625 0.000000
vt  0.343750 0.240625 0.000000
vt  0.343750 0.240625 0.000000
vt  0.343750 0.240625 0.000000
vt  0.343750 0.240625 0.000000
vt  0.343750 0.240625 0.000000
vt  0.343750 0.240625 0.000000
vt  0.496875 0.240625 0.000000
vt  0.496875 0.240625 0.000000
vt  0.496875 0.240625 0.000000
vt  0.496875 0.240625 0.000000
vt  0.496875 0.240625 0.000000
vt  0.496875 0.240625 0.000000
vt  0.496875 0.240625 0.000000
vt  0.496875 0.240625 0.000000
vt  0.343750 0.240625 0.000000
vt  0.343750 0.240625 0.000000
vt  0.343750 0.240625 0.000000
vt  0.343750 0.240625 0.000000
vt  0.343750 0.240625 0.000000
vt  0.343750 0.240625 0.000000
vt  0.343750 0.240625 0.000000
vt  0.343750 0.240625 0.000000
vt  0.343750 0.240625 0.000000
vt  0.496875 0.240625 0.000000
vt  0.496875 0.240625 0.000000
vt  0.496875 0.240625 0.000000
vt  0.496875 0.240625 0.000000
vt  0.343750 0.240625 0.000000
vt  0.343750 0.240625 0.000000
vt  0.343750 0.240625 0.000000
vt  0.343750 0.240625 0.000000
vt  0.343750 0.240625 0.000000
vt  0.903125 0.537500 0.000000
vt  0.903125 0.537500 0.000000
vt  0.343750 0.240625 0.000000
vt  0.343750 0.240625 0.000000
vt  0.343750 0.240625 0.000000
vt  0.343750 0.240625 0.000000
vt  0.343750 0.240625 0.000000
vt  0.343750 0.240625 0.000000
vt  0.343750 0.240625 0.000000
vt  0.343750 0.240625 0.000000
vt  0.375000 0.843750 0.000000
vt  0.375000 0.843750 0.000000
vt  0.375000 0.843750 0.000000
vt  0.375000 0.843750 0.000000
vt  0.375000 0.843750 0.000000
vt  0.375000 0.843750 0.000000
vt  0.375000 0.843750 0.000000
vt  0.375000 0.843750 0.000000
vt  0.375000 0.843750 0.000000
vt  0.375000 0.843750 0.000000
vt  0.375000 0.843750 0.000000
vt  0.375000 0.843750 0.000000
vt  0.375000 0.843750 0.000000
vt  0.487500 0.828125 0.000000
vt  0.487500 0.828125 0.000000
vt  0.487500 0.828125 0.000000
vt  0.487500 0.828125 0.000000
vt  0.846875 0.231250 0.000000
vt  0.846875 0.231250 0.000000
vt  0.846875 0.231250 0.000000
vt  0.846875 0.231250 0.000000
vt  0.846875 0.231250 0.000000
vt  0.846875 0.231250 0.000000
vt  0.846875 0.231250 0.000000
vt  0.846875 0.231250 0.000000
vt  0.846875 0.231250 0.000000
vt  0.846875 0.231250 0.000000
vt  0.846875 0.231250 0.000000
vt  0.846875 0.231250 0.000000
vt  0.846875 0.231250 0.000000
vt  0.631250 0.815625 0.000000
vt  0.631250 0.815625 0.000000
vt  0.631250 0.815625 0.000000
vt  0.631250 0.815625 0.000000
vt  0.631250 0.815625 0.000000
vt  0.631250 0.815625 0.000000
vt  0.631250 0.815625 0.000000
vt  0.631250 0.815625 0.000000
vt  0.631250 0.815625 0.000000
vt  0.631250 0.815625 0.000000
vt  0.525000 0.803125 0.000000
vt  0.525000 0.803125 0.000000
vt  0.525000 0.803125 0.000000
vt  0.525000 0.803125 0.000000
vt  0.631250 0.815625 0.000000
vt  0.631250 0.815625 0.000000
vt  0.631250 0.815625 0.000000
vt  0.631250 0.815625 0.000000
vt  0.631250 0.815625 0.000000
vt  0.631250 0.815625 0.000000
vt  0.631250 0.815625 0.000000
vt  0.631250 0.815625 0.000000
vt  0.631250 0.815625 0.000000
vt  0.631250 0.815625 0.000000
vt  0.631250 0.815625 0.000000
vt  0.631250 0.815625 0.000000
vt  0.631250 0.815625 0.000000
vt  0.631250 0.815625 0.000000
vt  0.631250 0.815625 0.000000
vt  0.631250 0.815625 0.000000
vt  0.525000 0.803125 0.000000
vt  0.525000 0.803125 0.000000
vt  0.525000 0.803125 0.000000
vt  0.525000 0.803125 0.000000
vt  0.631250 0.815625 0.000000
vt  0.631250 0.815625 0.000000
vt  0.631250 0.815625 0.000000
vt  0.631250 0.815625 0.000000
vt  0.631250 0.815625 0.000000
vt  0.631250 0.815625 0.000000
vt  0.490625 0.603125 0.000000
vt  0.490625 0.603125 0.000000
vt  0.490625 0.603125 0.000000
vt  0.653125 0.606250 0.000000
vt  0.653125 0.606250 0.000000
vt  0.653125 0.606250 0.000000
vt  0.896875 0.518750 0.000000
vt  0.896875 0.518750 0.000000
vt  0.896875 0.518750 0.000000
vt  0.896875 0.518750 0.000000
vt  0.343750 0.240625 0.000000
vt  0.343750 0.240625 0.000000
vt  0.343750 0.240625 0.000000
vt  0.343750 0.240625 0.000000
vt  0.375000 0.843750 0.000000
vt  0.375000 0.843750 0.000000
vt  0.375000 0.843750 0.000000
vt  0.846875 0.231250 0.000000
vt  0.846875 0.231250 0.000000
vt  0.846875 0.231250 0.000000
vt  0.846875 0.231250 0.000000
vt  0.490625 0.603125 0.000000
vt  0.490625 0.603125 0.000000
vt  0.490625 0.603125 0.000000
vt  0.490625 0.603125 0.000000
vt  0.490625 0.603125 0.000000
vt  0.490625 0.603125 0.000000
vt  0.490625 0.603125 0.000000
vt  0.490625 0.603125 0.000000
vt  0.490625 0.603125 0.000000
vt  0.490625 0.603125 0.000000
vt  0.653125 0.606250 0.000000
vt  0.653125 0.606250 0.000000
vt  0.653125 0.606250 0.000000
vt  0.653125 0.606250 0.000000
vt  0.653125 0.606250 0.000000
vt  0.653125 0.606250 0.000000
vt  0.653125 0.606250 0.000000
vt  0.653125 0.606250 0.000000
vt  0.490625 0.603125 0.000000
vt  0.490625 0.603125 0.000000
vt  0.653125 0.606250 0.000000
vt  0.653125 0.606250 0.000000
vt  0.653125 0.606250 0.000000
vt  0.490625 0.603125 0.000000
vt  0.490625 0.603125 0.000000
vt  0.490625 0.603125 0.000000
vt  0.490625 0.603125 0.000000
vt  0.400000 0.590625 0.000000
vt  0.400000 0.590625 0.000000
vt  0.400000 0.590625 0.000000
vt  0.400000 0.590625 0.000000
vt  0.653125 0.606250 0.000000
vt  0.653125 0.606250 0.000000
vt  0.525000 0.803125 0.000000
vt  0.653125 0.606250 0.000000
vt  0.653125 0.606250 0.000000
vt  0.896875 0.518750 0.000000
vt  0.896875 0.518750 0.000000
vt  0.525000 0.803125 0.000000
vt  0.896875 0.518750 0.000000
vt  0.896875 0.518750 0.000000
vt  0.375000 0.843750 0.000000
vt  0.375000 0.843750 0.000000
vt  0.643750 0.806250 0.000000
vt  0.643750 0.806250 0.000000
vt  0.643750 0.806250 0.000000
vt  0.643750 0.806250 0.000000
vt  0.643750 0.806250 0.000000
vt  0.643750 0.806250 0.000000
vt  0.643750 0.806250 0.000000
vt  0.643750 0.806250 0.000000
vt  0.643750 0.806250 0.000000
vt  0.643750 0.806250 0.000000
vt  0.643750 0.806250 0.000000
vt  0.540625 0.815625 0.000000
vt  0.375000 0.843750 0.000000
vt  0.375000 0.843750 0.000000
vt  0.375000 0.843750 0.000000
vt  0.487500 0.828125 0.000000
vt  0.487500 0.828125 0.000000
vt  0.487500 0.828125 0.000000
vt  0.487500 0.828125 0.000000
vt  0.375000 0.843750 0.000000
vt  0.496875 0.240625 0.000000
vt  0.496875 0.240625 0.000000
vt  0.496875 0.240625 0.000000
vt  0.496875 0.240625 0.000000
vt  0.343750 0.240625 0.000000
vt  0.237500 0.218750 0.000000
vt  0.496875 0.240625 0.000000
vt  0.496875 0.240625 0.000000
vt  0.496875 0.240625 0.000000
vt  0.496875 0.240625 0.000000
vt  0.343750 0.240625 0.000000
vt  0.496875 0.240625 0.000000
vt  0.496875 0.240625 0.000000
vt  0.496875 0.240625 0.000000
vt  0.496875 0.240625 0.000000
vt  0.487500 0.828125 0.000000
vt  0.487500 0.828125 0.000000
vt  0.487500 0.828125 0.000000
vt  0.487500 0.828125 0.000000
vt  0.487500 0.828125 0.000000
vt  0.487500 0.828125 0.000000
vt  0.487500 0.828125 0.000000
vt  0.487500 0.828125 0.000000
vt  0.487500 0.828125 0.000000
vt  0.487500 0.828125 0.000000
vt  0.487500 0.828125 0.000000
vt  0.375000 0.843750 0.000000
vt  0.375000 0.843750 0.000000
vt  0.375000 0.843750 0.000000
vt  0.631250 0.815625 0.000000
vt  0.631250 0.815625 0.000000
vt  0.631250 0.815625 0.000000
vt  0.631250 0.815625 0.000000
vt  0.631250 0.815625 0.000000
vt  0.631250 0.815625 0.000000
vt  0.631250 0.815625 0.000000
vt  0.631250 0.815625 0.000000
vt  0.631250 0.815625 0.000000
vt  0.631250 0.815625 0.000000
vt  0.631250 0.815625 0.000000
vt  0.631250 0.815625 0.000000
vt  0.631250 0.815625 0.000000
vt  0.653125 0.606250 0.000000
vt  0.653125 0.606250 0.000000
vt  0.653125 0.606250 0.000000
vt  0.653125 0.606250 0.000000
vt  0.490625 0.603125 0.000000
vt  0.490625 0.603125 0.000000
vt  0.490625 0.603125 0.000000
vt  0.490625 0.603125 0.000000
vt  0.490625 0.603125 0.000000
vt  0.490625 0.603125 0.000000
vt  0.490625 0.603125 0.000000
vt  0.490625 0.603125 0.000000
vt  0.653125 0.606250 0.000000
vt  0.653125 0.606250 0.000000
vt  0.653125 0.606250 0.000000
vt  0.653125 0.606250 0.000000
vt  0.343750 0.240625 0.000000
vt  0.375000 0.843750 0.000000
vt  0.375000 0.843750 0.000000
vt  0.375000 0.843750 0.000000
vt  0.375000 0.843750 0.000000
vt  0.490625 0.603125 0.000000
vt  0.490625 0.603125 0.000000
vt  0.490625 0.603125 0.000000
vt  0.490625 0.603125 0.000000
vt  0.490625 0.603125 0.000000
vt  0.653125 0.606250 0.000000
vt  0.653125 0.606250 0.000000
vt  0.653125 0.606250 0.000000
vt  0.653125 0.606250 0.000000
vt  0.653125 0.606250 0.000000
vt  0.653125 0.606250 0.000000
vt  0.653125 0.606250 0.000000
vt  0.653125 0.606250 0.000000
vt  0.490625 0.603125 0.000000
vt  0.490625 0.603125 0.000000
vt  0.490625 0.603125 0.000000
vt  0.490625 0.603125 0.000000
vt  0.490625 0.603125 0.000000
vt  0.490625 0.603125 0.000000
vt  0.490625 0.603125 0.000000
vt  0.490625 0.603125 0.000000
vt  0.490625 0.603125 0.000000
vt  0.653125 0.606250 0.000000
vt  0.653125 0.606250 0.000000
vt  0.653125 0.606250 0.000000
vt  0.490625 0.603125 0.000000
vt  0.653125 0.606250 0.000000
vt  0.653125 0.606250 0.000000
vt  0.896875 0.518750 0.000000
vt  0.896875 0.518750 0.000000
vt  0.896875 0.518750 0.000000
vt  0.896875 0.518750 0.000000
vt  0.896875 0.518750 0.000000
vt  0.525000 0.803125 0.000000
vt  0.525000 0.803125 0.000000
vt  0.525000 0.803125 0.000000
vt  0.525000 0.803125 0.000000
vt  0.525000 0.803125 0.000000
vt  0.896875 0.518750 0.000000
vt  0.896875 0.518750 0.000000
vt  0.896875 0.518750 0.000000
vt  0.896875 0.518750 0.000000
vt  0.375000 0.843750 0.000000
vt  0.643750 0.806250 0.000000
vt  0.643750 0.806250 0.000000
vt  0.643750 0.806250 0.000000
vt  0.643750 0.806250 0.000000
vt  0.643750 0.806250 0.000000
vt  0.643750 0.806250 0.000000
vt  0.643750 0.806250 0.000000
vt  0.643750 0.806250 0.000000
vt  0.643750 0.806250 0.000000
vt  0.643750 0.806250 0.000000
vt  0.643750 0.806250 0.000000
vt  0.643750 0.806250 0.000000
vt  0.643750 0.806250 0.000000
vt  0.375000 0.843750 0.000000
vt  0.487500 0.828125 0.000000
vt  0.487500 0.828125 0.000000
vt  0.487500 0.828125 0.000000
vt  0.487500 0.828125 0.000000
vt  0.375000 0.843750 0.000000
vt  0.375000 0.843750 0.000000
vt  0.375000 0.843750 0.000000
vt  0.375000 0.843750 0.000000
vt  0.496875 0.240625 0.000000
vt  0.496875 0.240625 0.000000
vt  0.496875 0.240625 0.000000
vt  0.496875 0.240625 0.000000
vt  0.343750 0.240625 0.000000
vt  0.343750 0.240625 0.000000
vt  0.343750 0.240625 0.000000
vt  0.343750 0.240625 0.000000
vt  0.237500 0.218750 0.000000
vt  0.237500 0.218750 0.000000
vt  0.237500 0.218750 0.000000
vt  0.237500 0.218750 0.000000
vt  0.496875 0.240625 0.000000
vt  0.496875 0.240625 0.000000
vt  0.496875 0.240625 0.000000
vt  0.496875 0.240625 0.000000
vt  0.496875 0.240625 0.000000
vt  0.496875 0.240625 0.000000
vt  0.496875 0.240625 0.000000
vt  0.496875 0.240625 0.000000
vt  0.487500 0.828125 0.000000
vt  0.487500 0.828125 0.000000
vt  0.487500 0.828125 0.000000
vt  0.487500 0.828125 0.000000
vt  0.487500 0.828125 0.000000
vt  0.487500 0.828125 0.000000
vt  0.487500 0.828125 0.000000
vt  0.487500 0.828125 0.000000
vt  0.487500 0.828125 0.000000
vt  0.487500 0.828125 0.000000
vt  0.487500 0.828125 0.000000
vt  0.375000 0.843750 0.000000
vt  0.375000 0.843750 0.000000
vt  0.375000 0.843750 0.000000
vt  0.631250 0.815625 0.000000
vt  0.631250 0.815625 0.000000
vt  0.631250 0.815625 0.000000
vt  0.631250 0.815625 0.000000
vt  0.631250 0.815625 0.000000
vt  0.631250 0.815625 0.000000
vt  0.631250 0.815625 0.000000
vt  0.631250 0.815625 0.000000
vt  0.653125 0.606250 0.000000
vt  0.653125 0.606250 0.000000
vt  0.653125 0.606250 0.000000
vt  0.653125 0.606250 0.000000
vt  0.490625 0.603125 0.000000
vt  0.490625 0.603125 0.000000
vt  0.490625 0.603125 0.000000
vt  0.490625 0.603125 0.000000
vt  0.490625 0.603125 0.000000
vt  0.653125 0.606250 0.000000
vt  0.375000 0.843750 0.000000

vn  -0.994869 0.094769 0.035430
vn  -0.994869 0.094769 0.035430
vn  -0.994869 0.094769 0.035430
vn  -0.359521 0.060230 -0.931191
vn  -0.359521 0.060230 -0.931191
vn  -0.359521 0.060230 -0.931191
vn  -0.359521 0.060230 -0.931191
vn  0.467695 -0.036271 0.883146
vn  0.467695 -0.036271 0.883146
vn  0.467695 -0.036271 0.883146
vn  0.979988 -0.191376 0.054768
vn  0.979988 -0.191376 0.054768
vn  0.979988 -0.191376 0.054768
vn  0.979988 -0.191376 0.054768
vn  0.685081 -0.061280 -0.725885
vn  0.685081 -0.061280 -0.725885
vn  0.685081 -0.061280 -0.725885
vn  0.685081 -0.061280 -0.725885
vn  -0.989197 0.123505 -0.078972
vn  -0.989197 0.123505 -0.078972
vn  -0.989197 0.123505 -0.078972
vn  -0.989197 0.123505 -0.078972
vn  -0.654764 -0.039470 0.754802
vn  -0.654764 -0.039470 0.754802
vn  -0.654764 -0.039470 0.754802
vn  -0.654764 -0.039470 0.754802
vn  -0.290709 0.100332 -0.951536
vn  -0.290709 0.100332 -0.951536
vn  -0.290709 0.100332 -0.951536
vn  -0.290709 0.100332 -0.951536
vn  0.363994 -0.176716 0.914483
vn  0.363994 -0.176716 0.914484
vn  0.363994 -0.176716 0.914483
vn  0.363994 -0.176716 0.914483
vn  0.985770 -0.101231 0.134198
vn  0.985770 -0.101231 0.134198
vn  0.985770 -0.101231 0.134198
vn  0.985770 -0.101231 0.134198
vn  0.668104 -0.071263 -0.740647
vn  0.668104 -0.071263 -0.740647
vn  0.668104 -0.071263 -0.740647
vn  0.668104 -0.071263 -0.740647
vn  -0.999339 0.020048 0.030325
vn  -0.999339 0.020048 0.030325
vn  -0.999339 0.020048 0.030325
vn  -0.686666 -0.074708 0.723124
vn  -0.686666 -0.074708 0.723124
vn  -0.686666 -0.074708 0.723124
vn  -0.287721 0.215608 -0.933129
vn  -0.287721 0.215608 -0.933129
vn  -0.287721 0.215608 -0.933129
vn  0.316278 -0.262082 0.911747
vn  0.316278 -0.262081 0.911747
vn  0.316278 -0.262082 0.911747
vn  0.978333 -0.161307 0.129786
vn  0.978333 -0.161307 0.129786
vn  0.978333 -0.161307 0.129786
vn  0.581739 0.134802 -0.802127
vn  0.581739 0.134802 -0.802127
vn  0.581739 0.134802 -0.802127
vn  -0.999957 0.008174 -0.004491
vn  -0.999957 0.008174 -0.004491
vn  -0.999957 0.008174 -0.004491
vn  -0.682005 -0.020683 0.731055
vn  -0.682005 -0.020683 0.731055
vn  -0.682005 -0.020683 0.731055
vn  -0.279715 0.040258 -0.959239
vn  -0.279715 0.040258 -0.959239
vn  -0.279715 0.040258 -0.959239
vn  0.365992 -0.081926 0.927005
vn  0.365992 -0.081926 0.927005
vn  0.365992 -0.081926 0.927005
vn  0.992295 -0.100677 0.072215
vn  0.992295 -0.100677 0.072215
vn  0.992295 -0.100677 0.072215
vn  -0.994237 0.104065 -0.025751
vn  -0.994237 0.104065 -0.025751
vn  -0.994237 0.104065 -0.025751
vn  -0.686850 -0.004690 0.726784
vn  -0.686850 -0.004690 0.726784
vn  -0.686850 -0.004691 0.726784
vn  -0.336343 -0.065078 -0.939488
vn  -0.336343 -0.065078 -0.939488
vn  -0.336343 -0.065078 -0.939488
vn  0.287646 -0.194570 0.937764
vn  0.287646 -0.194570 0.937764
vn  0.287646 -0.194570 0.937764
vn  0.987702 -0.153669 -0.028839
vn  0.987702 -0.153669 -0.028839
vn  0.987702 -0.153667 -0.028839
vn  -0.124549 -0.991336 -0.041708
vn  -0.124549 -0.991336 -0.041708
vn  -0.124549 -0.991336 -0.041708
vn  -0.095367 -0.744755 -0.660488
vn  -0.095367 -0.744755 -0.660488
vn  -0.095368 -0.744755 -0.660488
vn  -0.012535 0.247593 -0.968783
vn  -0.012535 0.247593 -0.968783
vn  -0.012535 0.247593 -0.968783
vn  0.013965 0.882627 -0.469867
vn  0.013965 0.882627 -0.469867
vn  0.013965 0.882627 -0.469867
vn  0.027833 0.923507 0.382569
vn  0.027833 0.923508 0.382569
vn  0.027833 0.923507 0.382569
vn  -0.112149 -0.358282 0.926853
vn  -0.112149 -0.358282 0.926853
vn  -0.112149 -0.358282 0.926853
vn  -0.064312 -0.997408 0.032268
vn  -0.064312 -0.997408 0.032268
vn  -0.064312 -0.997408 0.032268
vn  0.062771 -0.880601 -0.469683
vn  0.062771 -0.880601 -0.469683
vn  0.062771 -0.880601 -0.469683
vn  0.062771 -0.880601 -0.469683
vn  0.172636 0.287111 -0.942212
vn  0.172636 0.287111 -0.942212
vn  0.172636 0.287111 -0.942212
vn  0.242462 0.846193 -0.474520
vn  0.242462 0.846193 -0.474520
vn  0.242462 0.846193 -0.474521
vn  0.090275 0.973021 0.212322
vn  0.090275 0.973021 0.212322
vn  0.090275 0.973021 0.212322
vn  -0.012992 -0.290626 0.956749
vn  -0.012992 -0.290626 0.956749
vn  -0.012992 -0.290626 0.956749
vn  -0.012992 -0.290626 0.956749
vn  -0.702484 -0.342570 -0.623828
vn  -0.702484 -0.342570 -0.623828
vn  -0.702484 -0.342571 -0.623828
vn  -0.814022 -0.144304 0.562623
vn  -0.814022 -0.144304 0.562623
vn  -0.814022 -0.144304 0.562623
vn  0.005983 -0.992692 0.120528
vn  0.005983 -0.992692 0.120528
vn  0.005983 -0.992692 0.120528
vn  -0.070034 -0.732743 -0.676892
vn  -0.070034 -0.732743 -0.676892
vn  -0.070034 -0.732743 -0.676892
vn  -0.112527 0.076757 -0.990680
vn  -0.112527 0.076757 -0.990680
vn  -0.112527 0.076757 -0.990680
vn  -0.046722 0.895023 -0.443566
vn  -0.046722 0.895023 -0.443566
vn  -0.046722 0.895023 -0.443566
vn  0.060263 0.998180 0.002131
vn  0.060263 0.998180 0.002131
vn  0.060263 0.998180 0.002131
vn  0.099257 0.452637 0.886153
vn  0.099257 0.452637 0.886153
vn  0.099257 0.452637 0.886153
vn  0.066864 -0.306213 0.949612
vn  0.066864 -0.306213 0.949612
vn  0.066864 -0.306214 0.949612
vn  -0.132914 -0.978399 0.158332
vn  -0.132914 -0.978399 0.158332
vn  -0.132914 -0.978399 0.158332
vn  -0.232205 -0.867544 -0.439828
vn  -0.232205 -0.867544 -0.439828
vn  -0.232205 -0.867544 -0.439828
vn  -0.289235 -0.081437 -0.953788
vn  -0.289235 -0.081437 -0.953788
vn  -0.289235 -0.081437 -0.953788
vn  -0.197896 0.849178 -0.489626
vn  -0.197896 0.849178 -0.489626
vn  -0.197896 0.849178 -0.489626
vn  -0.098405 0.994594 -0.033166
vn  -0.098405 0.994594 -0.033166
vn  -0.098405 0.994594 -0.033166
vn  0.200986 0.473169 0.857739
vn  0.200986 0.473169 0.857739
vn  0.200986 0.473169 0.857739
vn  0.139322 -0.506144 0.851121
vn  0.139322 -0.506144 0.851121
vn  0.139322 -0.506144 0.851121
vn  0.009700 0.376192 -0.926491
vn  0.009700 0.376192 -0.926491
vn  0.009700 0.376192 -0.926491
vn  -0.656261 -0.267802 0.705410
vn  -0.656261 -0.267802 0.705410
vn  -0.656261 -0.267802 0.705410
vn  -0.137331 0.584198 0.799908
vn  -0.137331 0.584198 0.799908
vn  -0.137331 0.584198 0.799908
vn  -0.137331 0.584198 0.799908
vn  -0.176350 -0.853256 0.490770
vn  -0.176350 -0.853256 0.490770
vn  -0.176350 -0.853256 0.490770
vn  -0.176350 -0.853256 0.490770
vn  -0.637970 -0.054686 0.768117
vn  -0.637970 -0.054686 0.768117
vn  -0.637970 -0.054686 0.768117
vn  -0.637970 -0.054686 0.768117
vn  -0.159369 0.462595 0.872128
vn  -0.159369 0.462595 0.872128
vn  -0.159369 0.462595 0.872128
vn  -0.159369 0.462595 0.872128
vn  -0.169608 -0.697938 0.695784
vn  -0.169608 -0.697938 0.695784
vn  -0.169608 -0.697938 0.695784
vn  -0.169608 -0.697938 0.695784
vn  -0.298287 0.649869 0.699067
vn  -0.298287 0.649869 0.699067
vn  -0.298287 0.649869 0.699067
vn  -0.298287 0.649869 0.699067
vn  -0.348157 -0.486338 0.801413
vn  -0.348157 -0.486338 0.801413
vn  -0.348157 -0.486337 0.801413
vn  -0.348157 -0.486338 0.801413
vn  -0.131716 0.062037 0.989345
vn  -0.131716 0.062037 0.989345
vn  -0.131716 0.062037 0.989345
vn  -0.131716 0.062037 0.989345
vn  -0.914745 0.229629 0.332435
vn  -0.914744 0.229629 0.332435
vn  -0.914744 0.229629 0.332435
vn  -0.126671 -0.661865 0.738843
vn  -0.126671 -0.661865 0.738843
vn  -0.126671 -0.661865 0.738843
vn  -0.126671 -0.661865 0.738843
vn  -0.552318 -0.612545 0.565450
vn  -0.552318 -0.612545 0.565450
vn  -0.552318 -0.612545 0.565450
vn  -0.552318 -0.612545 0.565450
vn  -0.769998 0.555930 0.313123
vn  -0.769998 0.555930 0.313123
vn  -0.769998 0.555930 0.313123
vn  -0.428735 0.540965 0.723562
vn  -0.428736 0.540965 0.723562
vn  -0.428735 0.540965 0.723562
vn  -0.568343 0.360691 0.739519
vn  -0.568343 0.360691 0.739519
vn  -0.568343 0.360691 0.739519
vn  -0.568343 0.360691 0.739519
vn  -0.703637 0.279912 0.653103
vn  -0.703637 0.279912 0.653103
vn  -0.703637 0.279912 0.653103
vn  -0.703637 0.279912 0.653103
vn  -0.816639 -0.301451 0.492167
vn  -0.816639 -0.301451 0.492166
vn  -0.816639 -0.301451 0.492166
vn  -0.621970 -0.160782 0.766357
vn  -0.621970 -0.160782 0.766357
vn  -0.621970 -0.160782 0.766357
vn  -0.938404 0.075601 0.337169
vn  -0.938404 0.075601 0.337169
vn  -0.938404 0.075601 0.337169
vn  -0.910936 -0.233296 0.340248
vn  -0.910936 -0.233296 0.340248
vn  -0.910936 -0.233296 0.340248
vn  -0.269718 0.116990 0.955806
vn  -0.269718 0.116990 0.955806
vn  -0.269718 0.116990 0.955806
vn  -0.269718 0.116990 0.955806
vn  -0.782706 -0.172004 0.598152
vn  -0.782706 -0.172004 0.598152
vn  -0.782706 -0.172004 0.598152
vn  -0.782706 -0.172004 0.598152
vn  -0.817330 -0.287511 0.499308
vn  -0.817330 -0.287511 0.499308
vn  -0.817330 -0.287511 0.499308
vn  -0.817330 -0.287511 0.499308
vn  -0.891633 -0.159281 0.423817
vn  -0.891633 -0.159281 0.423817
vn  -0.891633 -0.159281 0.423817
vn  -0.891633 -0.159281 0.423817
vn  -0.180389 0.620371 0.763282
vn  -0.180389 0.620371 0.763282
vn  -0.180389 0.620371 0.763282
vn  -0.180389 0.620371 0.763282
vn  -0.458371 0.584590 0.669441
vn  -0.458371 0.584590 0.669441
vn  -0.458371 0.584590 0.669441
vn  -0.458371 0.584590 0.669441
vn  -0.921292 0.224489 0.317530
vn  -0.921292 0.224489 0.317530
vn  -0.921292 0.224489 0.317530
vn  -0.921292 0.224489 0.317530
vn  -0.981371 0.023143 0.190721
vn  -0.981371 0.023143 0.190721
vn  -0.981371 0.023143 0.190721
vn  -0.981371 0.023143 0.190721
vn  -0.959529 -0.001764 0.281604
vn  -0.959529 -0.001764 0.281604
vn  -0.959529 -0.001764 0.281604
vn  -0.959529 -0.001764 0.281604
vn  -0.886726 -0.279723 0.368064
vn  -0.886726 -0.279723 0.368064
vn  -0.886726 -0.279723 0.368064
vn  -0.076672 0.943285 0.323008
vn  -0.076672 0.943285 0.323008
vn  -0.076672 0.943285 0.323008
vn  -0.076672 0.943285 0.323008
vn  -0.467339 0.840283 0.274807
vn  -0.467339 0.840283 0.274807
vn  -0.467339 0.840283 0.274807
vn  -0.467339 0.840283 0.274807
vn  -0.924142 0.354753 0.141817
vn  -0.924142 0.354753 0.141817
vn  -0.924142 0.354753 0.141817
vn  -0.924142 0.354753 0.141817
vn  -0.985015 0.005685 0.172376
vn  -0.985015 0.005685 0.172376
vn  -0.985015 0.005685 0.172376
vn  -0.985015 0.005685 0.172376
vn  -0.065020 0.977307 -0.201602
vn  -0.065020 0.977307 -0.201602
vn  -0.065020 0.977307 -0.201602
vn  -0.065020 0.977307 -0.201602
vn  -0.718088 0.633629 -0.287860
vn  -0.718088 0.633629 -0.287860
vn  -0.718088 0.633629 -0.287860
vn  -0.718088 0.633629 -0.287860
vn  -0.896325 0.328426 -0.297891
vn  -0.896325 0.328426 -0.297891
vn  -0.896325 0.328426 -0.297891
vn  -0.896325 0.328426 -0.297891
vn  -0.953100 0.023308 -0.301756
vn  -0.953100 0.023308 -0.301756
vn  -0.953100 0.023308 -0.301756
vn  -0.941774 0.028041 -0.335076
vn  -0.941774 0.028041 -0.335076
vn  -0.941774 0.028041 -0.335076
vn  -0.941774 0.028041 -0.335076
vn  -0.887613 -0.262460 -0.378495
vn  -0.887613 -0.262460 -0.378495
vn  -0.887613 -0.262460 -0.378495
vn  -0.938853 0.064802 0.338164
vn  -0.938853 0.064802 0.338164
vn  -0.938853 0.064802 0.338164
vn  -0.938853 0.064802 0.338164
vn  -0.278546 0.412760 -0.867203
vn  -0.278546 0.412760 -0.867203
vn  -0.278546 0.412760 -0.867203
vn  -0.278546 0.412760 -0.867203
vn  0.237349 0.971302 -0.015423
vn  0.237349 0.971302 -0.015423
vn  0.237349 0.971302 -0.015423
vn  -0.168100 0.235887 -0.957131
vn  -0.168100 0.235887 -0.957131
vn  -0.168100 0.235887 -0.957131
vn  -0.168100 0.235887 -0.957131
vn  -0.571065 0.211109 -0.793296
vn  -0.571065 0.211109 -0.793296
vn  -0.571065 0.211109 -0.793296
vn  -0.571065 0.211109 -0.793296
vn  -0.293040 -0.034446 -0.955480
vn  -0.293040 -0.034446 -0.955480
vn  -0.293040 -0.034446 -0.955480
vn  -0.705789 -0.054094 -0.706353
vn  -0.705789 -0.054094 -0.706353
vn  -0.705789 -0.054094 -0.706353
vn  -0.933154 0.057085 -0.354914
vn  -0.933155 0.057085 -0.354914
vn  -0.933155 0.057085 -0.354914
vn  -0.933155 0.057085 -0.354914
vn  -0.385544 0.051431 -0.921255
vn  -0.385544 0.051431 -0.921255
vn  -0.385544 0.051431 -0.921255
vn  0.982263 0.082376 -0.168446
vn  0.982263 0.082376 -0.168446
vn  0.982263 0.082376 -0.168446
vn  0.708234 0.013337 -0.705852
vn  0.708234 0.013337 -0.705852
vn  0.708234 0.013337 -0.705852
vn  -0.656885 0.046734 -0.752541
vn  -0.656885 0.046734 -0.752541
vn  -0.656885 0.046734 -0.752541
vn  0.995585 0.081731 0.046166
vn  0.995585 0.081731 0.046166
vn  0.995585 0.081731 0.046166
vn  0.642805 -0.110935 -0.757955
vn  0.642805 -0.110935 -0.757955
vn  0.642805 -0.110935 -0.757955
vn  -0.604598 -0.068044 -0.793619
vn  -0.604598 -0.068044 -0.793619
vn  -0.604598 -0.068044 -0.793619
vn  -0.604598 -0.068044 -0.793619
vn  0.946622 -0.295288 0.129277
vn  0.946622 -0.295288 0.129277
vn  0.946622 -0.295288 0.129277
vn  0.946622 -0.295288 0.129277
vn  0.674867 -0.042077 -0.736739
vn  0.674867 -0.042077 -0.736739
vn  0.674867 -0.042077 -0.736739
vn  0.674867 -0.042077 -0.736739
vn  0.002477 -0.999997 0.000069
vn  0.002477 -0.999997 0.000069
vn  0.002477 -0.999997 0.000069
vn  0.002477 -0.999997 0.000069
vn  -0.014548 -0.999854 0.008955
vn  -0.014548 -0.999854 0.008955
vn  -0.014548 -0.999854 0.008955
vn  -0.270386 -0.560331 0.782893
vn  -0.270386 -0.560331 0.782893
vn  -0.270386 -0.560331 0.782893
vn  -0.270386 -0.560331 0.782893
vn  -0.095831 0.993780 0.056718
vn  -0.095831 0.993780 0.056718
vn  -0.095831 0.993780 0.056718
vn  -0.095831 0.993780 0.056718
vn  -0.485608 0.873248 0.040284
vn  -0.485608 0.873248 0.040284
vn  -0.485608 0.873248 0.040284
vn  -0.485608 0.873248 0.040284
vn  -0.989820 0.091051 0.109392
vn  -0.989820 0.091051 0.109392
vn  -0.989820 0.091051 0.109392
vn  -0.989820 0.091051 0.109392
vn  -0.971720 -0.209967 0.108045
vn  -0.971720 -0.209967 0.108045
vn  -0.971720 -0.209967 0.108045
vn  -0.971720 -0.209967 0.108045
vn  -0.149968 0.926854 -0.344167
vn  -0.149968 0.926854 -0.344167
vn  -0.149968 0.926854 -0.344167
vn  -0.149968 0.926854 -0.344167
vn  -0.692604 0.612565 -0.380872
vn  -0.692604 0.612565 -0.380872
vn  -0.692604 0.612565 -0.380872
vn  -0.692604 0.612565 -0.380872
vn  -0.973953 0.144407 -0.174818
vn  -0.973953 0.144407 -0.174818
vn  -0.973953 0.144407 -0.174818
vn  -0.973953 0.144407 -0.174818
vn  -0.994822 -0.074158 0.069501
vn  -0.994822 -0.074158 0.069501
vn  -0.994822 -0.074158 0.069501
vn  -0.939216 -0.305289 -0.157072
vn  -0.939216 -0.305289 -0.157072
vn  -0.939216 -0.305289 -0.157072
vn  -0.939216 -0.305289 -0.157072
vn  -0.926164 -0.344724 -0.152925
vn  -0.926164 -0.344724 -0.152925
vn  -0.926164 -0.344724 -0.152925
vn  -0.154492 0.246278 -0.956807
vn  -0.154492 0.246278 -0.956807
vn  -0.154492 0.246278 -0.956807
vn  -0.154492 0.246278 -0.956807
vn  -0.571084 0.130292 -0.810485
vn  -0.571084 0.130292 -0.810485
vn  -0.571084 0.130292 -0.810485
vn  -0.571084 0.130292 -0.810485
vn  -0.296113 -0.225087 -0.928253
vn  -0.296113 -0.225087 -0.928253
vn  -0.296113 -0.225087 -0.928253
vn  -0.665981 -0.175406 -0.725054
vn  -0.665981 -0.175406 -0.725054
vn  -0.665981 -0.175406 -0.725054
vn  -0.909293 -0.103322 -0.403126
vn  -0.909293 -0.103322 -0.403126
vn  -0.909293 -0.103322 -0.403126
vn  -0.909293 -0.103322 -0.403126
vn  -0.515288 0.662518 0.543644
vn  -0.515288 0.662518 0.543644
vn  -0.515288 0.662518 0.543644
vn  -0.515288 0.662518 0.543644
vn  -0.915883 -0.020496 0.400921
vn  -0.915883 -0.020496 0.400921
vn  -0.915883 -0.020496 0.400921
vn  -0.934339 -0.256689 0.247229
vn  -0.934339 -0.256689 0.247229
vn  -0.934339 -0.256689 0.247229
vn  -0.934339 -0.256689 0.247229
vn  -0.800442 0.113372 0.588591
vn  -0.800442 0.113372 0.588591
vn  -0.800442 0.113372 0.588591
vn  -0.800442 0.113372 0.588591
vn  -0.996686 -0.039462 0.071132
vn  -0.996686 -0.039462 0.071132
vn  -0.996686 -0.039462 0.071132
vn  -0.996686 -0.039462 0.071132
vn  -0.280590 -0.192677 0.940290
vn  -0.280590 -0.192677 0.940290
vn  -0.280590 -0.192677 0.940290
vn  -0.280590 -0.192677 0.940290
vn  0.111501 0.145119 0.983112
vn  0.111501 0.145119 0.983112
vn  0.111501 0.145119 0.983112
vn  0.111501 0.145119 0.983112
vn  -0.276761 -0.571430 0.772575
vn  -0.276761 -0.571430 0.772575
vn  -0.276761 -0.571430 0.772575
vn  -0.276761 -0.571430 0.772575
vn  -0.669410 -0.267846 0.692928
vn  -0.669410 -0.267846 0.692928
vn  -0.669410 -0.267846 0.692928
vn  -0.669410 -0.267846 0.692928
vn  -0.058542 -0.180719 0.981791
vn  -0.058542 -0.180719 0.981791
vn  -0.058542 -0.180719 0.981791
vn  -0.058542 -0.180719 0.981791
vn  0.259079 -0.965757 -0.013809
vn  0.259079 -0.965757 -0.013809
vn  0.259079 -0.965757 -0.013809
vn  0.259079 -0.965757 -0.013809
vn  0.056516 -0.469666 0.881034
vn  0.056516 -0.469666 0.881034
vn  0.056516 -0.469666 0.881034
vn  0.056516 -0.469666 0.881034
vn  -0.693785 -0.433414 0.575165
vn  -0.693785 -0.433414 0.575165
vn  -0.693785 -0.433414 0.575165
vn  -0.693785 -0.433414 0.575165
vn  0.059682 -0.321435 -0.945049
vn  0.059682 -0.321435 -0.945049
vn  0.059682 -0.321435 -0.945049
vn  0.059682 -0.321435 -0.945049
vn  -0.115819 -0.988291 0.099336
vn  -0.115819 -0.988291 0.099336
vn  -0.115819 -0.988291 0.099336
vn  -0.115819 -0.988291 0.099336
vn  -0.954368 -0.115770 0.275280
vn  -0.954368 -0.115770 0.275280
vn  -0.954368 -0.115770 0.275280
vn  -0.999026 -0.043109 0.009417
vn  -0.999026 -0.043109 0.009417
vn  -0.999026 -0.043109 0.009417
vn  -0.625452 -0.066232 0.777447
vn  -0.625452 -0.066232 0.777447
vn  -0.625452 -0.066232 0.777447
vn  -0.351801 0.088301 -0.931901
vn  -0.351801 0.088301 -0.931901
vn  -0.351801 0.088301 -0.931901
vn  -0.351801 0.088301 -0.931901
vn  0.993717 -0.023172 -0.109500
vn  0.993717 -0.023172 -0.109500
vn  0.993717 -0.023172 -0.109500
vn  0.648653 0.077527 -0.757126
vn  0.648653 0.077527 -0.757126
vn  0.648653 0.077527 -0.757126
vn  0.648653 0.077527 -0.757126
vn  -0.188883 0.661667 0.725617
vn  -0.188883 0.661667 0.725617
vn  -0.188883 0.661667 0.725617
vn  -0.188883 0.661667 0.725617
vn  -0.076619 0.977090 0.198555
vn  -0.076619 0.977090 0.198555
vn  -0.076619 0.977090 0.198555
vn  -0.076619 0.977090 0.198555
vn  -0.053090 0.929333 -0.365405
vn  -0.053090 0.929333 -0.365405
vn  -0.053090 0.929333 -0.365405
vn  -0.053090 0.929333 -0.365405
vn  -0.117856 0.393776 -0.911620
vn  -0.117856 0.393776 -0.911620
vn  -0.117856 0.393776 -0.911620
vn  -0.117856 0.393776 -0.911620
vn  -0.175172 0.120666 -0.977115
vn  -0.175172 0.120666 -0.977115
vn  -0.175172 0.120666 -0.977115
vn  -0.175172 0.120666 -0.977115
vn  -0.198181 -0.135590 -0.970742
vn  -0.198181 -0.135590 -0.970742
vn  -0.198181 -0.135590 -0.970742
vn  -0.198181 -0.135590 -0.970742
vn  -0.844634 0.343954 0.410230
vn  -0.844634 0.343954 0.410230
vn  -0.844634 0.343954 0.410230
vn  -0.844634 0.343954 0.410230
vn  -0.825208 0.544520 0.150102
vn  -0.825208 0.544520 0.150102
vn  -0.825208 0.544520 0.150102
vn  -0.825208 0.544520 0.150102
vn  -0.879328 0.448134 -0.161119
vn  -0.879328 0.448134 -0.161119
vn  -0.879328 0.448134 -0.161119
vn  -0.879328 0.448134 -0.161119
vn  -0.908298 0.171755 -0.381438
vn  -0.908298 0.171755 -0.381438
vn  -0.908298 0.171755 -0.381438
vn  -0.908298 0.171755 -0.381438
vn  -0.913154 0.045079 -0.405114
vn  -0.913154 0.045079 -0.405114
vn  -0.913154 0.045079 -0.405114
vn  -0.913154 0.045079 -0.405114
vn  -0.878713 0.180063 0.442087
vn  -0.878713 0.180063 0.442087
vn  -0.878713 0.180063 0.442087
vn  -0.878713 0.180063 0.442087
vn  -0.915904 -0.098834 -0.389040
vn  -0.915904 -0.098834 -0.389040
vn  -0.915904 -0.098834 -0.389040
vn  -0.915904 -0.098834 -0.389040
vn  -0.478838 0.643548 0.597127
vn  -0.478838 0.643548 0.597127
vn  -0.478838 0.643548 0.597127
vn  -0.478838 0.643548 0.597127
vn  -0.446024 0.872656 0.198829
vn  -0.446024 0.872656 0.198829
vn  -0.446024 0.872656 0.198829
vn  -0.446024 0.872656 0.198829
vn  -0.416252 0.836414 -0.356575
vn  -0.416252 0.836414 -0.356575
vn  -0.416252 0.836414 -0.356575
vn  -0.416252 0.836414 -0.356575
vn  -0.409699 0.385720 -0.826660
vn  -0.409699 0.385720 -0.826660
vn  -0.409699 0.385720 -0.826660
vn  -0.409699 0.385720 -0.826660
vn  -0.354451 0.130509 -0.925922
vn  -0.354451 0.130509 -0.925922
vn  -0.354451 0.130509 -0.925922
vn  -0.354451 0.130509 -0.925922
vn  -0.389071 0.392057 0.833616
vn  -0.389071 0.392057 0.833616
vn  -0.389071 0.392057 0.833616
vn  -0.389071 0.392057 0.833616
vn  -0.332767 -0.095911 -0.938119
vn  -0.332767 -0.095911 -0.938119
vn  -0.332767 -0.095911 -0.938119
vn  -0.332767 -0.095911 -0.938119
vn  -0.775710 0.476821 0.413420
vn  -0.775710 0.476821 0.413420
vn  -0.775710 0.476821 0.413420
vn  -0.775710 0.476821 0.413420
vn  -0.761545 0.633107 0.138652
vn  -0.761545 0.633107 0.138652
vn  -0.761545 0.633107 0.138652
vn  -0.761545 0.633107 0.138652
vn  -0.733887 0.620697 -0.275946
vn  -0.733887 0.620697 -0.275946
vn  -0.733887 0.620697 -0.275946
vn  -0.733887 0.620697 -0.275946
vn  -0.732198 0.337142 -0.591795
vn  -0.732198 0.337142 -0.591795
vn  -0.732198 0.337142 -0.591795
vn  -0.769271 0.138235 -0.623789
vn  -0.769271 0.138235 -0.623789
vn  -0.769271 0.138235 -0.623789
vn  -0.769271 0.138235 -0.623789
vn  -0.818620 0.273669 0.504942
vn  -0.818620 0.273669 0.504942
vn  -0.818620 0.273669 0.504942
vn  -0.818620 0.273669 0.504942
vn  -0.776203 -0.045759 -0.628820
vn  -0.776203 -0.045759 -0.628820
vn  -0.776203 -0.045759 -0.628820
vn  -0.776203 -0.045759 -0.628820
vn  -0.991181 0.060314 -0.117997
vn  -0.991181 0.060314 -0.117997
vn  -0.991181 0.060314 -0.117997
vn  -0.991181 0.060314 -0.117997
vn  -0.979376 0.133166 0.151953
vn  -0.979376 0.133166 0.151953
vn  -0.979376 0.133166 0.151953
vn  -0.979376 0.133166 0.151953
vn  -0.966543 0.239631 0.091494
vn  -0.966543 0.239631 0.091494
vn  -0.966543 0.239631 0.091494
vn  -0.966543 0.239631 0.091494
vn  -0.978638 0.175943 -0.106359
vn  -0.978638 0.175943 -0.106359
vn  -0.978638 0.175943 -0.106359
vn  -0.978638 0.175943 -0.106359
vn  -0.076312 0.817688 -0.570581
vn  -0.076312 0.817688 -0.570581
vn  -0.076312 0.817688 -0.570581
vn  -0.076312 0.817688 -0.570581
vn  -0.219767 0.974903 0.035592
vn  -0.219767 0.974903 0.035592
vn  -0.219767 0.974903 0.035592
vn  -0.219767 0.974903 0.035592
vn  -0.010015 0.811828 -0.583810
vn  -0.010015 0.811828 -0.583810
vn  -0.010015 0.811828 -0.583810
vn  -0.010015 0.811828 -0.583810
vn  -0.172879 0.984729 0.020522
vn  -0.172879 0.984729 0.020522
vn  -0.172879 0.984729 0.020522
vn  -0.172879 0.984729 0.020522
vn  -0.120286 0.841790 -0.526232
vn  -0.120286 0.841790 -0.526232
vn  -0.120286 0.841790 -0.526232
vn  -0.120286 0.841790 -0.526232
vn  -0.284462 0.957429 -0.049096
vn  -0.284462 0.957429 -0.049096
vn  -0.284462 0.957429 -0.049096
vn  -0.284462 0.957429 -0.049096
vn  -0.246269 0.826742 -0.505816
vn  -0.246269 0.826742 -0.505816
vn  -0.246269 0.826742 -0.505816
vn  -0.246269 0.826742 -0.505816
vn  -0.350093 0.867149 -0.354243
vn  -0.350093 0.867149 -0.354243
vn  -0.350093 0.867149 -0.354243
vn  -0.350093 0.867149 -0.354243
vn  -0.341033 0.928865 -0.144592
vn  -0.341033 0.928865 -0.144592
vn  -0.341033 0.928865 -0.144592
vn  -0.341033 0.928865 -0.144592
vn  -0.271951 -0.234896 -0.933202
vn  -0.271951 -0.234896 -0.933202
vn  -0.271951 -0.234896 -0.933202
vn  -0.271951 -0.234896 -0.933202
vn  -0.292546 0.233415 0.927327
vn  -0.292546 0.233415 0.927327
vn  -0.292546 0.233415 0.927327
vn  -0.292546 0.233415 0.927327
vn  -0.321055 -0.231170 -0.918414
vn  -0.321055 -0.231170 -0.918414
vn  -0.321055 -0.231170 -0.918414
vn  -0.321055 -0.231170 -0.918414
vn  -0.563862 0.201589 0.800888
vn  -0.563862 0.201589 0.800888
vn  -0.563862 0.201589 0.800888
vn  -0.563862 0.201589 0.800888
vn  -0.521962 -0.208203 -0.827168
vn  -0.521962 -0.208203 -0.827168
vn  -0.521962 -0.208203 -0.827168
vn  -0.521962 -0.208203 -0.827168
vn  -0.908373 0.102071 0.405512
vn  -0.908373 0.102071 0.405512
vn  -0.908373 0.102071 0.405512
vn  -0.908373 0.102071 0.405512
vn  -0.818171 -0.140346 -0.557583
vn  -0.818171 -0.140346 -0.557583
vn  -0.818171 -0.140346 -0.557583
vn  -0.818171 -0.140346 -0.557583
vn  -0.989496 -0.035284 -0.140186
vn  -0.989496 -0.035284 -0.140186
vn  -0.989496 -0.035284 -0.140186
vn  -0.989496 -0.035284 -0.140186
vn  -0.980172 0.048368 0.192153
vn  -0.980172 0.048368 0.192153
vn  -0.980172 0.048368 0.192153
vn  -0.980172 0.048368 0.192153
vn  0.027434 -0.907414 0.419341
vn  0.027434 -0.907414 0.419341
vn  0.027434 -0.907414 0.419341
vn  0.027434 -0.907414 0.419341
vn  0.120486 -0.986566 0.110322
vn  0.120486 -0.986566 0.110322
vn  0.120486 -0.986566 0.110322
vn  -0.071893 -0.905477 0.418262
vn  -0.071893 -0.905477 0.418262
vn  -0.071893 -0.905477 0.418262
vn  0.074594 -0.991934 0.102479
vn  0.074594 -0.991934 0.102479
vn  0.074594 -0.991934 0.102479
vn  0.074594 -0.991934 0.102479
vn  0.053148 -0.920681 0.386680
vn  0.053148 -0.920681 0.386680
vn  0.053148 -0.920681 0.386680
vn  0.053148 -0.920681 0.386680
vn  0.128203 -0.983112 0.130592
vn  0.128203 -0.983112 0.130592
vn  0.128203 -0.983112 0.130592
vn  0.128203 -0.983112 0.130592
vn  0.067681 -0.916574 0.394095
vn  0.067681 -0.916574 0.394095
vn  0.067681 -0.916574 0.394095
vn  0.067681 -0.916574 0.394095
vn  0.115371 -0.930035 0.348891
vn  0.115371 -0.930035 0.348891
vn  0.115371 -0.930035 0.348891
vn  0.115371 -0.930035 0.348891
vn  0.156550 -0.969295 0.189627
vn  0.156550 -0.969295 0.189627
vn  0.156550 -0.969295 0.189627
vn  0.156550 -0.969295 0.189627
vn  -0.018519 -0.954808 0.296646
vn  -0.018519 -0.954808 0.296646
vn  -0.018519 -0.954808 0.296646
vn  -0.018519 -0.954808 0.296646
vn  -0.012445 -0.968537 0.248559
vn  -0.012445 -0.968537 0.248559
vn  -0.012445 -0.968537 0.248559
vn  -0.024911 -0.954541 0.297038
vn  -0.024911 -0.954541 0.297038
vn  -0.024911 -0.954541 0.297038
vn  -0.054626 -0.973806 0.220721
vn  -0.054626 -0.973806 0.220721
vn  -0.054626 -0.973806 0.220721
vn  -0.054626 -0.973806 0.220721
vn  -0.049764 -0.948258 0.313577
vn  -0.049764 -0.948258 0.313577
vn  -0.049764 -0.948258 0.313577
vn  -0.049764 -0.948258 0.313577
vn  -0.063425 -0.943242 0.325994
vn  -0.063425 -0.943242 0.325994
vn  -0.063425 -0.943242 0.325994
vn  -0.063425 -0.943242 0.325994
vn  -0.057046 -0.970515 0.234192
vn  -0.057046 -0.970515 0.234192
vn  -0.057046 -0.970515 0.234192
vn  -0.057046 -0.970515 0.234192
vn  -0.005999 -0.940662 0.339291
vn  -0.005999 -0.940662 0.339291
vn  -0.005999 -0.940662 0.339291
vn  -0.005999 -0.940662 0.339291
vn  -0.014405 -0.976663 0.214294
vn  -0.014405 -0.976663 0.214294
vn  -0.014405 -0.976663 0.214294
vn  -0.014405 -0.976663 0.214294
vn  -0.002384 -0.939184 0.343406
vn  -0.002384 -0.939184 0.343406
vn  -0.002384 -0.939184 0.343406
vn  -0.002384 -0.939184 0.343406
vn  0.001581 -0.977970 0.208739
vn  0.001581 -0.977970 0.208739
vn  0.001581 -0.977970 0.208739
vn  0.001581 -0.977970 0.208739
vn  -0.054226 0.785792 0.616109
vn  -0.054226 0.785792 0.616109
vn  -0.054226 0.785792 0.616109
vn  -0.054226 0.785792 0.616109
vn  -0.093916 -0.386854 0.917346
vn  -0.093916 -0.386854 0.917346
vn  -0.093916 -0.386854 0.917346
vn  -0.093916 -0.386854 0.917346
vn  -0.234338 0.360009 0.903039
vn  -0.234338 0.360009 0.903039
vn  -0.234338 0.360009 0.903039
vn  -0.234338 0.360009 0.903039
vn  -0.025124 0.996168 0.083780
vn  -0.025124 0.996168 0.083780
vn  -0.025124 0.996168 0.083780
vn  -0.025124 0.996168 0.083780
vn  -0.147180 0.241435 0.959191
vn  -0.147180 0.241435 0.959191
vn  -0.147180 0.241435 0.959191
vn  -0.147180 0.241435 0.959191
vn  0.005612 -0.993670 0.112197
vn  0.005612 -0.993670 0.112197
vn  0.005612 -0.993670 0.112197
vn  0.005612 -0.993670 0.112197
vn  -0.005876 -0.968517 0.248878
vn  -0.005876 -0.968517 0.248878
vn  -0.005876 -0.968517 0.248878
vn  -0.005876 -0.968517 0.248878
vn  0.994869 0.094766 0.035430
vn  0.994869 0.094766 0.035430
vn  0.994869 0.094766 0.035430
vn  0.994869 0.094766 0.035430
vn  0.359521 0.060229 -0.931191
vn  0.359521 0.060229 -0.931191
vn  0.359521 0.060229 -0.931191
vn  0.359521 0.060229 -0.931191
vn  -0.467695 -0.036270 0.883146
vn  -0.467695 -0.036270 0.883146
vn  -0.467695 -0.036270 0.883146
vn  -0.467695 -0.036270 0.883146
vn  -0.979988 -0.191373 0.054768
vn  -0.979988 -0.191373 0.054768
vn  -0.979988 -0.191373 0.054768
vn  -0.979988 -0.191373 0.054768
vn  -0.685081 -0.061278 -0.725885
vn  -0.685081 -0.061278 -0.725885
vn  -0.685081 -0.061278 -0.725885
vn  -0.685081 -0.061278 -0.725885
vn  0.989197 0.123502 -0.078972
vn  0.989197 0.123502 -0.078972
vn  0.989197 0.123502 -0.078972
vn  0.989197 0.123502 -0.078972
vn  0.654764 -0.039472 0.754802
vn  0.654764 -0.039472 0.754802
vn  0.654764 -0.039472 0.754802
vn  0.654764 -0.039472 0.754802
vn  0.290709 0.100331 -0.951537
vn  0.290709 0.100331 -0.951537
vn  0.290709 0.100331 -0.951537
vn  0.290709 0.100331 -0.951537
vn  -0.363994 -0.176715 0.914483
vn  -0.363994 -0.176715 0.914483
vn  -0.363994 -0.176715 0.914483
vn  -0.363994 -0.176715 0.914483
vn  -0.985771 -0.101228 0.134198
vn  -0.985771 -0.101228 0.134198
vn  -0.985771 -0.101228 0.134198
vn  -0.985771 -0.101228 0.134198
vn  -0.668105 -0.071262 -0.740647
vn  -0.668105 -0.071262 -0.740647
vn  -0.668105 -0.071262 -0.740647
vn  -0.668105 -0.071262 -0.740647
vn  0.999339 0.020045 0.030325
vn  0.999339 0.020045 0.030325
vn  0.999339 0.020045 0.030325
vn  0.999339 0.020045 0.030325
vn  0.686666 -0.074710 0.723124
vn  0.686666 -0.074710 0.723124
vn  0.686666 -0.074710 0.723124
vn  0.686666 -0.074710 0.723124
vn  0.287721 0.215607 -0.933129
vn  0.287721 0.215607 -0.933129
vn  0.287721 0.215607 -0.933129
vn  0.287721 0.215607 -0.933129
vn  -0.316278 -0.262081 0.911747
vn  -0.316278 -0.262081 0.911747
vn  -0.316278 -0.262081 0.911747
vn  -0.316278 -0.262081 0.911747
vn  -0.978334 -0.161304 0.129786
vn  -0.978334 -0.161304 0.129786
vn  -0.978334 -0.161304 0.129786
vn  -0.978334 -0.161304 0.129786
vn  -0.581739 0.134803 -0.802127
vn  -0.581739 0.134803 -0.802127
vn  -0.581739 0.134803 -0.802127
vn  -0.581739 0.134803 -0.802127
vn  0.994237 0.104062 -0.025751
vn  0.994237 0.104063 -0.025751
vn  0.994237 0.104063 -0.025751
vn  0.994237 0.104062 -0.025751
vn  0.686850 -0.004692 0.726784
vn  0.686850 -0.004692 0.726784
vn  0.686850 -0.004692 0.726784
vn  0.686850 -0.004692 0.726784
vn  0.336343 -0.065079 -0.939488
vn  0.336343 -0.065079 -0.939488
vn  0.336343 -0.065079 -0.939488
vn  0.336343 -0.065079 -0.939488
vn  -0.287647 -0.194569 0.937764
vn  -0.287647 -0.194569 0.937764
vn  -0.287647 -0.194570 0.937764
vn  -0.287647 -0.194569 0.937764
vn  -0.987702 -0.153666 -0.028839
vn  -0.987702 -0.153667 -0.028839
vn  -0.987702 -0.153667 -0.028839
vn  -0.597080 -0.154385 -0.787185
vn  -0.597080 -0.154385 -0.787185
vn  -0.597080 -0.154386 -0.787185
vn  0.064309 -0.997408 0.032268
vn  0.064309 -0.997408 0.032268
vn  0.064309 -0.997408 0.032268
vn  0.064309 -0.997408 0.032268
vn  -0.062773 -0.880601 -0.469683
vn  -0.062773 -0.880601 -0.469683
vn  -0.062773 -0.880601 -0.469683
vn  -0.062773 -0.880601 -0.469683
vn  -0.172635 0.287111 -0.942212
vn  -0.172635 0.287111 -0.942212
vn  -0.172635 0.287111 -0.942212
vn  -0.172635 0.287111 -0.942212
vn  -0.242460 0.846194 -0.474521
vn  -0.242460 0.846194 -0.474521
vn  -0.242460 0.846194 -0.474521
vn  -0.242460 0.846194 -0.474521
vn  -0.090272 0.973021 0.212322
vn  -0.090272 0.973021 0.212322
vn  -0.090272 0.973021 0.212322
vn  -0.090272 0.973021 0.212322
vn  -0.004988 0.634156 0.773189
vn  -0.004988 0.634156 0.773189
vn  -0.004988 0.634156 0.773189
vn  0.012991 -0.290626 0.956749
vn  0.012991 -0.290626 0.956749
vn  0.012991 -0.290626 0.956749
vn  0.822192 -0.561110 0.095692
vn  0.822192 -0.561110 0.095692
vn  0.822192 -0.561110 0.095692
vn  0.702483 -0.342572 -0.623828
vn  0.702483 -0.342572 -0.623828
vn  0.702483 -0.342572 -0.623828
vn  0.510119 0.120854 -0.851571
vn  0.510119 0.120854 -0.851571
vn  0.510119 0.120854 -0.851571
vn  0.814021 -0.144307 0.562623
vn  0.814021 -0.144307 0.562623
vn  0.814021 -0.144307 0.562623
vn  0.132911 -0.978400 0.158332
vn  0.132911 -0.978400 0.158332
vn  0.132911 -0.978400 0.158332
vn  0.132911 -0.978400 0.158332
vn  0.232203 -0.867544 -0.439828
vn  0.232203 -0.867544 -0.439828
vn  0.232203 -0.867544 -0.439828
vn  0.232203 -0.867544 -0.439828
vn  0.289235 -0.081438 -0.953788
vn  0.289235 -0.081438 -0.953788
vn  0.289235 -0.081438 -0.953788
vn  0.289235 -0.081438 -0.953788
vn  0.197899 0.849178 -0.489626
vn  0.197899 0.849178 -0.489626
vn  0.197899 0.849178 -0.489626
vn  0.197899 0.849178 -0.489626
vn  0.098408 0.994593 -0.033166
vn  0.098408 0.994593 -0.033166
vn  0.098408 0.994593 -0.033166
vn  0.098408 0.994593 -0.033166
vn  -0.200984 0.473170 0.857739
vn  -0.200984 0.473170 0.857739
vn  -0.200984 0.473170 0.857739
vn  -0.200984 0.473170 0.857739
vn  -0.139324 -0.506144 0.851121
vn  -0.139324 -0.506144 0.851121
vn  -0.139324 -0.506144 0.851121
vn  -0.139324 -0.506144 0.851121
vn  0.656260 -0.267804 0.705410
vn  0.656260 -0.267804 0.705410
vn  0.656260 -0.267804 0.705410
vn  0.137332 0.584198 0.799908
vn  0.137332 0.584198 0.799908
vn  0.137332 0.584198 0.799908
vn  0.137332 0.584198 0.799908
vn  0.176348 -0.853256 0.490770
vn  0.176348 -0.853256 0.490770
vn  0.176348 -0.853256 0.490770
vn  0.176348 -0.853256 0.490770
vn  0.637970 -0.054688 0.768117
vn  0.637970 -0.054688 0.768117
vn  0.637970 -0.054688 0.768117
vn  0.637970 -0.054688 0.768117
vn  0.159370 0.462594 0.872128
vn  0.159370 0.462594 0.872128
vn  0.159370 0.462594 0.872128
vn  0.159370 0.462594 0.872128
vn  0.169606 -0.697938 0.695784
vn  0.169606 -0.697938 0.695784
vn  0.169606 -0.697938 0.695784
vn  0.169606 -0.697938 0.695784
vn  0.298289 0.649868 0.699067
vn  0.298289 0.649868 0.699067
vn  0.298289 0.649868 0.699067
vn  0.298289 0.649868 0.699067
vn  0.348156 -0.486338 0.801413
vn  0.348156 -0.486338 0.801413
vn  0.348156 -0.486338 0.801413
vn  0.348156 -0.486338 0.801413
vn  0.131716 0.062037 0.989345
vn  0.131716 0.062037 0.989345
vn  0.131716 0.062037 0.989345
vn  0.131716 0.062037 0.989345
vn  0.914745 0.229627 0.332435
vn  0.914745 0.229627 0.332435
vn  0.914745 0.229627 0.332435
vn  0.126669 -0.661865 0.738843
vn  0.126669 -0.661865 0.738843
vn  0.126669 -0.661865 0.738843
vn  0.126669 -0.661865 0.738843
vn  0.552316 -0.612547 0.565450
vn  0.552316 -0.612547 0.565450
vn  0.552316 -0.612547 0.565450
vn  0.552316 -0.612547 0.565450
vn  0.770000 0.555927 0.313123
vn  0.770000 0.555927 0.313123
vn  0.770000 0.555927 0.313123
vn  0.428737 0.540964 0.723562
vn  0.428737 0.540964 0.723562
vn  0.428737 0.540964 0.723562
vn  0.568344 0.360690 0.739519
vn  0.568344 0.360690 0.739519
vn  0.568344 0.360690 0.739519
vn  0.568344 0.360690 0.739519
vn  0.703638 0.279910 0.653103
vn  0.703638 0.279910 0.653103
vn  0.703638 0.279910 0.653103
vn  0.703638 0.279910 0.653103
vn  0.816638 -0.301454 0.492166
vn  0.816638 -0.301454 0.492167
vn  0.816638 -0.301454 0.492166
vn  0.621969 -0.160784 0.766357
vn  0.621969 -0.160784 0.766357
vn  0.621969 -0.160784 0.766357
vn  0.938404 0.075598 0.337169
vn  0.938404 0.075598 0.337170
vn  0.938404 0.075598 0.337169
vn  0.938404 0.075598 0.337169
vn  0.910936 -0.233298 0.340248
vn  0.910936 -0.233298 0.340248
vn  0.910936 -0.233298 0.340248
vn  0.269719 0.116989 0.955806
vn  0.269719 0.116989 0.955806
vn  0.269719 0.116989 0.955806
vn  0.269719 0.116989 0.955806
vn  0.782706 -0.172006 0.598152
vn  0.782706 -0.172006 0.598152
vn  0.782706 -0.172006 0.598152
vn  0.782706 -0.172006 0.598152
vn  0.817330 -0.287514 0.499308
vn  0.817330 -0.287514 0.499308
vn  0.817330 -0.287514 0.499308
vn  0.817330 -0.287514 0.499308
vn  0.891632 -0.159283 0.423817
vn  0.891632 -0.159283 0.423817
vn  0.891632 -0.159283 0.423817
vn  0.891632 -0.159283 0.423817
vn  0.180390 0.620370 0.763282
vn  0.180390 0.620370 0.763282
vn  0.180390 0.620370 0.763282
vn  0.180390 0.620370 0.763282
vn  0.458373 0.584589 0.669441
vn  0.458373 0.584589 0.669441
vn  0.458373 0.584589 0.669441
vn  0.458373 0.584589 0.669441
vn  0.921293 0.224487 0.317530
vn  0.921293 0.224487 0.317530
vn  0.921293 0.224487 0.317530
vn  0.921293 0.224487 0.317530
vn  0.981371 0.023141 0.190721
vn  0.981371 0.023141 0.190721
vn  0.981371 0.023141 0.190721
vn  0.981371 0.023141 0.190721
vn  0.959529 -0.001767 0.281604
vn  0.959529 -0.001767 0.281604
vn  0.959529 -0.001767 0.281604
vn  0.959529 -0.001767 0.281604
vn  0.886726 -0.279726 0.368064
vn  0.886726 -0.279726 0.368064
vn  0.886726 -0.279726 0.368064
vn  0.076675 0.943285 0.323008
vn  0.076675 0.943285 0.323008
vn  0.076675 0.943285 0.323008
vn  0.076675 0.943285 0.323008
vn  0.467342 0.840281 0.274807
vn  0.467342 0.840281 0.274807
vn  0.467342 0.840281 0.274807
vn  0.467342 0.840281 0.274807
vn  0.924143 0.354751 0.141817
vn  0.924143 0.354751 0.141817
vn  0.924143 0.354751 0.141817
vn  0.924143 0.354751 0.141817
vn  0.985015 0.005683 0.172376
vn  0.985015 0.005683 0.172376
vn  0.985015 0.005683 0.172376
vn  0.985015 0.005683 0.172376
vn  0.065022 0.977307 -0.201602
vn  0.065022 0.977307 -0.201602
vn  0.065022 0.977307 -0.201602
vn  0.065022 0.977307 -0.201602
vn  0.718090 0.633627 -0.287860
vn  0.718090 0.633627 -0.287860
vn  0.718090 0.633627 -0.287860
vn  0.718090 0.633627 -0.287860
vn  0.896325 0.328423 -0.297891
vn  0.896325 0.328423 -0.297891
vn  0.896325 0.328423 -0.297891
vn  0.896325 0.328423 -0.297891
vn  0.953100 0.023305 -0.301756
vn  0.953100 0.023305 -0.301756
vn  0.953100 0.023305 -0.301756
vn  0.941774 0.028038 -0.335076
vn  0.941774 0.028038 -0.335076
vn  0.941774 0.028038 -0.335076
vn  0.941774 0.028038 -0.335076
vn  0.887612 -0.262462 -0.378495
vn  0.887612 -0.262462 -0.378495
vn  0.887612 -0.262462 -0.378495
vn  0.887612 -0.262462 -0.378495
vn  0.938853 0.064800 0.338164
vn  0.938853 0.064800 0.338164
vn  0.938853 0.064800 0.338164
vn  0.938853 0.064800 0.338164
vn  0.925346 -0.121209 0.359226
vn  0.925346 -0.121209 0.359226
vn  0.925346 -0.121209 0.359226
vn  0.278547 0.412759 -0.867203
vn  0.278547 0.412759 -0.867203
vn  0.278547 0.412759 -0.867203
vn  0.278547 0.412759 -0.867203
vn  0.351575 -0.480166 -0.803639
vn  0.351575 -0.480166 -0.803639
vn  0.351575 -0.480166 -0.803639
vn  -0.237346 0.971303 -0.015423
vn  -0.237346 0.971303 -0.015423
vn  -0.237346 0.971303 -0.015423
vn  0.168101 0.235886 -0.957131
vn  0.168101 0.235886 -0.957131
vn  0.168101 0.235886 -0.957131
vn  0.168101 0.235886 -0.957131
vn  0.571065 0.211108 -0.793296
vn  0.571065 0.211108 -0.793296
vn  0.571065 0.211108 -0.793296
vn  0.571065 0.211108 -0.793296
vn  0.293040 -0.034447 -0.955480
vn  0.293040 -0.034447 -0.955480
vn  0.293040 -0.034447 -0.955480
vn  0.293040 -0.034447 -0.955480
vn  0.705789 -0.054096 -0.706353
vn  0.705789 -0.054096 -0.706353
vn  0.705789 -0.054096 -0.706353
vn  0.933155 0.057082 -0.354914
vn  0.933155 0.057082 -0.354914
vn  0.933155 0.057082 -0.354914
vn  0.933155 0.057082 -0.354914
vn  0.385544 0.051430 -0.921255
vn  0.385544 0.051430 -0.921255
vn  0.385544 0.051430 -0.921255
vn  0.385544 0.051430 -0.921255
vn  0.990213 0.103010 -0.094172
vn  0.990213 0.103010 -0.094172
vn  0.990213 0.103010 -0.094172
vn  -0.982263 0.082378 -0.168446
vn  -0.982263 0.082378 -0.168446
vn  -0.982263 0.082378 -0.168446
vn  -0.708234 0.013339 -0.705852
vn  -0.708234 0.013339 -0.705852
vn  -0.708234 0.013339 -0.705852
vn  -0.708234 0.013339 -0.705852
vn  0.604598 -0.068046 -0.793619
vn  0.604598 -0.068046 -0.793619
vn  0.604598 -0.068046 -0.793619
vn  0.604598 -0.068046 -0.793619
vn  0.938620 -0.330947 -0.097299
vn  0.938620 -0.330947 -0.097299
vn  0.938620 -0.330947 -0.097299
vn  -0.946622 -0.295285 0.129277
vn  -0.946622 -0.295285 0.129277
vn  -0.946622 -0.295285 0.129277
vn  -0.674867 -0.042075 -0.736739
vn  -0.674867 -0.042075 -0.736739
vn  -0.674867 -0.042075 -0.736739
vn  -0.674867 -0.042075 -0.736739
vn  -0.002480 -0.999997 0.000069
vn  -0.002480 -0.999997 0.000069
vn  -0.002480 -0.999997 0.000069
vn  0.014545 -0.999854 0.008955
vn  0.014545 -0.999854 0.008955
vn  0.014545 -0.999854 0.008955
vn  0.059758 0.018965 -0.998033
vn  0.059758 0.018965 -0.998033
vn  0.059758 0.018965 -0.998033
vn  0.270384 -0.560331 0.782893
vn  0.270384 -0.560331 0.782893
vn  0.270384 -0.560331 0.782893
vn  0.095834 0.993780 0.056718
vn  0.095834 0.993780 0.056718
vn  0.095834 0.993780 0.056718
vn  0.095834 0.993780 0.056718
vn  0.485610 0.873247 0.040284
vn  0.485610 0.873247 0.040284
vn  0.485610 0.873247 0.040284
vn  0.485610 0.873247 0.040284
vn  0.989820 0.091048 0.109392
vn  0.989820 0.091048 0.109392
vn  0.989820 0.091048 0.109392
vn  0.989820 0.091048 0.109392
vn  0.971720 -0.209970 0.108045
vn  0.971720 -0.209970 0.108045
vn  0.971720 -0.209970 0.108045
vn  0.971720 -0.209970 0.108045
vn  0.149971 0.926854 -0.344167
vn  0.149971 0.926854 -0.344167
vn  0.149971 0.926854 -0.344167
vn  0.149971 0.926854 -0.344167
vn  0.692606 0.612563 -0.380872
vn  0.692606 0.612563 -0.380872
vn  0.692606 0.612563 -0.380872
vn  0.692606 0.612563 -0.380872
vn  0.973954 0.144405 -0.174818
vn  0.973954 0.144405 -0.174818
vn  0.973954 0.144405 -0.174818
vn  0.973954 0.144405 -0.174818
vn  0.994822 -0.074160 0.069501
vn  0.994822 -0.074160 0.069501
vn  0.994822 -0.074160 0.069501
vn  0.939215 -0.305292 -0.157072
vn  0.939215 -0.305292 -0.157072
vn  0.939215 -0.305292 -0.157072
vn  0.939215 -0.305292 -0.157072
vn  0.926163 -0.344726 -0.152925
vn  0.926163 -0.344726 -0.152925
vn  0.926163 -0.344726 -0.152925
vn  0.926163 -0.344726 -0.152925
vn  0.154493 0.246278 -0.956807
vn  0.154493 0.246278 -0.956807
vn  0.154493 0.246278 -0.956807
vn  0.154493 0.246278 -0.956807
vn  0.571085 0.130291 -0.810485
vn  0.571085 0.130291 -0.810485
vn  0.571085 0.130291 -0.810485
vn  0.571085 0.130291 -0.810485
vn  0.296112 -0.225088 -0.928253
vn  0.296112 -0.225088 -0.928253
vn  0.296112 -0.225088 -0.928253
vn  0.296112 -0.225088 -0.928253
vn  0.665980 -0.175408 -0.725054
vn  0.665980 -0.175408 -0.725054
vn  0.665980 -0.175408 -0.725054
vn  0.909293 -0.103325 -0.403126
vn  0.909293 -0.103325 -0.403126
vn  0.909293 -0.103325 -0.403126
vn  0.909293 -0.103325 -0.403126
vn  0.515289 0.662516 0.543644
vn  0.515289 0.662516 0.543644
vn  0.515289 0.662516 0.543644
vn  0.515289 0.662516 0.543644
vn  0.915883 -0.020498 0.400921
vn  0.915883 -0.020498 0.400921
vn  0.915883 -0.020498 0.400921
vn  0.934338 -0.256691 0.247229
vn  0.934338 -0.256691 0.247229
vn  0.934338 -0.256691 0.247229
vn  0.934338 -0.256691 0.247229
vn  0.800442 0.113369 0.588591
vn  0.800443 0.113369 0.588591
vn  0.800442 0.113369 0.588591
vn  0.800442 0.113369 0.588591
vn  0.996686 -0.039465 0.071132
vn  0.996686 -0.039465 0.071132
vn  0.996686 -0.039465 0.071132
vn  0.996686 -0.039465 0.071132
vn  0.280590 -0.192678 0.940290
vn  0.280590 -0.192678 0.940290
vn  0.280590 -0.192678 0.940290
vn  0.280590 -0.192678 0.940290
vn  -0.111500 0.145119 0.983112
vn  -0.111500 0.145119 0.983112
vn  -0.111500 0.145119 0.983112
vn  -0.111500 0.145119 0.983112
vn  0.276759 -0.571430 0.772575
vn  0.276759 -0.571430 0.772575
vn  0.276759 -0.571430 0.772575
vn  0.276759 -0.571430 0.772575
vn  0.669409 -0.267848 0.692928
vn  0.669409 -0.267848 0.692928
vn  0.669409 -0.267848 0.692928
vn  0.669409 -0.267848 0.692928
vn  0.058542 -0.180719 0.981791
vn  0.058542 -0.180719 0.981791
vn  0.058542 -0.180719 0.981791
vn  0.058542 -0.180719 0.981791
vn  -0.259082 -0.965757 -0.013809
vn  -0.259082 -0.965757 -0.013809
vn  -0.259082 -0.965757 -0.013809
vn  -0.259082 -0.965757 -0.013809
vn  -0.056518 -0.469665 0.881034
vn  -0.056518 -0.469665 0.881034
vn  -0.056518 -0.469665 0.881034
vn  -0.056518 -0.469665 0.881034
vn  0.693784 -0.433416 0.575165
vn  0.693784 -0.433416 0.575165
vn  0.693784 -0.433416 0.575165
vn  -0.059682 -0.321435 -0.945049
vn  -0.059682 -0.321435 -0.945049
vn  -0.059682 -0.321435 -0.945049
vn  -0.059682 -0.321435 -0.945049
vn  0.115816 -0.988291 0.099336
vn  0.115816 -0.988291 0.099336
vn  0.115816 -0.988291 0.099336
vn  0.115816 -0.988291 0.099336
vn  0.954368 -0.115773 0.275280
vn  0.954368 -0.115773 0.275280
vn  0.954368 -0.115773 0.275280
vn  0.999026 -0.043112 0.009417
vn  0.999026 -0.043112 0.009417
vn  0.999026 -0.043112 0.009417
vn  0.351801 0.088300 -0.931901
vn  0.351801 0.088300 -0.931901
vn  0.351801 0.088300 -0.931901
vn  0.351801 0.088300 -0.931901
vn  -0.492042 -0.027984 0.870122
vn  -0.492042 -0.027984 0.870122
vn  -0.492042 -0.027984 0.870122
vn  -0.993717 -0.023170 -0.109500
vn  -0.993717 -0.023170 -0.109500
vn  -0.993717 -0.023170 -0.109500
vn  -0.993717 -0.023170 -0.109500
vn  -0.648653 0.077529 -0.757126
vn  -0.648653 0.077529 -0.757125
vn  -0.648653 0.077529 -0.757125
vn  -0.648653 0.077529 -0.757125
vn  0.188885 0.661666 0.725617
vn  0.188885 0.661666 0.725617
vn  0.188885 0.661666 0.725617
vn  0.188885 0.661666 0.725617
vn  0.076622 0.977090 0.198555
vn  0.076622 0.977090 0.198555
vn  0.076622 0.977090 0.198555
vn  0.076622 0.977090 0.198555
vn  0.053093 0.929333 -0.365405
vn  0.053093 0.929333 -0.365405
vn  0.053093 0.929333 -0.365405
vn  0.053093 0.929333 -0.365405
vn  0.117857 0.393775 -0.911620
vn  0.117857 0.393775 -0.911620
vn  0.117857 0.393775 -0.911620
vn  0.117857 0.393775 -0.911620
vn  0.175172 0.120666 -0.977115
vn  0.175172 0.120666 -0.977115
vn  0.175172 0.120666 -0.977115
vn  0.175172 0.120666 -0.977115
vn  0.198180 -0.135590 -0.970742
vn  0.198180 -0.135590 -0.970742
vn  0.198180 -0.135590 -0.970742
vn  0.198180 -0.135590 -0.970742
vn  0.844635 0.343952 0.410230
vn  0.844635 0.343952 0.410230
vn  0.844635 0.343952 0.410230
vn  0.844635 0.343952 0.410230
vn  0.825209 0.544517 0.150102
vn  0.825209 0.544517 0.150102
vn  0.825209 0.544517 0.150102
vn  0.825209 0.544517 0.150102
vn  0.879329 0.448131 -0.161119
vn  0.879329 0.448131 -0.161119
vn  0.879329 0.448131 -0.161119
vn  0.879329 0.448132 -0.161119
vn  0.908299 0.171752 -0.381438
vn  0.908299 0.171752 -0.381438
vn  0.908299 0.171752 -0.381438
vn  0.908299 0.171752 -0.381438
vn  0.913154 0.045077 -0.405114
vn  0.913154 0.045077 -0.405114
vn  0.913154 0.045077 -0.405114
vn  0.913154 0.045077 -0.405114
vn  0.878713 0.180061 0.442087
vn  0.878713 0.180061 0.442087
vn  0.878713 0.180061 0.442087
vn  0.878713 0.180061 0.442087
vn  0.915904 -0.098836 -0.389040
vn  0.915904 -0.098836 -0.389040
vn  0.915904 -0.098836 -0.389040
vn  0.915904 -0.098836 -0.389040
vn  0.478840 0.643547 0.597127
vn  0.478840 0.643547 0.597126
vn  0.478840 0.643547 0.597127
vn  0.478840 0.643547 0.597127
vn  0.446027 0.872655 0.198829
vn  0.446027 0.872655 0.198829
vn  0.446027 0.872655 0.198829
vn  0.446027 0.872655 0.198829
vn  0.416254 0.836413 -0.356575
vn  0.416254 0.836413 -0.356575
vn  0.416254 0.836413 -0.356575
vn  0.416254 0.836413 -0.356575
vn  0.409700 0.385719 -0.826660
vn  0.409700 0.385719 -0.826660
vn  0.409700 0.385719 -0.826660
vn  0.409700 0.385719 -0.826660
vn  0.354452 0.130508 -0.925922
vn  0.354452 0.130508 -0.925922
vn  0.354452 0.130508 -0.925922
vn  0.354452 0.130508 -0.925922
vn  0.389072 0.392056 0.833616
vn  0.389072 0.392056 0.833616
vn  0.389072 0.392056 0.833616
vn  0.389072 0.392056 0.833616
vn  0.332767 -0.095912 -0.938119
vn  0.332767 -0.095912 -0.938119
vn  0.332767 -0.095912 -0.938119
vn  0.332767 -0.095912 -0.938119
vn  0.775711 0.476819 0.413420
vn  0.775711 0.476819 0.413420
vn  0.775711 0.476819 0.413420
vn  0.775711 0.476819 0.413420
vn  0.761547 0.633105 0.138652
vn  0.761547 0.633105 0.138652
vn  0.761547 0.633105 0.138652
vn  0.761547 0.633105 0.138652
vn  0.733888 0.620695 -0.275946
vn  0.733888 0.620695 -0.275946
vn  0.733888 0.620695 -0.275946
vn  0.733888 0.620695 -0.275946
vn  0.732199 0.337140 -0.591795
vn  0.732199 0.337140 -0.591795
vn  0.732199 0.337140 -0.591795
vn  0.769271 0.138233 -0.623789
vn  0.769271 0.138233 -0.623789
vn  0.769271 0.138233 -0.623789
vn  0.769271 0.138233 -0.623789
vn  0.818621 0.273667 0.504942
vn  0.818621 0.273667 0.504942
vn  0.818621 0.273667 0.504942
vn  0.818621 0.273667 0.504942
vn  0.776203 -0.045761 -0.628820
vn  0.776203 -0.045761 -0.628820
vn  0.776203 -0.045761 -0.628820
vn  0.776203 -0.045761 -0.628820
vn  0.991181 0.060311 -0.117997
vn  0.991181 0.060311 -0.117997
vn  0.991181 0.060311 -0.117997
vn  0.991181 0.060311 -0.117997
vn  0.979376 0.133163 0.151953
vn  0.979376 0.133163 0.151953
vn  0.979376 0.133163 0.151953
vn  0.979376 0.133163 0.151953
vn  0.966544 0.239628 0.091494
vn  0.966544 0.239628 0.091494
vn  0.966544 0.239628 0.091494
vn  0.966544 0.239628 0.091494
vn  0.978638 0.175940 -0.106359
vn  0.978638 0.175940 -0.106359
vn  0.978638 0.175940 -0.106359
vn  0.978638 0.175940 -0.106359
vn  0.076315 0.817688 -0.570581
vn  0.076315 0.817688 -0.570581
vn  0.076315 0.817688 -0.570581
vn  0.076315 0.817688 -0.570581
vn  0.219770 0.974902 0.035592
vn  0.219770 0.974902 0.035592
vn  0.219770 0.974902 0.035592
vn  0.219770 0.974902 0.035592
vn  0.010017 0.811828 -0.583810
vn  0.010017 0.811828 -0.583810
vn  0.010017 0.811828 -0.583810
vn  0.010017 0.811828 -0.583810
vn  0.172882 0.984729 0.020522
vn  0.172882 0.984729 0.020522
vn  0.172882 0.984729 0.020522
vn  0.172882 0.984729 0.020522
vn  0.120288 0.841790 -0.526232
vn  0.120288 0.841790 -0.526232
vn  0.120288 0.841790 -0.526232
vn  0.120288 0.841790 -0.526232
vn  0.284465 0.957428 -0.049096
vn  0.284465 0.957428 -0.049096
vn  0.284465 0.957428 -0.049096
vn  0.284465 0.957428 -0.049096
vn  0.246272 0.826741 -0.505816
vn  0.246272 0.826741 -0.505816
vn  0.246272 0.826741 -0.505816
vn  0.246272 0.826741 -0.505816
vn  0.350095 0.867148 -0.354243
vn  0.350095 0.867148 -0.354243
vn  0.350095 0.867148 -0.354243
vn  0.350095 0.867148 -0.354243
vn  0.341036 0.928864 -0.144592
vn  0.341036 0.928864 -0.144592
vn  0.341036 0.928864 -0.144592
vn  0.341036 0.928864 -0.144592
vn  0.271951 -0.234896 -0.933202
vn  0.271951 -0.234896 -0.933202
vn  0.271951 -0.234896 -0.933202
vn  0.271951 -0.234896 -0.933202
vn  0.292547 0.233414 0.927327
vn  0.292547 0.233414 0.927327
vn  0.292547 0.233414 0.927327
vn  0.292547 0.233414 0.927327
vn  0.321054 -0.231171 -0.918414
vn  0.321054 -0.231171 -0.918414
vn  0.321054 -0.231171 -0.918414
vn  0.321054 -0.231171 -0.918414
vn  0.563863 0.201588 0.800888
vn  0.563863 0.201588 0.800888
vn  0.563863 0.201588 0.800888
vn  0.563863 0.201588 0.800888
vn  0.521962 -0.208204 -0.827168
vn  0.521962 -0.208204 -0.827168
vn  0.521962 -0.208204 -0.827168
vn  0.521962 -0.208204 -0.827168
vn  0.908373 0.102069 0.405512
vn  0.908373 0.102069 0.405512
vn  0.908373 0.102069 0.405512
vn  0.908373 0.102069 0.405512
vn  0.818171 -0.140348 -0.557583
vn  0.818171 -0.140348 -0.557583
vn  0.818171 -0.140348 -0.557583
vn  0.818171 -0.140348 -0.557583
vn  0.989496 -0.035287 -0.140186
vn  0.989496 -0.035287 -0.140186
vn  0.989496 -0.035287 -0.140186
vn  0.989496 -0.035287 -0.140186
vn  0.980173 0.048365 0.192153
vn  0.980173 0.048365 0.192153
vn  0.980173 0.048365 0.192153
vn  0.980173 0.048365 0.192153
vn  -0.027437 -0.907414 0.419341
vn  -0.027437 -0.907414 0.419341
vn  -0.027437 -0.907414 0.419341
vn  -0.027437 -0.907414 0.419341
vn  -0.120489 -0.986566 0.110322
vn  -0.120489 -0.986566 0.110322
vn  -0.120489 -0.986566 0.110322
vn  0.071890 -0.905477 0.418262
vn  0.071890 -0.905477 0.418262
vn  0.071890 -0.905477 0.418262
vn  -0.074597 -0.991934 0.102479
vn  -0.074597 -0.991934 0.102479
vn  -0.074597 -0.991934 0.102479
vn  -0.074597 -0.991934 0.102479
vn  -0.053151 -0.920681 0.386680
vn  -0.053151 -0.920681 0.386680
vn  -0.053151 -0.920681 0.386680
vn  -0.053151 -0.920681 0.386680
vn  -0.128205 -0.983112 0.130592
vn  -0.128205 -0.983112 0.130592
vn  -0.128205 -0.983112 0.130592
vn  -0.128205 -0.983112 0.130592
vn  -0.067684 -0.916574 0.394095
vn  -0.067684 -0.916574 0.394095
vn  -0.067684 -0.916574 0.394095
vn  -0.067684 -0.916574 0.394095
vn  -0.115374 -0.930034 0.348891
vn  -0.115374 -0.930034 0.348891
vn  -0.115374 -0.930034 0.348891
vn  -0.115374 -0.930034 0.348891
vn  -0.156553 -0.969295 0.189627
vn  -0.156553 -0.969295 0.189627
vn  -0.156553 -0.969295 0.189627
vn  -0.156553 -0.969295 0.189627
vn  0.018516 -0.954808 0.296646
vn  0.018516 -0.954808 0.296646
vn  0.018516 -0.954808 0.296646
vn  0.018516 -0.954808 0.296646
vn  0.012443 -0.968537 0.248559
vn  0.012443 -0.968537 0.248559
vn  0.012443 -0.968537 0.248559
vn  0.024908 -0.954541 0.297038
vn  0.024908 -0.954541 0.297038
vn  0.024908 -0.954541 0.297038
vn  0.054623 -0.973806 0.220721
vn  0.054623 -0.973806 0.220721
vn  0.054623 -0.973806 0.220721
vn  0.054623 -0.973806 0.220721
vn  0.049761 -0.948258 0.313577
vn  0.049761 -0.948258 0.313577
vn  0.049761 -0.948258 0.313577
vn  0.049761 -0.948258 0.313577
vn  0.063422 -0.943242 0.325994
vn  0.063422 -0.943242 0.325994
vn  0.063422 -0.943242 0.325994
vn  0.063422 -0.943242 0.325994
vn  0.057043 -0.970515 0.234192
vn  0.057043 -0.970515 0.234192
vn  0.057043 -0.970515 0.234192
vn  0.057043 -0.970515 0.234192
vn  0.005996 -0.940662 0.339291
vn  0.005996 -0.940662 0.339291
vn  0.005996 -0.940662 0.339291
vn  0.005996 -0.940662 0.339291
vn  0.014402 -0.976663 0.214294
vn  0.014402 -0.976663 0.214294
vn  0.014402 -0.976663 0.214294
vn  0.014402 -0.976663 0.214294
vn  0.002381 -0.939184 0.343406
vn  0.002381 -0.939184 0.343406
vn  0.002381 -0.939184 0.343406
vn  0.002381 -0.939184 0.343406
vn  -0.001584 -0.977970 0.208739
vn  -0.001584 -0.977970 0.208739
vn  -0.001584 -0.977970 0.208739
vn  -0.001584 -0.977970 0.208739
vn  0.054228 0.785792 0.616109
vn  0.054228 0.785792 0.616109
vn  0.054228 0.785792 0.616109
vn  0.054228 0.785792 0.616109
vn  0.093915 -0.386854 0.917346
vn  0.093915 -0.386854 0.917346
vn  0.093915 -0.386854 0.917346
vn  0.093915 -0.386854 0.917346
vn  0.234339 0.360008 0.903039
vn  0.234339 0.360008 0.903039
vn  0.234339 0.360008 0.903039
vn  0.234339 0.360008 0.903039
vn  0.025127 0.996168 0.083780
vn  0.025127 0.996168 0.083780
vn  0.025127 0.996168 0.083780
vn  0.025127 0.996168 0.083780
vn  0.147181 0.241435 0.959191
vn  0.147181 0.241435 0.959191
vn  0.147181 0.241435 0.959191
vn  0.147181 0.241435 0.959191
vn  -0.005615 -0.993670 0.112197
vn  -0.005615 -0.993670 0.112197
vn  -0.005615 -0.993670 0.112197
vn  -0.005615 -0.993670 0.112197
vn  0.005874 -0.968517 0.248878
vn  0.005874 -0.968517 0.248878
vn  0.005874 -0.968517 0.248878
vn  0.005874 -0.968517 0.248878
vn  -0.994869 0.094769 0.035430
vn  -0.626461 0.007526 0.779416
vn  -0.626461 0.007526 0.779416
vn  -0.626461 0.007526 0.779416
vn  -0.626461 0.007526 0.779416
vn  0.467695 -0.036271 0.883146
vn  -0.999339 0.020048 0.030325
vn  -0.686666 -0.074708 0.723124
vn  -0.287721 0.215608 -0.933129
vn  0.316278 -0.262082 0.911747
vn  0.978333 -0.161307 0.129786
vn  0.581739 0.134802 -0.802127
vn  -0.995777 0.088449 0.024614
vn  -0.995777 0.088449 0.024614
vn  -0.995777 0.088449 0.024614
vn  -0.995777 0.088449 0.024614
vn  -0.657613 -0.284424 0.697601
vn  -0.657613 -0.284424 0.697601
vn  -0.657613 -0.284424 0.697601
vn  -0.657613 -0.284424 0.697601
vn  -0.320664 0.237207 -0.917010
vn  -0.320664 0.237207 -0.917010
vn  -0.320664 0.237207 -0.917010
vn  -0.320664 0.237207 -0.917010
vn  0.365962 -0.295359 0.882516
vn  0.365962 -0.295359 0.882516
vn  0.365962 -0.295359 0.882516
vn  0.365962 -0.295359 0.882516
vn  0.981675 -0.090730 0.167580
vn  0.981675 -0.090730 0.167580
vn  0.981675 -0.090730 0.167580
vn  0.981675 -0.090730 0.167580
vn  0.555030 0.121843 -0.822859
vn  0.555030 0.121843 -0.822859
vn  0.555030 0.121843 -0.822859
vn  0.555030 0.121843 -0.822859
vn  -0.999023 0.017413 -0.040630
vn  -0.999023 0.017413 -0.040630
vn  -0.999023 0.017413 -0.040630
vn  -0.999023 0.017413 -0.040630
vn  -0.683846 -0.043449 0.728332
vn  -0.683846 -0.043449 0.728332
vn  -0.683846 -0.043449 0.728332
vn  -0.683846 -0.043449 0.728332
vn  -0.283224 0.112417 -0.952443
vn  -0.283224 0.112417 -0.952443
vn  -0.283224 0.112417 -0.952443
vn  -0.283224 0.112417 -0.952443
vn  0.380378 -0.305878 0.872784
vn  0.380378 -0.305878 0.872784
vn  0.380378 -0.305878 0.872784
vn  0.380378 -0.305878 0.872784
vn  0.973521 -0.185022 0.134249
vn  0.973521 -0.185022 0.134249
vn  0.973521 -0.185022 0.134249
vn  0.973521 -0.185022 0.134249
vn  0.515075 -0.084647 -0.852955
vn  0.515075 -0.084647 -0.852955
vn  0.515075 -0.084647 -0.852955
vn  0.515075 -0.084647 -0.852955
vn  -0.999957 0.008174 -0.004491
vn  -0.682005 -0.020683 0.731055
vn  -0.279715 0.040258 -0.959239
vn  0.365992 -0.081926 0.927005
vn  0.992295 -0.100677 0.072215
vn  0.550281 0.014043 -0.834862
vn  0.550281 0.014043 -0.834862
vn  0.550281 0.014043 -0.834862
vn  0.550281 0.014043 -0.834862
vn  0.597080 -0.154387 -0.787185
vn  0.597080 -0.154387 -0.787185
vn  0.597080 -0.154386 -0.787185
vn  -0.080930 -0.026164 0.996376
vn  -0.080930 -0.026164 0.996376
vn  -0.080930 -0.026164 0.996376
vn  -0.080930 -0.026164 0.996376
vn  -0.481637 -0.001212 0.876370
vn  -0.481637 -0.001212 0.876370
vn  -0.481637 -0.001212 0.876370
vn  -0.481637 -0.001212 0.876370
vn  -0.830374 0.011091 0.557096
vn  -0.830374 0.011091 0.557096
vn  -0.830374 0.011091 0.557096
vn  -0.830374 0.011091 0.557096
vn  -0.964252 -0.145770 -0.221291
vn  -0.964252 -0.145770 -0.221291
vn  -0.964252 -0.145770 -0.221291
vn  -0.964252 -0.145770 -0.221291
vn  -0.229249 -0.162423 -0.959721
vn  -0.229249 -0.162423 -0.959721
vn  -0.229249 -0.162423 -0.959721
vn  -0.229249 -0.162423 -0.959721
vn  -0.131271 0.036296 0.990682
vn  -0.131271 0.036296 0.990682
vn  -0.131271 0.036296 0.990682
vn  -0.131271 0.036296 0.990682
vn  -0.578119 -0.075701 0.812433
vn  -0.578119 -0.075701 0.812433
vn  -0.578119 -0.075701 0.812433
vn  -0.578119 -0.075701 0.812433
vn  -0.890095 -0.050974 0.452915
vn  -0.890095 -0.050974 0.452915
vn  -0.890095 -0.050974 0.452915
vn  -0.890095 -0.050974 0.452915
vn  -0.975281 -0.138662 -0.172045
vn  -0.975281 -0.138662 -0.172045
vn  -0.975281 -0.138662 -0.172045
vn  -0.975281 -0.138662 -0.172045
vn  -0.242997 -0.251184 -0.936941
vn  -0.242997 -0.251184 -0.936941
vn  -0.242997 -0.251184 -0.936941
vn  -0.242997 -0.251184 -0.936941
vn  0.004546 -0.042835 0.999072
vn  0.004546 -0.042835 0.999072
vn  0.004546 -0.042835 0.999072
vn  0.004546 -0.042835 0.999072
vn  -0.629524 -0.034580 0.776211
vn  -0.629524 -0.034580 0.776211
vn  -0.629524 -0.034580 0.776211
vn  -0.629524 -0.034580 0.776211
vn  -0.888132 -0.161355 0.430333
vn  -0.888132 -0.161355 0.430333
vn  -0.888132 -0.161355 0.430333
vn  -0.926077 -0.372592 0.059632
vn  -0.926077 -0.372592 0.059632
vn  -0.926077 -0.372592 0.059632
vn  -0.211282 -0.143243 -0.966872
vn  -0.211282 -0.143243 -0.966872
vn  -0.211282 -0.143243 -0.966872
vn  -0.211282 -0.143243 -0.966872
vn  -0.106426 0.034404 0.993725
vn  -0.106426 0.034404 0.993725
vn  -0.106426 0.034404 0.993725
vn  -0.106426 0.034404 0.993725
vn  -0.078769 -0.023520 0.996615
vn  -0.078769 -0.023520 0.996615
vn  -0.078769 -0.023520 0.996615
vn  -0.419981 -0.248327 -0.872897
vn  -0.419981 -0.248327 -0.872897
vn  -0.419981 -0.248327 -0.872897
vn  -0.419981 -0.248327 -0.872897
vn  -0.066264 0.236842 -0.969286
vn  -0.066264 0.236842 -0.969286
vn  -0.066264 0.236842 -0.969286
vn  -0.827852 0.072801 0.556203
vn  -0.827852 0.072801 0.556203
vn  -0.827852 0.072801 0.556203
vn  0.042321 0.241437 -0.969493
vn  0.042321 0.241437 -0.969493
vn  0.042321 0.241437 -0.969493
vn  -0.000130 0.896846 -0.442344
vn  -0.000130 0.896846 -0.442344
vn  -0.000130 0.896846 -0.442344
vn  -0.070094 0.870643 0.486896
vn  -0.070094 0.870643 0.486896
vn  -0.070094 0.870643 0.486896
vn  -0.012535 0.247593 -0.968783
vn  0.013965 0.882627 -0.469867
vn  0.027833 0.923507 0.382569
vn  -0.052480 0.634043 0.771515
vn  -0.052480 0.634043 0.771515
vn  -0.052480 0.634043 0.771515
vn  -0.064312 -0.997408 0.032268
vn  0.172636 0.287111 -0.942212
vn  0.242462 0.846193 -0.474521
vn  0.090275 0.973021 0.212322
vn  0.004990 0.634156 0.773189
vn  0.004990 0.634156 0.773189
vn  0.004990 0.634156 0.773189
vn  0.004990 0.634156 0.773189
vn  -0.822193 -0.561107 0.095692
vn  -0.822193 -0.561107 0.095692
vn  -0.822193 -0.561107 0.095692
vn  -0.822193 -0.561107 0.095692
vn  -0.702484 -0.342570 -0.623828
vn  -0.510119 0.120855 -0.851571
vn  -0.510119 0.120855 -0.851571
vn  -0.510119 0.120855 -0.851571
vn  -0.510119 0.120855 -0.851571
vn  -0.550265 0.680473 -0.483906
vn  -0.550265 0.680473 -0.483906
vn  -0.550265 0.680473 -0.483906
vn  -0.550265 0.680473 -0.483906
vn  -0.689847 0.723363 0.029278
vn  -0.689847 0.723363 0.029278
vn  -0.689846 0.723363 0.029278
vn  -0.689846 0.723363 0.029278
vn  -0.745160 0.451959 0.490376
vn  -0.745160 0.451959 0.490376
vn  -0.745160 0.451959 0.490376
vn  -0.745160 0.451959 0.490376
vn  -0.814022 -0.144304 0.562623
vn  -0.155202 -0.970600 0.183978
vn  -0.155202 -0.970600 0.183978
vn  -0.155202 -0.970600 0.183978
vn  -0.155202 -0.970600 0.183978
vn  -0.132897 -0.633750 -0.762036
vn  -0.132897 -0.633750 -0.762036
vn  -0.132897 -0.633750 -0.762036
vn  -0.132897 -0.633750 -0.762036
vn  -0.027229 0.169342 -0.985181
vn  -0.027229 0.169342 -0.985181
vn  -0.027229 0.169342 -0.985181
vn  -0.027229 0.169342 -0.985181
vn  -0.121128 0.901951 -0.414503
vn  -0.121128 0.901951 -0.414503
vn  -0.121128 0.901951 -0.414503
vn  -0.121128 0.901951 -0.414503
vn  -0.103989 0.993833 0.038491
vn  -0.103989 0.993833 0.038491
vn  -0.103989 0.993833 0.038491
vn  -0.103989 0.993833 0.038491
vn  0.005192 0.469798 0.882759
vn  0.005192 0.469798 0.882759
vn  0.005192 0.469798 0.882759
vn  0.005192 0.469798 0.882759
vn  0.015080 -0.167748 0.985715
vn  0.015080 -0.167748 0.985715
vn  0.015080 -0.167748 0.985715
vn  0.015080 -0.167748 0.985715
vn  0.005983 -0.992692 0.120528
vn  -0.070034 -0.732743 -0.676892
vn  -0.112527 0.076757 -0.990680
vn  -0.046722 0.895023 -0.443566
vn  0.060263 0.998180 0.002131
vn  0.099257 0.452637 0.886153
vn  0.066864 -0.306214 0.949612
vn  -0.132914 -0.978399 0.158332
vn  -0.232205 -0.867544 -0.439828
vn  -0.289235 -0.081437 -0.953788
vn  -0.197896 0.849178 -0.489626
vn  -0.098405 0.994594 -0.033166
vn  0.200986 0.473169 0.857739
vn  0.139322 -0.506144 0.851121
vn  0.151875 -0.978005 0.142968
vn  0.151875 -0.978005 0.142968
vn  0.151875 -0.978005 0.142968
vn  0.151875 -0.978005 0.142968
vn  0.048028 -0.952281 -0.301420
vn  0.048028 -0.952281 -0.301420
vn  0.048028 -0.952281 -0.301420
vn  0.048028 -0.952281 -0.301420
vn  -0.000887 -0.125780 -0.992058
vn  -0.000887 -0.125780 -0.992058
vn  -0.000887 -0.125780 -0.992058
vn  -0.000887 -0.125780 -0.992058
vn  0.028576 0.800774 -0.598285
vn  0.028576 0.800774 -0.598285
vn  0.028576 0.800774 -0.598285
vn  0.028576 0.800774 -0.598285
vn  0.115464 0.991911 -0.052737
vn  0.115464 0.991911 -0.052737
vn  0.115464 0.991911 -0.052737
vn  0.115464 0.991911 -0.052737
vn  0.321681 0.555742 0.766598
vn  0.321681 0.555742 0.766598
vn  0.321681 0.555742 0.766598
vn  0.321681 0.555742 0.766598
vn  0.392800 -0.571390 0.720570
vn  0.392800 -0.571390 0.720570
vn  0.392800 -0.571390 0.720570
vn  0.392800 -0.571390 0.720570
vn  0.032363 -0.998198 0.050540
vn  0.032363 -0.998198 0.050540
vn  0.032363 -0.998198 0.050540
vn  0.032363 -0.998198 0.050540
vn  -0.146629 -0.968003 -0.203641
vn  -0.146629 -0.968003 -0.203641
vn  -0.146629 -0.968003 -0.203641
vn  -0.146629 -0.968003 -0.203641
vn  -0.352790 -0.121296 -0.927807
vn  -0.352790 -0.121296 -0.927807
vn  -0.352790 -0.121296 -0.927807
vn  -0.352790 -0.121296 -0.927807
vn  -0.329332 0.694454 -0.639745
vn  -0.329332 0.694454 -0.639745
vn  -0.329332 0.694454 -0.639745
vn  -0.329332 0.694454 -0.639745
vn  -0.176105 0.980106 0.091536
vn  -0.176105 0.980106 0.091536
vn  -0.176105 0.980106 0.091536
vn  -0.176105 0.980106 0.091536
vn  0.091856 0.583303 0.807044
vn  0.091856 0.583303 0.807044
vn  0.091856 0.583303 0.807044
vn  0.183053 -0.687259 0.702970
vn  0.183053 -0.687259 0.702970
vn  0.183053 -0.687259 0.702970
vn  -0.049580 -0.183425 -0.981783
vn  -0.049580 -0.183425 -0.981783
vn  -0.049580 -0.183425 -0.981783
vn  -0.144157 0.730599 -0.667416
vn  -0.144157 0.730599 -0.667416
vn  -0.144157 0.730599 -0.667416
vn  -0.268713 0.950441 0.156386
vn  -0.268713 0.950441 0.156386
vn  -0.268713 0.950441 0.156386
vn  -0.029433 -0.729488 -0.683360
vn  -0.029433 -0.729488 -0.683360
vn  -0.029433 -0.729488 -0.683360
vn  0.102154 -0.975914 -0.192762
vn  0.102154 -0.975914 -0.192762
vn  0.102154 -0.975914 -0.192762
vn  0.102154 -0.975914 -0.192762
vn  0.038488 0.586478 0.809050
vn  0.038488 0.586478 0.809050
vn  0.038488 0.586478 0.809050
vn  0.421672 -0.873992 -0.241518
vn  0.421672 -0.873992 -0.241518
vn  0.421672 -0.873992 -0.241518
vn  -0.345624 0.765992 0.542034
vn  -0.345624 0.765992 0.542034
vn  -0.345624 0.765992 0.542034
vn  0.530087 -0.238239 0.813787
vn  0.530087 -0.238239 0.813787
vn  0.530087 -0.238239 0.813787
vn  -0.262543 0.847382 0.461536
vn  -0.262543 0.847382 0.461536
vn  -0.262543 0.847382 0.461536
vn  -0.841051 -0.441038 0.313240
vn  -0.841051 -0.441038 0.313240
vn  -0.841051 -0.441038 0.313240
vn  -0.841051 -0.441038 0.313240
vn  0.803269 -0.148029 0.576929
vn  0.803269 -0.148029 0.576929
vn  0.803268 -0.148029 0.576929
vn  0.803268 -0.148029 0.576929
vn  0.042034 -0.920113 -0.389391
vn  0.042034 -0.920113 -0.389391
vn  0.042033 -0.920113 -0.389391
vn  -0.506944 0.841763 0.185588
vn  -0.506944 0.841763 0.185588
vn  -0.506944 0.841763 0.185588
vn  0.235062 -0.253795 0.938261
vn  0.235062 -0.253795 0.938261
vn  0.235062 -0.253795 0.938261
vn  -0.470255 0.773666 0.424619
vn  -0.470255 0.773666 0.424619
vn  -0.470255 0.773666 0.424619
vn  0.457565 -0.838069 -0.297111
vn  0.457565 -0.838069 -0.297111
vn  0.457565 -0.838069 -0.297111
vn  -0.886525 -0.461924 0.026445
vn  -0.886525 -0.461924 0.026445
vn  -0.886525 -0.461924 0.026445
vn  -0.682681 -0.687182 0.248450
vn  -0.682681 -0.687182 0.248450
vn  -0.682681 -0.687182 0.248450
vn  -0.682681 -0.687182 0.248450
vn  -0.541393 0.740280 -0.398597
vn  -0.541393 0.740280 -0.398597
vn  -0.541393 0.740280 -0.398597
vn  0.264411 -0.595980 -0.758218
vn  0.264411 -0.595980 -0.758218
vn  0.264411 -0.595980 -0.758218
vn  0.487738 -0.861252 0.142677
vn  0.487738 -0.861252 0.142677
vn  0.487738 -0.861252 0.142677
vn  0.500989 -0.818678 -0.280672
vn  0.500989 -0.818678 -0.280672
vn  0.500989 -0.818678 -0.280673
vn  -0.808797 -0.555092 -0.194219
vn  -0.808797 -0.555092 -0.194219
vn  -0.808797 -0.555092 -0.194219
vn  0.003487 -0.248551 -0.968613
vn  0.003487 -0.248551 -0.968613
vn  0.003487 -0.248551 -0.968613
vn  0.003487 -0.248551 -0.968613
vn  -0.040545 0.401683 0.914881
vn  -0.040545 0.401683 0.914881
vn  -0.040545 0.401683 0.914881
vn  -0.040545 0.401683 0.914881
vn  -0.543697 0.218993 0.810207
vn  -0.543697 0.218993 0.810207
vn  -0.543697 0.218993 0.810207
vn  -0.096126 0.366608 0.925396
vn  -0.096126 0.366608 0.925396
vn  -0.096126 0.366608 0.925396
vn  -0.096126 0.366608 0.925396
vn  0.238743 0.624174 0.743914
vn  0.238743 0.624174 0.743914
vn  0.238743 0.624174 0.743914
vn  -0.045236 0.586132 0.808952
vn  -0.045236 0.586132 0.808952
vn  -0.045236 0.586132 0.808952
vn  -0.087250 0.324377 -0.941895
vn  -0.087250 0.324377 -0.941895
vn  -0.087250 0.324377 -0.941895
vn  0.009700 0.376192 -0.926491
vn  -0.656261 -0.267802 0.705410
vn  -0.816639 -0.301451 0.492167
vn  -0.262834 -0.128034 0.956308
vn  -0.262834 -0.128034 0.956308
vn  -0.262834 -0.128034 0.956308
vn  -0.938404 0.075601 0.337169
vn  -0.968490 -0.022739 0.248013
vn  -0.968490 -0.022739 0.248013
vn  -0.968490 -0.022739 0.248013
vn  -0.990417 -0.119620 -0.069029
vn  -0.990417 -0.119620 -0.069029
vn  -0.990417 -0.119620 -0.069029
vn  -0.887613 -0.262460 -0.378495
vn  -0.925346 -0.121206 0.359226
vn  -0.925346 -0.121206 0.359226
vn  -0.925346 -0.121206 0.359226
vn  -0.925346 -0.121206 0.359226
vn  -0.351577 -0.480165 -0.803639
vn  -0.351577 -0.480165 -0.803639
vn  -0.351577 -0.480165 -0.803639
vn  -0.351577 -0.480165 -0.803639
vn  -0.264477 -0.925666 0.270544
vn  -0.264477 -0.925666 0.270544
vn  -0.264477 -0.925666 0.270544
vn  -0.385544 0.051431 -0.921255
vn  -0.715868 0.124429 0.687059
vn  -0.715868 0.124429 0.687059
vn  -0.715868 0.124429 0.687059
vn  -0.715868 0.124429 0.687059
vn  -0.990212 0.103013 -0.094172
vn  -0.990212 0.103013 -0.094172
vn  -0.990212 0.103013 -0.094172
vn  -0.990212 0.103013 -0.094172
vn  0.648412 0.006582 0.761261
vn  0.648412 0.006582 0.761261
vn  0.648412 0.006582 0.761261
vn  0.648412 0.006582 0.761261
vn  0.982263 0.082376 -0.168446
vn  0.708234 0.013337 -0.705852
vn  -0.457836 -0.633040 -0.624217
vn  -0.457836 -0.633040 -0.624217
vn  -0.457836 -0.633039 -0.624217
vn  -0.457836 -0.633039 -0.624217
vn  -0.591252 -0.309339 0.744803
vn  -0.591252 -0.309339 0.744803
vn  -0.591252 -0.309339 0.744803
vn  -0.996431 -0.084390 0.001779
vn  -0.996431 -0.084390 0.001779
vn  -0.996431 -0.084390 0.001779
vn  -0.996431 -0.084390 0.001779
vn  0.594212 -0.335595 0.730950
vn  0.594212 -0.335595 0.730950
vn  0.594212 -0.335595 0.730950
vn  0.594212 -0.335595 0.730950
vn  0.930036 -0.362857 0.058034
vn  0.930036 -0.362857 0.058034
vn  0.930036 -0.362857 0.058034
vn  0.930036 -0.362857 0.058034
vn  0.715313 0.028009 -0.698243
vn  0.715313 0.028009 -0.698243
vn  0.715313 0.028009 -0.698243
vn  0.715313 0.028009 -0.698243
vn  -0.656885 0.046734 -0.752541
vn  -0.997099 -0.051307 0.056223
vn  -0.997099 -0.051307 0.056223
vn  -0.997099 -0.051307 0.056223
vn  -0.997099 -0.051307 0.056223
vn  0.995585 0.081731 0.046166
vn  0.642805 -0.110935 -0.757955
vn  -0.486194 0.780115 0.393747
vn  -0.486194 0.780115 0.393747
vn  -0.486194 0.780115 0.393747
vn  0.670760 0.674993 0.307353
vn  0.670760 0.674993 0.307353
vn  0.670760 0.674993 0.307353
vn  0.670760 0.674993 0.307353
vn  -0.986929 0.152870 -0.051007
vn  -0.986929 0.152870 -0.051007
vn  -0.986929 0.152870 -0.051007
vn  -0.986929 0.152870 -0.051007
vn  0.995243 0.029385 0.092889
vn  0.995243 0.029385 0.092889
vn  0.995243 0.029385 0.092889
vn  0.995243 0.029385 0.092889
vn  -0.385765 0.887848 0.250821
vn  -0.385765 0.887848 0.250821
vn  -0.385765 0.887848 0.250821
vn  -0.385765 0.887848 0.250821
vn  0.423139 0.846893 0.322065
vn  0.423139 0.846893 0.322065
vn  0.423139 0.846893 0.322065
vn  0.423139 0.846893 0.322065
vn  -0.936222 0.351389 -0.003801
vn  -0.936222 0.351389 -0.003801
vn  -0.936222 0.351389 -0.003801
vn  -0.936222 0.351389 -0.003801
vn  0.988604 0.117167 0.094522
vn  0.988604 0.117167 0.094522
vn  0.988604 0.117167 0.094522
vn  0.988604 0.117167 0.094522
vn  -0.492115 0.766603 0.412483
vn  -0.492115 0.766603 0.412483
vn  -0.492115 0.766603 0.412483
vn  0.068490 0.831134 0.551838
vn  0.068490 0.831134 0.551838
vn  0.068490 0.831134 0.551838
vn  0.068490 0.831134 0.551838
vn  -0.773457 0.323068 0.545336
vn  -0.773457 0.323068 0.545336
vn  -0.773457 0.323068 0.545336
vn  -0.773457 0.323068 0.545336
vn  0.931224 0.263169 0.252120
vn  0.931224 0.263169 0.252120
vn  0.931224 0.263169 0.252120
vn  0.931224 0.263169 0.252120
vn  -0.157153 0.062423 0.985600
vn  -0.157153 0.062423 0.985600
vn  -0.157153 0.062423 0.985600
vn  -0.157153 0.062423 0.985600
vn  -0.938621 -0.330944 -0.097299
vn  -0.938621 -0.330944 -0.097299
vn  -0.938621 -0.330944 -0.097299
vn  -0.938621 -0.330944 -0.097299
vn  -0.884457 -0.392998 -0.251571
vn  -0.884457 -0.392998 -0.251571
vn  -0.884457 -0.392998 -0.251571
vn  -0.884457 -0.392998 -0.251571
vn  0.809133 -0.587309 0.019300
vn  0.809133 -0.587309 0.019300
vn  0.809133 -0.587309 0.019300
vn  0.809133 -0.587309 0.019300
vn  -0.799242 -0.600746 -0.017776
vn  -0.799242 -0.600746 -0.017776
vn  -0.799242 -0.600746 -0.017776
vn  -0.799242 -0.600746 -0.017776
vn  0.869793 -0.479265 -0.117324
vn  0.869794 -0.479265 -0.117324
vn  0.869793 -0.479265 -0.117324
vn  0.869793 -0.479265 -0.117324
vn  -0.619360 -0.629487 0.469190
vn  -0.619360 -0.629487 0.469190
vn  -0.619360 -0.629487 0.469190
vn  -0.619360 -0.629487 0.469190
vn  0.911577 -0.315280 0.263866
vn  0.911577 -0.315280 0.263866
vn  0.911577 -0.315280 0.263866
vn  0.911577 -0.315280 0.263866
vn  -0.141888 -0.661836 0.736098
vn  -0.141888 -0.661836 0.736098
vn  -0.141888 -0.661836 0.736098
vn  -0.141888 -0.661836 0.736098
vn  -0.019421 -0.999700 0.014943
vn  -0.019421 -0.999700 0.014943
vn  -0.019421 -0.999700 0.014943
vn  -0.019421 -0.999700 0.014943
vn  -0.010558 -0.999898 -0.009598
vn  -0.010558 -0.999898 -0.009598
vn  -0.010558 -0.999898 -0.009598
vn  -0.010558 -0.999898 -0.009598
vn  -0.006981 -0.999870 0.014560
vn  -0.006981 -0.999870 0.014560
vn  -0.006981 -0.999870 0.014560
vn  -0.006981 -0.999870 0.014560
vn  -0.059758 0.018965 -0.998033
vn  -0.059758 0.018965 -0.998033
vn  -0.059758 0.018965 -0.998033
vn  -0.059758 0.018965 -0.998033
vn  -0.471874 0.004972 0.881652
vn  -0.471874 0.004972 0.881652
vn  -0.471874 0.004972 0.881652
vn  -0.771021 -0.006080 0.636781
vn  -0.771021 -0.006080 0.636781
vn  -0.771021 -0.006080 0.636781
vn  -0.988937 -0.020342 -0.146934
vn  -0.988937 -0.020342 -0.146934
vn  -0.988937 -0.020342 -0.146934
vn  0.069318 -0.971065 0.228533
vn  0.069318 -0.971065 0.228533
vn  0.069318 -0.971065 0.228533
vn  0.069318 -0.971065 0.228533
vn  0.019726 -0.674973 -0.737579
vn  0.019726 -0.674973 -0.737579
vn  0.019726 -0.674973 -0.737579
vn  0.019726 -0.674973 -0.737579
vn  0.015205 0.221283 -0.975091
vn  0.015205 0.221283 -0.975091
vn  0.015205 0.221283 -0.975091
vn  0.015205 0.221283 -0.975091
vn  -0.009625 0.908849 -0.417013
vn  -0.009625 0.908849 -0.417013
vn  -0.009625 0.908849 -0.417013
vn  -0.009625 0.908849 -0.417013
vn  0.030901 0.990985 0.130362
vn  0.030901 0.990985 0.130362
vn  0.030901 0.990985 0.130362
vn  0.030901 0.990985 0.130362
vn  0.068666 0.501616 0.862361
vn  0.068666 0.501616 0.862361
vn  0.068666 0.501616 0.862361
vn  0.068666 0.501616 0.862361
vn  0.068522 -0.186776 0.980010
vn  0.068522 -0.186776 0.980010
vn  0.068522 -0.186776 0.980010
vn  0.068522 -0.186776 0.980010
vn  -0.999026 -0.043109 0.009417
vn  -0.625452 -0.066232 0.777447
vn  0.492042 -0.027985 0.870122
vn  0.492042 -0.027985 0.870122
vn  0.492042 -0.027985 0.870122
vn  0.492042 -0.027985 0.870122
vn  0.993717 -0.023172 -0.109500
vn  -0.167211 -0.126743 -0.977741
vn  -0.167211 -0.126743 -0.977741
vn  -0.167211 -0.126743 -0.977741
vn  -0.167211 -0.126743 -0.977741
vn  -0.096902 -0.292112 -0.951462
vn  -0.096902 -0.292112 -0.951462
vn  -0.096902 -0.292112 -0.951462
vn  -0.096902 -0.292112 -0.951462
vn  0.059397 0.080588 0.994976
vn  0.059397 0.080588 0.994976
vn  0.059397 0.080588 0.994976
vn  0.626461 0.007524 0.779416
vn  0.626461 0.007524 0.779416
vn  0.626461 0.007524 0.779416
vn  0.626461 0.007524 0.779416
vn  0.995777 0.088447 0.024614
vn  0.995777 0.088447 0.024614
vn  0.995777 0.088447 0.024614
vn  0.995777 0.088447 0.024614
vn  0.657613 -0.284426 0.697601
vn  0.657613 -0.284426 0.697601
vn  0.657613 -0.284426 0.697601
vn  0.657613 -0.284426 0.697601
vn  0.320665 0.237206 -0.917010
vn  0.320665 0.237206 -0.917010
vn  0.320665 0.237206 -0.917010
vn  0.320665 0.237206 -0.917010
vn  -0.365963 -0.295358 0.882516
vn  -0.365963 -0.295358 0.882516
vn  -0.365963 -0.295358 0.882516
vn  -0.365962 -0.295358 0.882516
vn  -0.981675 -0.090727 0.167580
vn  -0.981675 -0.090727 0.167580
vn  -0.981675 -0.090727 0.167580
vn  -0.981675 -0.090727 0.167580
vn  -0.555029 0.121844 -0.822859
vn  -0.555029 0.121844 -0.822859
vn  -0.555029 0.121844 -0.822859
vn  -0.555029 0.121844 -0.822859
vn  0.999023 0.017410 -0.040630
vn  0.999023 0.017410 -0.040630
vn  0.999023 0.017410 -0.040630
vn  0.999023 0.017410 -0.040630
vn  0.683846 -0.043451 0.728332
vn  0.683846 -0.043451 0.728332
vn  0.683846 -0.043451 0.728332
vn  0.683846 -0.043451 0.728332
vn  0.283224 0.112416 -0.952443
vn  0.283224 0.112416 -0.952443
vn  0.283224 0.112416 -0.952443
vn  0.283224 0.112416 -0.952443
vn  -0.380379 -0.305877 0.872784
vn  -0.380379 -0.305877 0.872784
vn  -0.380379 -0.305877 0.872784
vn  -0.380379 -0.305877 0.872784
vn  -0.973522 -0.185020 0.134249
vn  -0.973522 -0.185020 0.134249
vn  -0.973522 -0.185020 0.134249
vn  -0.973522 -0.185020 0.134249
vn  -0.515076 -0.084646 -0.852955
vn  -0.515076 -0.084646 -0.852955
vn  -0.515076 -0.084646 -0.852955
vn  -0.515076 -0.084646 -0.852955
vn  0.999957 0.008172 -0.004491
vn  0.999957 0.008172 -0.004490
vn  0.999957 0.008172 -0.004490
vn  0.999957 0.008172 -0.004491
vn  0.682005 -0.020685 0.731055
vn  0.682005 -0.020685 0.731055
vn  0.682005 -0.020685 0.731055
vn  0.682005 -0.020685 0.731055
vn  0.279715 0.040258 -0.959239
vn  0.279715 0.040258 -0.959239
vn  0.279715 0.040258 -0.959239
vn  0.279715 0.040258 -0.959239
vn  -0.365992 -0.081925 0.927005
vn  -0.365992 -0.081925 0.927005
vn  -0.365992 -0.081925 0.927005
vn  -0.365992 -0.081925 0.927005
vn  -0.992295 -0.100674 0.072215
vn  -0.992295 -0.100674 0.072215
vn  -0.992295 -0.100674 0.072215
vn  -0.992295 -0.100674 0.072215
vn  -0.550281 0.014045 -0.834862
vn  -0.550281 0.014045 -0.834862
vn  -0.550281 0.014045 -0.834862
vn  -0.550281 0.014045 -0.834862
vn  -0.987702 -0.153666 -0.028839
vn  -0.597080 -0.154386 -0.787185
vn  0.080930 -0.026164 0.996376
vn  0.080930 -0.026164 0.996376
vn  0.080930 -0.026164 0.996376
vn  0.080930 -0.026164 0.996376
vn  0.481637 -0.001214 0.876370
vn  0.481637 -0.001214 0.876370
vn  0.481637 -0.001214 0.876370
vn  0.481637 -0.001214 0.876370
vn  0.830374 0.011089 0.557096
vn  0.830374 0.011089 0.557096
vn  0.830374 0.011089 0.557096
vn  0.830374 0.011089 0.557096
vn  0.964251 -0.145773 -0.221291
vn  0.964251 -0.145773 -0.221291
vn  0.964251 -0.145773 -0.221291
vn  0.964251 -0.145773 -0.221291
vn  0.229249 -0.162424 -0.959721
vn  0.229249 -0.162424 -0.959721
vn  0.229249 -0.162424 -0.959721
vn  0.229249 -0.162424 -0.959721
vn  0.131271 0.036296 0.990682
vn  0.131271 0.036296 0.990682
vn  0.131271 0.036296 0.990682
vn  0.131271 0.036296 0.990682
vn  0.578119 -0.075703 0.812433
vn  0.578119 -0.075703 0.812433
vn  0.578119 -0.075703 0.812433
vn  0.578119 -0.075703 0.812433
vn  0.890095 -0.050976 0.452915
vn  0.890095 -0.050976 0.452915
vn  0.890095 -0.050976 0.452915
vn  0.890095 -0.050976 0.452915
vn  0.975281 -0.138665 -0.172045
vn  0.975281 -0.138665 -0.172045
vn  0.975281 -0.138665 -0.172045
vn  0.975281 -0.138665 -0.172045
vn  0.242997 -0.251185 -0.936941
vn  0.242997 -0.251185 -0.936941
vn  0.242997 -0.251185 -0.936941
vn  0.242997 -0.251185 -0.936941
vn  -0.004546 -0.042835 0.999072
vn  -0.004546 -0.042835 0.999072
vn  -0.004546 -0.042835 0.999072
vn  -0.004546 -0.042835 0.999072
vn  0.629524 -0.034582 0.776211
vn  0.629524 -0.034582 0.776211
vn  0.629524 -0.034582 0.776211
vn  0.629524 -0.034582 0.776211
vn  0.888131 -0.161357 0.430333
vn  0.888131 -0.161357 0.430333
vn  0.888131 -0.161357 0.430333
vn  0.888131 -0.161357 0.430333
vn  0.926076 -0.372594 0.059632
vn  0.926076 -0.372594 0.059632
vn  0.926076 -0.372594 0.059632
vn  0.926076 -0.372594 0.059632
vn  0.211282 -0.143244 -0.966872
vn  0.211282 -0.143244 -0.966872
vn  0.211282 -0.143244 -0.966872
vn  0.211282 -0.143244 -0.966872
vn  0.106426 0.034403 0.993725
vn  0.106426 0.034403 0.993725
vn  0.106426 0.034403 0.993725
vn  0.106426 0.034403 0.993725
vn  0.078769 -0.023521 0.996615
vn  0.078769 -0.023521 0.996615
vn  0.078769 -0.023521 0.996615
vn  0.419981 -0.248328 -0.872897
vn  0.419981 -0.248328 -0.872897
vn  0.419981 -0.248328 -0.872897
vn  0.066264 0.236841 -0.969286
vn  0.066264 0.236841 -0.969286
vn  0.066264 0.236841 -0.969286
vn  0.827852 0.072799 0.556203
vn  0.827852 0.072799 0.556203
vn  0.827852 0.072799 0.556203
vn  0.012536 0.247593 -0.968783
vn  0.012536 0.247592 -0.968783
vn  0.012536 0.247592 -0.968783
vn  -0.013962 0.882627 -0.469867
vn  -0.013962 0.882627 -0.469867
vn  -0.013962 0.882627 -0.469867
vn  -0.013962 0.882627 -0.469867
vn  -0.027831 0.923508 0.382569
vn  -0.027831 0.923508 0.382569
vn  -0.027831 0.923508 0.382569
vn  -0.027831 0.923508 0.382569
vn  0.052481 0.634043 0.771515
vn  0.052481 0.634043 0.771515
vn  0.052481 0.634043 0.771515
vn  -0.004988 0.634156 0.773189
vn  0.012991 -0.290626 0.956749
vn  0.822192 -0.561110 0.095692
vn  0.702483 -0.342572 -0.623828
vn  0.510119 0.120854 -0.851571
vn  0.550267 0.680472 -0.483906
vn  0.550267 0.680472 -0.483906
vn  0.550267 0.680472 -0.483906
vn  0.550267 0.680472 -0.483906
vn  0.689848 0.723361 0.029278
vn  0.689848 0.723361 0.029278
vn  0.689848 0.723361 0.029278
vn  0.689848 0.723361 0.029278
vn  0.745162 0.451957 0.490376
vn  0.745162 0.451957 0.490376
vn  0.745162 0.451957 0.490376
vn  0.745162 0.451957 0.490376
vn  0.814021 -0.144307 0.562623
vn  0.155199 -0.970601 0.183978
vn  0.155199 -0.970601 0.183978
vn  0.155199 -0.970601 0.183978
vn  0.155199 -0.970601 0.183978
vn  0.132895 -0.633751 -0.762036
vn  0.132895 -0.633751 -0.762036
vn  0.132895 -0.633751 -0.762036
vn  0.132895 -0.633751 -0.762036
vn  0.027230 0.169341 -0.985181
vn  0.027230 0.169341 -0.985181
vn  0.027230 0.169341 -0.985181
vn  0.027230 0.169341 -0.985181
vn  0.121130 0.901950 -0.414503
vn  0.121131 0.901950 -0.414503
vn  0.121130 0.901950 -0.414503
vn  0.121131 0.901950 -0.414503
vn  0.103991 0.993833 0.038491
vn  0.103991 0.993833 0.038491
vn  0.103991 0.993833 0.038491
vn  0.103991 0.993833 0.038491
vn  -0.005191 0.469798 0.882759
vn  -0.005191 0.469798 0.882759
vn  -0.005191 0.469798 0.882759
vn  -0.005191 0.469798 0.882759
vn  -0.015080 -0.167748 0.985715
vn  -0.015080 -0.167747 0.985715
vn  -0.015080 -0.167748 0.985715
vn  -0.015080 -0.167748 0.985715
vn  -0.005985 -0.992692 0.120528
vn  -0.005985 -0.992692 0.120528
vn  -0.005985 -0.992692 0.120528
vn  -0.005985 -0.992692 0.120528
vn  0.070032 -0.732744 -0.676892
vn  0.070032 -0.732744 -0.676892
vn  0.070032 -0.732744 -0.676892
vn  0.070032 -0.732744 -0.676892
vn  0.112527 0.076757 -0.990680
vn  0.112527 0.076757 -0.990680
vn  0.112527 0.076757 -0.990680
vn  0.112527 0.076757 -0.990680
vn  0.046724 0.895023 -0.443566
vn  0.046724 0.895023 -0.443566
vn  0.046724 0.895023 -0.443566
vn  0.046724 0.895023 -0.443566
vn  -0.060260 0.998180 0.002131
vn  -0.060260 0.998180 0.002131
vn  -0.060260 0.998180 0.002131
vn  -0.060260 0.998180 0.002131
vn  -0.099256 0.452638 0.886153
vn  -0.099256 0.452638 0.886153
vn  -0.099256 0.452638 0.886153
vn  -0.099256 0.452638 0.886153
vn  -0.066865 -0.306213 0.949612
vn  -0.066865 -0.306213 0.949612
vn  -0.066865 -0.306213 0.949612
vn  -0.066865 -0.306213 0.949612
vn  -0.151878 -0.978005 0.142968
vn  -0.151878 -0.978005 0.142968
vn  -0.151878 -0.978005 0.142968
vn  -0.151878 -0.978005 0.142968
vn  -0.048030 -0.952281 -0.301420
vn  -0.048030 -0.952281 -0.301420
vn  -0.048030 -0.952281 -0.301420
vn  -0.048030 -0.952281 -0.301420
vn  0.000886 -0.125780 -0.992058
vn  0.000886 -0.125780 -0.992058
vn  0.000886 -0.125780 -0.992058
vn  0.000886 -0.125780 -0.992058
vn  -0.028574 0.800774 -0.598285
vn  -0.028574 0.800774 -0.598285
vn  -0.028574 0.800774 -0.598285
vn  -0.028574 0.800774 -0.598285
vn  -0.115461 0.991911 -0.052737
vn  -0.115461 0.991911 -0.052737
vn  -0.115461 0.991911 -0.052737
vn  -0.115461 0.991911 -0.052737
vn  -0.321679 0.555742 0.766598
vn  -0.321679 0.555742 0.766598
vn  -0.321679 0.555742 0.766598
vn  -0.321679 0.555742 0.766598
vn  -0.392802 -0.571389 0.720570
vn  -0.392802 -0.571389 0.720570
vn  -0.392802 -0.571389 0.720570
vn  -0.392802 -0.571389 0.720570
vn  -0.032366 -0.998197 0.050540
vn  -0.032366 -0.998197 0.050540
vn  -0.032366 -0.998197 0.050540
vn  -0.032366 -0.998197 0.050540
vn  0.146627 -0.968004 -0.203641
vn  0.146627 -0.968004 -0.203641
vn  0.146627 -0.968004 -0.203641
vn  0.146627 -0.968004 -0.203641
vn  0.352790 -0.121297 -0.927807
vn  0.352790 -0.121297 -0.927807
vn  0.352790 -0.121297 -0.927807
vn  0.352790 -0.121297 -0.927807
vn  0.329334 0.694453 -0.639745
vn  0.329334 0.694453 -0.639745
vn  0.329334 0.694453 -0.639745
vn  0.329334 0.694453 -0.639745
vn  0.176108 0.980106 0.091536
vn  0.176108 0.980106 0.091536
vn  0.176108 0.980106 0.091536
vn  0.176108 0.980106 0.091536
vn  -0.091854 0.583303 0.807044
vn  -0.091854 0.583303 0.807044
vn  -0.091854 0.583303 0.807044
vn  -0.091854 0.583303 0.807044
vn  -0.183055 -0.687258 0.702970
vn  -0.183055 -0.687258 0.702970
vn  -0.183055 -0.687258 0.702970
vn  -0.183055 -0.687258 0.702970
vn  0.049580 -0.183425 -0.981783
vn  0.049580 -0.183425 -0.981783
vn  0.049580 -0.183425 -0.981783
vn  0.049580 -0.183425 -0.981783
vn  0.144159 0.730598 -0.667416
vn  0.144159 0.730598 -0.667416
vn  0.144159 0.730598 -0.667416
vn  0.144159 0.730598 -0.667416
vn  0.268715 0.950440 0.156386
vn  0.268715 0.950440 0.156386
vn  0.268715 0.950440 0.156386
vn  0.268715 0.950440 0.156386
vn  -0.745428 -0.378801 0.548495
vn  -0.745428 -0.378801 0.548495
vn  -0.745428 -0.378801 0.548495
vn  0.029431 -0.729488 -0.683360
vn  0.029431 -0.729488 -0.683360
vn  0.029431 -0.729488 -0.683360
vn  -0.102156 -0.975913 -0.192762
vn  -0.102156 -0.975913 -0.192762
vn  -0.102156 -0.975913 -0.192762
vn  -0.421675 -0.873991 -0.241518
vn  -0.421675 -0.873991 -0.241518
vn  -0.421675 -0.873991 -0.241518
vn  -0.453296 -0.287745 0.843638
vn  -0.453296 -0.287745 0.843638
vn  -0.453296 -0.287745 0.843638
vn  0.345626 0.765991 0.542034
vn  0.345626 0.765991 0.542034
vn  0.345626 0.765991 0.542034
vn  0.841049 -0.441040 0.313240
vn  0.841049 -0.441040 0.313240
vn  0.841049 -0.441040 0.313240
vn  0.164972 0.762060 0.626138
vn  0.164972 0.762060 0.626138
vn  0.164972 0.762060 0.626138
vn  -0.803269 -0.148027 0.576929
vn  -0.803269 -0.148027 0.576929
vn  -0.803269 -0.148027 0.576929
vn  -0.803269 -0.148027 0.576929
vn  -0.042036 -0.920113 -0.389391
vn  -0.042036 -0.920113 -0.389391
vn  -0.042036 -0.920113 -0.389391
vn  0.506946 0.841762 0.185588
vn  0.506946 0.841762 0.185588
vn  0.506946 0.841762 0.185588
vn  -0.457567 -0.838068 -0.297111
vn  -0.457567 -0.838068 -0.297111
vn  -0.457567 -0.838068 -0.297111
vn  0.886524 -0.461927 0.026445
vn  0.886524 -0.461927 0.026445
vn  0.886524 -0.461927 0.026445
vn  0.682679 -0.687184 0.248450
vn  0.682679 -0.687184 0.248450
vn  0.682679 -0.687184 0.248450
vn  0.682679 -0.687184 0.248450
vn  0.541395 0.740278 -0.398597
vn  0.541395 0.740278 -0.398597
vn  0.541395 0.740278 -0.398597
vn  0.541395 0.740278 -0.398597
vn  -0.264412 -0.595979 -0.758218
vn  -0.264412 -0.595979 -0.758218
vn  -0.264412 -0.595979 -0.758218
vn  -0.500991 -0.818676 -0.280673
vn  -0.500991 -0.818676 -0.280673
vn  -0.500991 -0.818676 -0.280673
vn  -0.500991 -0.818676 -0.280672
vn  0.808795 -0.555094 -0.194219
vn  0.808795 -0.555094 -0.194219
vn  0.808795 -0.555094 -0.194219
vn  -0.003488 -0.248551 -0.968613
vn  -0.003488 -0.248551 -0.968613
vn  -0.003488 -0.248551 -0.968613
vn  -0.003488 -0.248551 -0.968613
vn  0.040546 0.401683 0.914881
vn  0.040546 0.401683 0.914881
vn  0.040546 0.401683 0.914881
vn  0.040546 0.401683 0.914881
vn  0.543698 0.218991 0.810207
vn  0.543698 0.218991 0.810207
vn  0.543698 0.218991 0.810207
vn  0.543698 0.218991 0.810207
vn  0.096127 0.366608 0.925396
vn  0.096127 0.366608 0.925396
vn  0.096127 0.366608 0.925396
vn  0.096127 0.366608 0.925396
vn  -0.238742 0.624175 0.743914
vn  -0.238742 0.624175 0.743914
vn  -0.238742 0.624175 0.743914
vn  -0.238742 0.624175 0.743914
vn  0.283089 0.469330 0.836415
vn  0.283089 0.469330 0.836415
vn  0.283089 0.469330 0.836415
vn  0.045237 0.586132 0.808952
vn  0.045237 0.586132 0.808952
vn  0.045237 0.586132 0.808952
vn  0.045237 0.586132 0.808952
vn  0.087251 0.324377 -0.941895
vn  0.087251 0.324377 -0.941895
vn  0.087251 0.324377 -0.941895
vn  0.087251 0.324377 -0.941895
vn  -0.009699 0.376192 -0.926491
vn  -0.009699 0.376192 -0.926491
vn  -0.009699 0.376192 -0.926491
vn  0.656260 -0.267804 0.705410
vn  0.262834 -0.128035 0.956308
vn  0.262834 -0.128035 0.956308
vn  0.262834 -0.128035 0.956308
vn  0.262834 -0.128035 0.956308
vn  0.968490 -0.022742 0.248013
vn  0.968490 -0.022742 0.248013
vn  0.968490 -0.022742 0.248013
vn  0.925346 -0.121209 0.359226
vn  0.351575 -0.480166 -0.803639
vn  0.264475 -0.925667 0.270544
vn  0.264475 -0.925667 0.270544
vn  0.264475 -0.925667 0.270544
vn  0.715869 0.124427 0.687059
vn  0.715869 0.124427 0.687059
vn  0.715869 0.124427 0.687059
vn  0.715869 0.124427 0.687059
vn  0.990213 0.103010 -0.094172
vn  -0.648412 0.006584 0.761261
vn  -0.648412 0.006584 0.761261
vn  -0.648412 0.006584 0.761261
vn  -0.648412 0.006584 0.761261
vn  -0.982263 0.082378 -0.168445
vn  0.457834 -0.633041 -0.624217
vn  0.457834 -0.633041 -0.624217
vn  0.457834 -0.633041 -0.624217
vn  0.457834 -0.633041 -0.624217
vn  0.591251 -0.309340 0.744803
vn  0.591251 -0.309340 0.744803
vn  0.591251 -0.309340 0.744803
vn  0.591251 -0.309340 0.744803
vn  0.996431 -0.084393 0.001779
vn  0.996431 -0.084393 0.001779
vn  0.996431 -0.084393 0.001779
vn  0.996431 -0.084393 0.001779
vn  -0.594213 -0.335593 0.730950
vn  -0.594213 -0.335593 0.730950
vn  -0.594213 -0.335593 0.730950
vn  -0.594213 -0.335593 0.730950
vn  -0.930037 -0.362854 0.058034
vn  -0.930037 -0.362854 0.058034
vn  -0.930037 -0.362854 0.058034
vn  -0.930037 -0.362854 0.058034
vn  -0.715313 0.028011 -0.698243
vn  -0.715313 0.028012 -0.698243
vn  -0.715313 0.028011 -0.698243
vn  -0.715313 0.028011 -0.698243
vn  0.656886 0.046732 -0.752541
vn  0.656886 0.046732 -0.752541
vn  0.656886 0.046732 -0.752541
vn  0.656886 0.046732 -0.752541
vn  0.997099 -0.051309 0.056223
vn  0.997099 -0.051309 0.056223
vn  0.997099 -0.051309 0.056223
vn  0.997099 -0.051309 0.056223
vn  -0.995584 0.081734 0.046166
vn  -0.995584 0.081734 0.046166
vn  -0.995584 0.081734 0.046166
vn  -0.995584 0.081734 0.046166
vn  -0.642805 -0.110934 -0.757955
vn  -0.642805 -0.110934 -0.757955
vn  -0.642805 -0.110934 -0.757955
vn  -0.642805 -0.110934 -0.757955
vn  0.486196 0.780113 0.393747
vn  0.486196 0.780113 0.393747
vn  0.486196 0.780113 0.393747
vn  -0.670758 0.674995 0.307353
vn  -0.670758 0.674995 0.307353
vn  -0.670758 0.674995 0.307353
vn  0.986929 0.152868 -0.051007
vn  0.986929 0.152867 -0.051007
vn  0.986929 0.152868 -0.051007
vn  0.986929 0.152867 -0.051007
vn  -0.995243 0.029388 0.092889
vn  -0.995243 0.029388 0.092889
vn  -0.995243 0.029388 0.092889
vn  -0.995243 0.029388 0.092889
vn  0.385768 0.887847 0.250822
vn  0.385768 0.887847 0.250822
vn  0.385768 0.887847 0.250822
vn  0.385768 0.887847 0.250822
vn  -0.423137 0.846894 0.322065
vn  -0.423137 0.846894 0.322065
vn  -0.423137 0.846894 0.322065
vn  -0.423137 0.846894 0.322065
vn  0.936223 0.351387 -0.003801
vn  0.936223 0.351387 -0.003801
vn  0.936223 0.351387 -0.003801
vn  0.936223 0.351387 -0.003801
vn  -0.988603 0.117169 0.094522
vn  -0.988603 0.117169 0.094522
vn  -0.988603 0.117169 0.094522
vn  -0.988603 0.117169 0.094522
vn  0.492117 0.766602 0.412483
vn  0.492117 0.766602 0.412483
vn  0.492117 0.766602 0.412483
vn  -0.068488 0.831134 0.551838
vn  -0.068488 0.831134 0.551838
vn  -0.068488 0.831134 0.551838
vn  -0.068488 0.831134 0.551838
vn  0.773458 0.323066 0.545336
vn  0.773458 0.323066 0.545336
vn  0.773458 0.323066 0.545336
vn  0.773458 0.323066 0.545336
vn  -0.931223 0.263171 0.252120
vn  -0.931223 0.263171 0.252119
vn  -0.931223 0.263171 0.252119
vn  -0.931223 0.263171 0.252119
vn  0.157153 0.062422 0.985600
vn  0.157153 0.062422 0.985600
vn  0.157153 0.062422 0.985600
vn  0.157153 0.062422 0.985600
vn  0.938620 -0.330947 -0.097299
vn  -0.946622 -0.295285 0.129277
vn  0.884456 -0.393000 -0.251571
vn  0.884456 -0.393000 -0.251571
vn  0.884456 -0.393000 -0.251571
vn  0.884456 -0.393000 -0.251571
vn  -0.809134 -0.587307 0.019300
vn  -0.809134 -0.587307 0.019300
vn  -0.809134 -0.587307 0.019300
vn  -0.809134 -0.587307 0.019300
vn  0.799241 -0.600748 -0.017776
vn  0.799241 -0.600748 -0.017776
vn  0.799241 -0.600748 -0.017776
vn  0.799241 -0.600748 -0.017776
vn  -0.869795 -0.479262 -0.117324
vn  -0.869795 -0.479262 -0.117324
vn  -0.869795 -0.479262 -0.117324
vn  -0.869795 -0.479262 -0.117324
vn  0.619358 -0.629489 0.469190
vn  0.619358 -0.629489 0.469190
vn  0.619358 -0.629489 0.469190
vn  0.619359 -0.629489 0.469190
vn  -0.911578 -0.315278 0.263866
vn  -0.911578 -0.315278 0.263866
vn  -0.911578 -0.315278 0.263866
vn  -0.911578 -0.315278 0.263866
vn  0.141886 -0.661837 0.736098
vn  0.141886 -0.661837 0.736098
vn  0.141886 -0.661837 0.736098
vn  0.141886 -0.661837 0.736098
vn  0.019418 -0.999700 0.014943
vn  0.019418 -0.999700 0.014943
vn  0.019418 -0.999700 0.014943
vn  0.019418 -0.999700 0.014943
vn  -0.002480 -0.999997 0.000069
vn  0.010555 -0.999898 -0.009598
vn  0.010555 -0.999898 -0.009598
vn  0.010555 -0.999898 -0.009598
vn  0.010555 -0.999898 -0.009598
vn  0.006978 -0.999870 0.014560
vn  0.006978 -0.999870 0.014560
vn  0.006978 -0.999870 0.014560
vn  0.006978 -0.999870 0.014560
vn  0.059758 0.018965 -0.998033
vn  0.270384 -0.560331 0.782893
vn  0.249814 0.162853 -0.954501
vn  0.249814 0.162853 -0.954501
vn  0.249814 0.162853 -0.954501
vn  0.086181 0.066793 -0.994038
vn  0.086181 0.066793 -0.994038
vn  0.086181 0.066793 -0.994038
vn  -0.069321 -0.971065 0.228533
vn  -0.069321 -0.971065 0.228533
vn  -0.069321 -0.971065 0.228533
vn  -0.069321 -0.971065 0.228533
vn  -0.019727 -0.674973 -0.737579
vn  -0.019727 -0.674973 -0.737579
vn  -0.019727 -0.674973 -0.737579
vn  -0.019727 -0.674973 -0.737579
vn  -0.015204 0.221283 -0.975091
vn  -0.015204 0.221283 -0.975091
vn  -0.015204 0.221283 -0.975091
vn  -0.015204 0.221283 -0.975091
vn  0.009628 0.908849 -0.417013
vn  0.009628 0.908849 -0.417013
vn  0.009628 0.908849 -0.417014
vn  0.009628 0.908849 -0.417013
vn  -0.030898 0.990985 0.130362
vn  -0.030898 0.990985 0.130362
vn  -0.030898 0.990985 0.130362
vn  -0.030898 0.990985 0.130362
vn  -0.068665 0.501616 0.862361
vn  -0.068665 0.501616 0.862361
vn  -0.068665 0.501616 0.862361
vn  -0.068665 0.501616 0.862361
vn  -0.068522 -0.186776 0.980010
vn  -0.068522 -0.186776 0.980010
vn  -0.068522 -0.186776 0.980010
vn  -0.068522 -0.186776 0.980010
vn  0.999026 -0.043112 0.009417
vn  0.625452 -0.066234 0.777447
vn  0.625452 -0.066234 0.777446
vn  0.625452 -0.066234 0.777447
vn  0.625452 -0.066234 0.777447
vn  -0.492042 -0.027984 0.870122
vn  0.167210 -0.126743 -0.977741
vn  0.167210 -0.126743 -0.977741
vn  0.167210 -0.126743 -0.977741
vn  0.167210 -0.126743 -0.977741
vn  0.096901 -0.292113 -0.951462
vn  0.096901 -0.292113 -0.951462
vn  0.096901 -0.292113 -0.951462
vn  0.096901 -0.292113 -0.951462
vn  -0.059397 0.080588 0.994976
vn  -0.059397 0.080588 0.994976
vn  -0.059397 0.080588 0.994976
vn  -0.059397 0.080588 0.994976
vn  -0.994237 0.104064 -0.025751
vn  -0.686850 -0.004690 0.726784
vn  -0.336343 -0.065079 -0.939488
vn  0.287646 -0.194570 0.937764
vn  -0.986012 0.153769 -0.064314
vn  -0.986012 0.153769 -0.064314
vn  -0.986012 0.153769 -0.064314
vn  -0.986012 0.153769 -0.064314
vn  -0.667746 0.106926 0.736670
vn  -0.667746 0.106926 0.736670
vn  -0.667746 0.106925 0.736670
vn  -0.667746 0.106926 0.736670
vn  -0.429422 -0.047546 -0.901852
vn  -0.429422 -0.047546 -0.901852
vn  -0.429422 -0.047546 -0.901852
vn  -0.429422 -0.047547 -0.901852
vn  0.282123 -0.143524 0.948582
vn  0.282123 -0.143524 0.948582
vn  0.282123 -0.143524 0.948582
vn  0.195471 -0.307910 0.931119
vn  0.195471 -0.307910 0.931119
vn  0.195471 -0.307910 0.931119
vn  -0.137722 -0.130819 0.981794
vn  -0.137722 -0.130819 0.981794
vn  -0.137722 -0.130819 0.981794
vn  -0.159569 0.010116 0.987135
vn  -0.159569 0.010116 0.987135
vn  -0.159569 0.010116 0.987135
vn  -0.159569 0.010116 0.987135
vn  -0.985834 0.141383 -0.090230
vn  -0.985834 0.141383 -0.090230
vn  -0.985834 0.141383 -0.090230
vn  -0.985834 0.141383 -0.090230
vn  -0.682831 0.019869 0.730306
vn  -0.682831 0.019868 0.730306
vn  -0.682831 0.019868 0.730306
vn  -0.682831 0.019868 0.730306
vn  -0.579941 0.067301 -0.811874
vn  -0.579941 0.067301 -0.811874
vn  -0.579941 0.067301 -0.811874
vn  -0.579941 0.067300 -0.811874
vn  -0.678136 0.317010 -0.663051
vn  -0.678135 0.317010 -0.663051
vn  -0.678135 0.317010 -0.663051
vn  -0.678136 0.317010 -0.663051
vn  -0.945101 0.298346 -0.133319
vn  -0.945101 0.298346 -0.133319
vn  -0.945101 0.298346 -0.133319
vn  -0.149487 0.036035 0.988107
vn  -0.149487 0.036035 0.988107
vn  -0.149487 0.036035 0.988107
vn  -0.277477 0.017396 0.960575
vn  -0.277477 0.017396 0.960575
vn  -0.277477 0.017396 0.960575
vn  -0.703396 0.129440 0.698913
vn  -0.703396 0.129440 0.698913
vn  -0.703396 0.129440 0.698913
vn  -0.737312 0.010638 -0.675469
vn  -0.737312 0.010638 -0.675469
vn  -0.737312 0.010639 -0.675469
vn  -0.737312 0.010639 -0.675469
vn  -0.983237 0.081447 -0.163132
vn  -0.983237 0.081447 -0.163132
vn  -0.983237 0.081448 -0.163132
vn  -0.164506 0.152969 -0.974443
vn  -0.164506 0.152969 -0.974443
vn  -0.164506 0.152969 -0.974443
vn  -0.071676 -0.296054 0.952478
vn  -0.071675 -0.296054 0.952478
vn  -0.071676 -0.296054 0.952478
vn  -0.397028 -0.157503 0.904191
vn  -0.397028 -0.157503 0.904191
vn  -0.397028 -0.157503 0.904191
vn  -0.634259 0.379350 0.673654
vn  -0.634259 0.379350 0.673654
vn  -0.634259 0.379350 0.673654
vn  -0.696539 0.150601 -0.701536
vn  -0.696539 0.150601 -0.701536
vn  -0.696539 0.150602 -0.701536
vn  -0.696539 0.150601 -0.701536
vn  -0.982271 -0.122408 -0.141988
vn  -0.982271 -0.122408 -0.141988
vn  -0.982271 -0.122408 -0.141988
vn  -0.183317 -0.115675 -0.976224
vn  -0.183317 -0.115675 -0.976224
vn  -0.183317 -0.115675 -0.976224
vn  -0.888132 -0.161355 0.430333
vn  -0.926077 -0.372592 0.059632
vn  -0.066264 0.236842 -0.969286
vn  -0.031167 0.845522 -0.533030
vn  -0.031167 0.845522 -0.533030
vn  -0.031167 0.845522 -0.533030
vn  -0.165091 0.866054 0.471906
vn  -0.165091 0.866054 0.471906
vn  -0.165091 0.866054 0.471906
vn  -0.171067 0.389096 0.905174
vn  -0.171067 0.389096 0.905174
vn  -0.171067 0.389096 0.905174
vn  -0.171067 0.389096 0.905174
vn  -0.487225 -0.454450 0.745712
vn  -0.487225 -0.454450 0.745712
vn  -0.487225 -0.454450 0.745712
vn  -0.475729 -0.878456 0.044682
vn  -0.475729 -0.878456 0.044682
vn  -0.475729 -0.878456 0.044682
vn  -0.475729 -0.878456 0.044682
vn  -0.323965 -0.585950 -0.742771
vn  -0.323965 -0.585950 -0.742771
vn  -0.323965 -0.585950 -0.742771
vn  -0.323965 -0.585950 -0.742771
vn  0.042321 0.241437 -0.969493
vn  -0.000130 0.896846 -0.442344
vn  -0.070094 0.870643 0.486896
vn  -0.014627 0.527378 0.849505
vn  -0.014627 0.527378 0.849505
vn  -0.014627 0.527378 0.849505
vn  -0.014627 0.527378 0.849505
vn  -0.382664 -0.410539 0.827663
vn  -0.382664 -0.410539 0.827663
vn  -0.382664 -0.410538 0.827663
vn  -0.382664 -0.410539 0.827663
vn  -0.124549 -0.991336 -0.041708
vn  -0.095367 -0.744755 -0.660488
vn  -0.052480 0.634043 0.771515
vn  -0.112149 -0.358282 0.926853
vn  0.091856 0.583303 0.807044
vn  0.183053 -0.687259 0.702970
vn  -0.049580 -0.183425 -0.981783
vn  -0.144157 0.730599 -0.667416
vn  -0.268713 0.950441 0.156386
vn  0.026954 0.656321 0.754000
vn  0.026954 0.656321 0.754000
vn  0.026954 0.656321 0.754000
vn  0.745427 -0.378803 0.548495
vn  0.745427 -0.378803 0.548495
vn  0.745427 -0.378803 0.548495
vn  0.745427 -0.378803 0.548495
vn  0.038488 0.586478 0.809050
vn  0.421672 -0.873992 -0.241518
vn  -0.503894 -0.587205 0.633468
vn  -0.503893 -0.587205 0.633468
vn  -0.503893 -0.587205 0.633468
vn  -0.503894 -0.587205 0.633468
vn  0.453296 -0.287747 0.843638
vn  0.453296 -0.287747 0.843638
vn  0.453296 -0.287747 0.843638
vn  0.453296 -0.287747 0.843638
vn  -0.345624 0.765992 0.542034
vn  0.530087 -0.238239 0.813787
vn  0.280764 -0.858564 -0.428999
vn  0.280764 -0.858564 -0.428999
vn  0.280764 -0.858564 -0.428999
vn  -0.262543 0.847382 0.461536
vn  -0.648009 0.387972 -0.655410
vn  -0.648009 0.387972 -0.655410
vn  -0.648009 0.387972 -0.655410
vn  0.052213 -0.383430 -0.922093
vn  0.052213 -0.383430 -0.922093
vn  0.052213 -0.383430 -0.922093
vn  0.052213 -0.383430 -0.922093
vn  -0.096233 0.856635 -0.506869
vn  -0.096233 0.856635 -0.506869
vn  -0.096233 0.856635 -0.506869
vn  -0.096233 0.856635 -0.506869
vn  -0.221100 0.689566 0.689648
vn  -0.221100 0.689566 0.689647
vn  -0.221100 0.689566 0.689647
vn  -0.164970 0.762061 0.626138
vn  -0.164970 0.762061 0.626138
vn  -0.164970 0.762061 0.626138
vn  -0.185002 -0.843536 -0.504204
vn  -0.185002 -0.843536 -0.504205
vn  -0.185002 -0.843536 -0.504205
vn  0.028460 -0.985155 -0.169290
vn  0.028460 -0.985155 -0.169290
vn  0.028460 -0.985155 -0.169290
vn  0.028460 -0.985155 -0.169290
vn  -0.044062 0.504725 0.862155
vn  -0.044062 0.504725 0.862155
vn  -0.044062 0.504725 0.862155
vn  -0.044062 0.504725 0.862155
vn  0.042034 -0.920113 -0.389391
vn  -0.220264 0.963250 0.153732
vn  -0.220264 0.963250 0.153733
vn  -0.220264 0.963250 0.153733
vn  -0.220264 0.963250 0.153732
vn  0.182958 -0.535044 -0.824775
vn  0.182958 -0.535044 -0.824775
vn  0.182958 -0.535044 -0.824775
vn  0.182958 -0.535044 -0.824775
vn  -0.429644 0.812113 -0.394814
vn  -0.429644 0.812114 -0.394814
vn  -0.429644 0.812113 -0.394814
vn  -0.429644 0.812113 -0.394814
vn  -0.456710 0.878461 0.140435
vn  -0.456710 0.878461 0.140435
vn  -0.456710 0.878461 0.140435
vn  -0.456710 0.878461 0.140435
vn  0.206129 -0.974071 -0.093255
vn  0.206129 -0.974071 -0.093255
vn  0.206129 -0.974071 -0.093255
vn  0.206129 -0.974071 -0.093255
vn  0.418715 -0.463259 0.781069
vn  0.418716 -0.463259 0.781069
vn  0.418715 -0.463259 0.781069
vn  0.418716 -0.463259 0.781069
vn  -0.304247 0.777316 0.550648
vn  -0.304247 0.777316 0.550648
vn  -0.304247 0.777316 0.550648
vn  -0.304247 0.777316 0.550648
vn  -0.506944 0.841763 0.185588
vn  0.235062 -0.253795 0.938261
vn  -0.470255 0.773666 0.424619
vn  0.151766 -0.951541 -0.267463
vn  0.151766 -0.951541 -0.267463
vn  0.151766 -0.951541 -0.267463
vn  -0.487285 0.860541 0.148398
vn  -0.487285 0.860541 0.148398
vn  -0.487285 0.860541 0.148398
vn  -0.541393 0.740280 -0.398597
vn  0.264411 -0.595980 -0.758218
vn  0.487738 -0.861252 0.142677
vn  0.500989 -0.818678 -0.280673
vn  -0.808797 -0.555092 -0.194219
vn  -0.543697 0.218993 0.810207
vn  -0.283088 0.469331 0.836415
vn  -0.283088 0.469331 0.836415
vn  -0.283088 0.469331 0.836415
vn  -0.283088 0.469331 0.836415
vn  -0.141661 0.858284 0.493235
vn  -0.141661 0.858284 0.493235
vn  -0.141661 0.858284 0.493235
vn  -0.106214 0.854144 -0.509074
vn  -0.106214 0.854144 -0.509074
vn  -0.106214 0.854144 -0.509074
vn  -0.087250 0.324377 -0.941895
vn  -0.892024 0.211353 0.399529
vn  -0.892024 0.211353 0.399529
vn  -0.892024 0.211353 0.399529
vn  -0.907245 0.146261 -0.394353
vn  -0.907245 0.146261 -0.394353
vn  -0.907245 0.146261 -0.394353
vn  -0.530718 -0.658358 0.533763
vn  -0.530718 -0.658358 0.533763
vn  -0.530718 -0.658358 0.533763
vn  -0.897971 -0.192448 -0.395742
vn  -0.897971 -0.192448 -0.395742
vn  -0.897971 -0.192448 -0.395742
vn  -0.897971 -0.192448 -0.395742
vn  -0.929029 -0.363489 0.069149
vn  -0.929029 -0.363489 0.069149
vn  -0.929029 -0.363489 0.069149
vn  -0.289536 -0.950790 0.110303
vn  -0.289536 -0.950790 0.110303
vn  -0.289536 -0.950790 0.110303
vn  -0.289536 -0.950790 0.110303
vn  -0.816160 -0.548289 0.182379
vn  -0.816160 -0.548289 0.182379
vn  -0.816160 -0.548289 0.182379
vn  -0.816160 -0.548289 0.182379
vn  -0.262834 -0.128034 0.956308
vn  -0.747643 -0.607124 -0.269128
vn  -0.747643 -0.607124 -0.269128
vn  -0.747643 -0.607124 -0.269128
vn  -0.886602 -0.379328 0.264665
vn  -0.886602 -0.379328 0.264665
vn  -0.886602 -0.379328 0.264665
vn  -0.886602 -0.379328 0.264665
vn  -0.968490 -0.022739 0.248013
vn  -0.990417 -0.119620 -0.069029
vn  -0.785726 -0.511135 -0.348391
vn  -0.785726 -0.511135 -0.348391
vn  -0.785726 -0.511135 -0.348391
vn  -0.785726 -0.511135 -0.348391
vn  -0.293040 -0.034446 -0.955480
vn  -0.705789 -0.054094 -0.706353
vn  -0.591252 -0.309339 0.744803
vn  -0.486194 0.780115 0.393747
vn  -0.222154 -0.103089 -0.969546
vn  -0.222154 -0.103089 -0.969546
vn  -0.222154 -0.103089 -0.969546
vn  -0.222154 -0.103089 -0.969546
vn  -0.128759 -0.797270 -0.589730
vn  -0.128759 -0.797270 -0.589730
vn  -0.128759 -0.797270 -0.589730
vn  -0.128759 -0.797270 -0.589730
vn  -0.471874 0.004972 0.881652
vn  -0.771021 -0.006080 0.636781
vn  -0.988937 -0.020342 -0.146934
vn  -0.249814 0.162854 -0.954501
vn  -0.249814 0.162854 -0.954501
vn  -0.249814 0.162854 -0.954501
vn  -0.249814 0.162854 -0.954501
vn  -0.086181 0.066793 -0.994038
vn  -0.086181 0.066793 -0.994038
vn  -0.086181 0.066793 -0.994038
vn  -0.086181 0.066793 -0.994038
vn  -0.662271 -0.145142 -0.735072
vn  -0.662271 -0.145142 -0.735072
vn  -0.662271 -0.145142 -0.735072
vn  -0.845284 -0.516773 -0.135796
vn  -0.845284 -0.516773 -0.135796
vn  -0.845284 -0.516773 -0.135796
vn  -0.926164 -0.344724 -0.152925
vn  -0.296113 -0.225087 -0.928253
vn  -0.665981 -0.175406 -0.725054
vn  -0.840441 -0.535024 0.086070
vn  -0.840441 -0.535024 0.086070
vn  -0.840441 -0.535024 0.086070
vn  -0.840441 -0.535024 0.086070
vn  -0.108343 -0.975795 -0.189961
vn  -0.108343 -0.975795 -0.189961
vn  -0.108343 -0.975796 -0.189961
vn  -0.108343 -0.975795 -0.189961
vn  -0.317759 -0.932234 0.173115
vn  -0.317759 -0.932234 0.173115
vn  -0.317760 -0.932234 0.173115
vn  -0.317760 -0.932234 0.173115
vn  0.479676 -0.245224 0.842482
vn  0.479676 -0.245224 0.842482
vn  0.479676 -0.245224 0.842482
vn  0.479676 -0.245224 0.842482
vn  0.011676 0.961939 0.273013
vn  0.011676 0.961939 0.273013
vn  0.011676 0.961939 0.273013
vn  0.011676 0.961939 0.273013
vn  -0.589637 0.169811 -0.789616
vn  -0.589637 0.169811 -0.789616
vn  -0.589637 0.169811 -0.789616
vn  -0.589637 0.169811 -0.789616
vn  -0.160188 -0.976754 -0.142448
vn  -0.160188 -0.976754 -0.142448
vn  -0.160188 -0.976754 -0.142448
vn  -0.160188 -0.976754 -0.142448
vn  -0.669577 -0.072784 0.739168
vn  -0.669577 -0.072784 0.739168
vn  -0.669577 -0.072784 0.739168
vn  -0.669577 -0.072784 0.739168
vn  -0.071048 0.996243 -0.049517
vn  -0.071048 0.996243 -0.049517
vn  -0.071048 0.996243 -0.049517
vn  -0.071048 0.996243 -0.049517
vn  0.604905 0.686000 -0.404344
vn  0.604905 0.686000 -0.404344
vn  0.604905 0.686000 -0.404344
vn  0.604905 0.686000 -0.404344
vn  0.822688 -0.019118 -0.568172
vn  0.822688 -0.019118 -0.568172
vn  0.822688 -0.019117 -0.568172
vn  -0.014039 -0.057010 -0.998275
vn  -0.014039 -0.057010 -0.998275
vn  -0.014039 -0.057010 -0.998275
vn  -0.014039 -0.057010 -0.998275
vn  -0.203512 0.147305 -0.967928
vn  -0.203512 0.147305 -0.967928
vn  -0.203512 0.147305 -0.967928
vn  0.059397 0.080588 0.994976
vn  -0.286459 -0.464658 -0.837875
vn  -0.286459 -0.464658 -0.837875
vn  -0.286459 -0.464658 -0.837875
vn  -0.286459 -0.464658 -0.837875
vn  0.986012 0.153768 -0.064314
vn  0.986012 0.153768 -0.064314
vn  0.986012 0.153768 -0.064314
vn  0.986012 0.153767 -0.064314
vn  0.667746 0.106924 0.736670
vn  0.667746 0.106925 0.736670
vn  0.667746 0.106925 0.736670
vn  0.667746 0.106924 0.736670
vn  0.429422 -0.047546 -0.901852
vn  0.429422 -0.047546 -0.901852
vn  0.429422 -0.047546 -0.901852
vn  0.429422 -0.047547 -0.901852
vn  -0.282123 -0.143524 0.948582
vn  -0.282123 -0.143524 0.948582
vn  -0.282123 -0.143524 0.948582
vn  -0.746802 -0.115729 -0.654900
vn  -0.746802 -0.115729 -0.654900
vn  -0.746802 -0.115729 -0.654900
vn  0.159569 0.010116 0.987135
vn  0.159569 0.010116 0.987135
vn  0.159569 0.010116 0.987135
vn  0.985834 0.141383 -0.090230
vn  0.985834 0.141383 -0.090230
vn  0.985834 0.141383 -0.090230
vn  0.985834 0.141382 -0.090230
vn  0.682831 0.019868 0.730306
vn  0.682831 0.019868 0.730306
vn  0.682831 0.019868 0.730306
vn  0.682831 0.019868 0.730306
vn  0.579941 0.067301 -0.811874
vn  0.579941 0.067301 -0.811874
vn  0.579941 0.067301 -0.811874
vn  0.579941 0.067301 -0.811874
vn  0.678135 0.317011 -0.663051
vn  0.678135 0.317011 -0.663051
vn  0.678135 0.317010 -0.663051
vn  0.678135 0.317010 -0.663051
vn  0.945101 0.298346 -0.133319
vn  0.945101 0.298346 -0.133319
vn  0.945101 0.298346 -0.133319
vn  0.168869 -0.104860 -0.980045
vn  0.168869 -0.104860 -0.980045
vn  0.168869 -0.104860 -0.980045
vn  0.297773 0.398420 -0.867521
vn  0.297773 0.398419 -0.867521
vn  0.297773 0.398419 -0.867521
vn  0.297773 0.398419 -0.867521
vn  0.149487 0.036035 0.988107
vn  0.149487 0.036035 0.988107
vn  0.149487 0.036035 0.988107
vn  0.277477 0.017396 0.960575
vn  0.277477 0.017396 0.960575
vn  0.277477 0.017396 0.960575
vn  0.277477 0.017396 0.960575
vn  0.703397 0.129439 0.698913
vn  0.703397 0.129438 0.698913
vn  0.703397 0.129438 0.698913
vn  0.703397 0.129439 0.698913
vn  0.737312 0.010639 -0.675469
vn  0.737312 0.010638 -0.675469
vn  0.737312 0.010638 -0.675469
vn  0.737312 0.010639 -0.675469
vn  0.983237 0.081447 -0.163132
vn  0.983237 0.081447 -0.163132
vn  0.983237 0.081446 -0.163132
vn  0.983237 0.081447 -0.163132
vn  0.164506 0.152969 -0.974443
vn  0.164506 0.152969 -0.974443
vn  0.164506 0.152969 -0.974443
vn  0.071675 -0.296054 0.952478
vn  0.071675 -0.296054 0.952478
vn  0.071675 -0.296054 0.952478
vn  0.696539 0.150600 -0.701536
vn  0.696539 0.150600 -0.701536
vn  0.696539 0.150600 -0.701536
vn  0.183317 -0.115675 -0.976224
vn  0.183317 -0.115675 -0.976224
vn  0.183317 -0.115675 -0.976224
vn  0.183317 -0.115675 -0.976224
vn  0.419981 -0.248328 -0.872897
vn  0.066264 0.236841 -0.969286
vn  0.031169 0.845522 -0.533030
vn  0.031169 0.845522 -0.533030
vn  0.031169 0.845522 -0.533030
vn  0.031169 0.845522 -0.533030
vn  0.165094 0.866054 0.471906
vn  0.165094 0.866053 0.471906
vn  0.165094 0.866054 0.471906
vn  0.171068 0.389096 0.905174
vn  0.171068 0.389096 0.905174
vn  0.171068 0.389096 0.905174
vn  0.171068 0.389096 0.905174
vn  0.487224 -0.454451 0.745712
vn  0.487224 -0.454451 0.745712
vn  0.487224 -0.454451 0.745712
vn  0.475727 -0.878458 0.044682
vn  0.475727 -0.878458 0.044682
vn  0.475727 -0.878458 0.044682
vn  0.475727 -0.878458 0.044682
vn  0.323963 -0.585951 -0.742771
vn  0.323963 -0.585951 -0.742771
vn  0.323963 -0.585951 -0.742771
vn  0.323963 -0.585951 -0.742771
vn  -0.042320 0.241437 -0.969493
vn  -0.042320 0.241437 -0.969493
vn  -0.042320 0.241437 -0.969493
vn  -0.042320 0.241437 -0.969493
vn  0.000132 0.896846 -0.442344
vn  0.000132 0.896846 -0.442344
vn  0.000132 0.896846 -0.442344
vn  0.000132 0.896846 -0.442344
vn  0.070097 0.870643 0.486896
vn  0.070097 0.870643 0.486896
vn  0.070097 0.870643 0.486896
vn  0.070097 0.870643 0.486896
vn  0.014629 0.527378 0.849505
vn  0.014629 0.527378 0.849505
vn  0.014629 0.527378 0.849505
vn  0.014629 0.527378 0.849505
vn  0.382663 -0.410540 0.827663
vn  0.382663 -0.410540 0.827663
vn  0.382663 -0.410540 0.827663
vn  0.382663 -0.410540 0.827663
vn  0.124546 -0.991337 -0.041708
vn  0.124546 -0.991337 -0.041708
vn  0.124546 -0.991337 -0.041708
vn  0.124546 -0.991337 -0.041708
vn  0.095365 -0.744755 -0.660488
vn  0.095365 -0.744755 -0.660488
vn  0.095365 -0.744755 -0.660488
vn  0.095365 -0.744755 -0.660488
vn  0.012536 0.247593 -0.968783
vn  0.052481 0.634043 0.771515
vn  0.112148 -0.358282 0.926853
vn  0.112148 -0.358282 0.926853
vn  0.112148 -0.358282 0.926853
vn  0.112148 -0.358282 0.926853
vn  -0.026952 0.656321 0.754000
vn  -0.026953 0.656321 0.754000
vn  -0.026952 0.656321 0.754000
vn  -0.745428 -0.378801 0.548495
vn  -0.102156 -0.975913 -0.192762
vn  -0.038486 0.586478 0.809050
vn  -0.038486 0.586478 0.809050
vn  -0.038486 0.586478 0.809050
vn  -0.038486 0.586478 0.809050
vn  -0.421675 -0.873991 -0.241518
vn  0.503892 -0.587206 0.633468
vn  0.503892 -0.587206 0.633468
vn  0.503892 -0.587206 0.633468
vn  -0.453296 -0.287745 0.843638
vn  -0.173072 -0.777715 -0.604322
vn  -0.173072 -0.777715 -0.604322
vn  -0.173072 -0.777715 -0.604322
vn  -0.530088 -0.238238 0.813787
vn  -0.530088 -0.238238 0.813787
vn  -0.530088 -0.238238 0.813787
vn  -0.530088 -0.238238 0.813787
vn  -0.280766 -0.858563 -0.428999
vn  -0.280767 -0.858563 -0.428999
vn  -0.280767 -0.858563 -0.428999
vn  0.262546 0.847381 0.461536
vn  0.262546 0.847381 0.461536
vn  0.262546 0.847381 0.461536
vn  0.841049 -0.441040 0.313240
vn  -0.052214 -0.383430 -0.922093
vn  -0.052214 -0.383430 -0.922093
vn  -0.052214 -0.383430 -0.922093
vn  -0.052214 -0.383430 -0.922093
vn  0.096236 0.856634 -0.506869
vn  0.096236 0.856634 -0.506869
vn  0.096236 0.856634 -0.506869
vn  0.096236 0.856634 -0.506869
vn  0.221102 0.689565 0.689648
vn  0.221102 0.689565 0.689647
vn  0.221102 0.689565 0.689647
vn  0.164972 0.762060 0.626138
vn  0.184999 -0.843536 -0.504204
vn  0.184999 -0.843536 -0.504204
vn  0.184999 -0.843536 -0.504204
vn  0.184999 -0.843536 -0.504204
vn  -0.028462 -0.985155 -0.169290
vn  -0.028462 -0.985155 -0.169290
vn  -0.028462 -0.985155 -0.169290
vn  -0.028462 -0.985155 -0.169290
vn  0.044064 0.504725 0.862155
vn  0.044064 0.504725 0.862155
vn  0.044064 0.504725 0.862155
vn  0.044064 0.504725 0.862155
vn  -0.042036 -0.920113 -0.389391
vn  0.220266 0.963249 0.153732
vn  0.220266 0.963249 0.153732
vn  0.220266 0.963249 0.153732
vn  0.220266 0.963249 0.153732
vn  -0.182960 -0.535044 -0.824775
vn  -0.182960 -0.535044 -0.824775
vn  -0.182960 -0.535044 -0.824775
vn  -0.182960 -0.535044 -0.824775
vn  0.429646 0.812112 -0.394814
vn  0.429646 0.812112 -0.394814
vn  0.429646 0.812112 -0.394814
vn  0.429646 0.812112 -0.394814
vn  0.456713 0.878460 0.140435
vn  0.456713 0.878460 0.140435
vn  0.456713 0.878460 0.140435
vn  0.456713 0.878460 0.140435
vn  -0.206132 -0.974070 -0.093255
vn  -0.206132 -0.974070 -0.093255
vn  -0.206132 -0.974070 -0.093255
vn  -0.206132 -0.974070 -0.093255
vn  -0.418717 -0.463258 0.781069
vn  -0.418717 -0.463258 0.781069
vn  -0.418717 -0.463258 0.781069
vn  -0.418717 -0.463258 0.781069
vn  0.304249 0.777315 0.550648
vn  0.304249 0.777315 0.550648
vn  0.304249 0.777315 0.550648
vn  0.304249 0.777315 0.550648
vn  0.506946 0.841762 0.185588
vn  -0.235063 -0.253794 0.938261
vn  -0.235063 -0.253794 0.938261
vn  -0.235063 -0.253794 0.938261
vn  -0.235063 -0.253794 0.938261
vn  0.470258 0.773664 0.424619
vn  0.470258 0.773664 0.424619
vn  0.470258 0.773664 0.424619
vn  0.470258 0.773664 0.424619
vn  -0.151769 -0.951541 -0.267463
vn  -0.151769 -0.951541 -0.267463
vn  -0.151769 -0.951541 -0.267463
vn  0.487287 0.860540 0.148398
vn  0.487287 0.860540 0.148398
vn  0.487287 0.860540 0.148398
vn  -0.264412 -0.595979 -0.758218
vn  -0.487740 -0.861251 0.142677
vn  -0.487740 -0.861251 0.142677
vn  -0.487740 -0.861251 0.142677
vn  -0.487740 -0.861251 0.142677
vn  0.808795 -0.555094 -0.194219
vn  0.283089 0.469330 0.836415
vn  0.141663 0.858284 0.493235
vn  0.141663 0.858284 0.493235
vn  0.141663 0.858284 0.493235
vn  -0.009699 0.376192 -0.926491
vn  0.530716 -0.658360 0.533763
vn  0.530716 -0.658360 0.533763
vn  0.530716 -0.658360 0.533763
vn  0.897971 -0.192450 -0.395742
vn  0.897971 -0.192450 -0.395742
vn  0.897971 -0.192450 -0.395742
vn  0.897971 -0.192450 -0.395742
vn  0.929028 -0.363492 0.069149
vn  0.929028 -0.363492 0.069149
vn  0.929028 -0.363492 0.069149
vn  0.929028 -0.363492 0.069149
vn  0.289533 -0.950791 0.110303
vn  0.289533 -0.950791 0.110303
vn  0.289533 -0.950791 0.110303
vn  0.289533 -0.950791 0.110303
vn  0.816158 -0.548291 0.182379
vn  0.816158 -0.548291 0.182379
vn  0.816158 -0.548291 0.182379
vn  0.816158 -0.548291 0.182379
vn  0.816638 -0.301454 0.492166
vn  0.747641 -0.607126 -0.269128
vn  0.747641 -0.607126 -0.269128
vn  0.747641 -0.607127 -0.269128
vn  0.886601 -0.379330 0.264665
vn  0.886601 -0.379330 0.264665
vn  0.886601 -0.379330 0.264665
vn  0.886601 -0.379330 0.264665
vn  0.968490 -0.022742 0.248013
vn  0.990417 -0.119623 -0.069029
vn  0.990417 -0.119623 -0.069029
vn  0.990417 -0.119623 -0.069029
vn  0.990417 -0.119623 -0.069029
vn  0.785725 -0.511137 -0.348391
vn  0.785725 -0.511137 -0.348391
vn  0.785725 -0.511137 -0.348391
vn  0.785725 -0.511137 -0.348391
vn  0.705789 -0.054096 -0.706353
vn  0.486196 0.780113 0.393747
vn  -0.670758 0.674995 0.307353
vn  0.222154 -0.103090 -0.969546
vn  0.222154 -0.103090 -0.969546
vn  0.222154 -0.103090 -0.969546
vn  0.222154 -0.103090 -0.969546
vn  0.128757 -0.797271 -0.589730
vn  0.128757 -0.797271 -0.589730
vn  0.128757 -0.797271 -0.589730
vn  0.128757 -0.797271 -0.589730
vn  0.471874 0.004971 0.881652
vn  0.471874 0.004971 0.881652
vn  0.471874 0.004971 0.881652
vn  0.471874 0.004971 0.881652
vn  0.771021 -0.006082 0.636781
vn  0.771021 -0.006082 0.636781
vn  0.771021 -0.006082 0.636781
vn  0.771021 -0.006082 0.636781
vn  0.988937 -0.020345 -0.146934
vn  0.988937 -0.020345 -0.146934
vn  0.988937 -0.020345 -0.146934
vn  0.988937 -0.020345 -0.146934
vn  0.249814 0.162853 -0.954501
vn  0.086181 0.066793 -0.994038
vn  0.662271 -0.145144 -0.735072
vn  0.662271 -0.145144 -0.735072
vn  0.662271 -0.145144 -0.735072
vn  0.845283 -0.516775 -0.135796
vn  0.845283 -0.516775 -0.135796
vn  0.845283 -0.516775 -0.135796
vn  0.665980 -0.175408 -0.725054
vn  0.693784 -0.433416 0.575165
vn  0.840439 -0.535027 0.086070
vn  0.840439 -0.535027 0.086070
vn  0.840439 -0.535027 0.086070
vn  0.840439 -0.535027 0.086070
vn  0.108340 -0.975796 -0.189961
vn  0.108340 -0.975796 -0.189961
vn  0.108340 -0.975796 -0.189961
vn  0.108340 -0.975796 -0.189961
vn  0.317759 -0.932234 0.173115
vn  0.317758 -0.932234 0.173115
vn  0.317758 -0.932234 0.173115
vn  0.317759 -0.932234 0.173115
vn  -0.479676 -0.245224 0.842482
vn  -0.479676 -0.245223 0.842482
vn  -0.479676 -0.245223 0.842482
vn  -0.477177 0.430572 0.766100
vn  -0.477177 0.430572 0.766100
vn  -0.477177 0.430572 0.766100
vn  -0.011674 0.961940 0.273013
vn  -0.011674 0.961940 0.273013
vn  -0.011674 0.961940 0.273013
vn  -0.011674 0.961940 0.273013
vn  0.589637 0.169810 -0.789616
vn  0.589637 0.169810 -0.789616
vn  0.589637 0.169810 -0.789616
vn  0.522485 -0.071704 -0.849628
vn  0.522485 -0.071704 -0.849628
vn  0.522485 -0.071704 -0.849628
vn  0.160189 -0.976754 -0.142448
vn  0.160189 -0.976754 -0.142448
vn  0.160188 -0.976754 -0.142448
vn  0.160189 -0.976754 -0.142448
vn  0.669577 -0.072784 0.739168
vn  0.669577 -0.072784 0.739168
vn  0.669577 -0.072785 0.739168
vn  0.684352 0.275489 0.675106
vn  0.684351 0.275490 0.675106
vn  0.684352 0.275489 0.675106
vn  0.071051 0.996243 -0.049517
vn  0.071051 0.996243 -0.049517
vn  0.071051 0.996243 -0.049517
vn  0.071051 0.996243 -0.049517
vn  -0.604904 0.686001 -0.404344
vn  -0.604904 0.686001 -0.404344
vn  -0.604904 0.686001 -0.404344
vn  -0.822688 -0.019118 -0.568172
vn  -0.822688 -0.019117 -0.568172
vn  -0.822688 -0.019118 -0.568172
vn  0.074978 0.390003 -0.917756
vn  0.074978 0.390003 -0.917756
vn  0.074978 0.390003 -0.917756
vn  0.057914 0.164267 -0.984714
vn  0.057914 0.164267 -0.984714
vn  0.057914 0.164267 -0.984714
vn  0.014039 -0.057010 -0.998275
vn  0.014039 -0.057010 -0.998275
vn  0.014039 -0.057010 -0.998275
vn  0.014039 -0.057010 -0.998275
vn  0.203513 0.147305 -0.967928
vn  0.203513 0.147305 -0.967928
vn  0.203513 0.147305 -0.967928
vn  0.203513 0.147305 -0.967928
vn  0.011533 0.709306 -0.704806
vn  0.011533 0.709306 -0.704806
vn  0.011533 0.709306 -0.704806
vn  0.286457 -0.464659 -0.837875
vn  0.286457 -0.464659 -0.837875
vn  0.286457 -0.464659 -0.837875
vn  0.286457 -0.464659 -0.837875
vn  0.987702 -0.153667 -0.028839
vn  0.597080 -0.154386 -0.787185
vn  0.980399 -0.170493 -0.098744
vn  0.980399 -0.170492 -0.098744
vn  0.980399 -0.170492 -0.098744
vn  0.980399 -0.170492 -0.098744
vn  0.746802 -0.115729 -0.654900
vn  0.746802 -0.115729 -0.654900
vn  0.746802 -0.115729 -0.654900
vn  0.746802 -0.115729 -0.654900
vn  0.465639 -0.881515 -0.078179
vn  0.465639 -0.881515 -0.078179
vn  0.465639 -0.881515 -0.078179
vn  0.465639 -0.881515 -0.078179
vn  0.038226 -0.753967 0.655799
vn  0.038227 -0.753967 0.655799
vn  0.038226 -0.753967 0.655799
vn  0.038226 -0.753967 0.655799
vn  0.195471 -0.307910 0.931119
vn  -0.137722 -0.130819 0.981794
vn  0.256379 -0.900682 -0.350773
vn  0.256379 -0.900682 -0.350773
vn  0.256380 -0.900682 -0.350773
vn  -0.168868 -0.104860 -0.980045
vn  -0.168868 -0.104860 -0.980045
vn  -0.168868 -0.104860 -0.980045
vn  -0.168868 -0.104860 -0.980045
vn  -0.297773 0.398419 -0.867521
vn  -0.297773 0.398419 -0.867521
vn  -0.297773 0.398419 -0.867521
vn  -0.297773 0.398419 -0.867521
vn  -0.149487 0.036035 0.988107
vn  -0.277477 0.017396 0.960575
vn  -0.703396 0.129440 0.698913
vn  -0.983237 0.081448 -0.163132
vn  -0.164506 0.152969 -0.974443
vn  -0.071675 -0.296054 0.952478
vn  -0.397028 -0.157503 0.904191
vn  -0.634259 0.379350 0.673654
vn  -0.982271 -0.122408 -0.141988
vn  -0.183317 -0.115675 -0.976224
vn  -0.031167 0.845522 -0.533030
vn  -0.165091 0.866054 0.471906
vn  0.173070 -0.777715 -0.604322
vn  0.173070 -0.777715 -0.604322
vn  0.173070 -0.777715 -0.604322
vn  0.173070 -0.777715 -0.604322
vn  -0.731250 0.512264 -0.450400
vn  -0.731250 0.512264 -0.450400
vn  -0.731250 0.512264 -0.450400
vn  -0.731250 0.512264 -0.450400
vn  0.280764 -0.858564 -0.428999
vn  -0.648009 0.387972 -0.655410
vn  -0.164970 0.762061 0.626138
vn  -0.185002 -0.843536 -0.504205
vn  0.238743 0.624174 0.743914
vn  -0.045236 0.586132 0.808952
vn  -0.141661 0.858284 0.493235
vn  -0.463248 0.717418 0.520301
vn  -0.463248 0.717418 0.520301
vn  -0.463248 0.717418 0.520301
vn  -0.463248 0.717418 0.520301
vn  -0.106214 0.854144 -0.509074
vn  -0.278088 0.093372 0.956007
vn  -0.278088 0.093372 0.956007
vn  -0.278088 0.093372 0.956007
vn  -0.278088 0.093372 0.956007
vn  -0.892024 0.211353 0.399529
vn  -0.907245 0.146261 -0.394353
vn  -0.530718 -0.658358 0.533763
vn  -0.793706 -0.439154 0.420921
vn  -0.793706 -0.439154 0.420921
vn  -0.793706 -0.439154 0.420921
vn  -0.929029 -0.363489 0.069149
vn  -0.143258 0.362150 0.921046
vn  -0.143258 0.362150 0.921046
vn  -0.143258 0.362150 0.921045
vn  -0.143258 0.362150 0.921046
vn  -0.165932 0.380215 0.909892
vn  -0.165932 0.380215 0.909892
vn  -0.165932 0.380215 0.909892
vn  -0.438227 0.831882 -0.340485
vn  -0.438227 0.831882 -0.340485
vn  -0.438227 0.831882 -0.340485
vn  -0.438227 0.831882 -0.340485
vn  -0.099827 0.586768 -0.803578
vn  -0.099827 0.586768 -0.803578
vn  -0.099827 0.586768 -0.803578
vn  -0.099827 0.586768 -0.803578
vn  -0.368071 0.817207 -0.443505
vn  -0.368071 0.817207 -0.443505
vn  -0.368071 0.817207 -0.443505
vn  0.477178 0.430571 0.766100
vn  0.477178 0.430571 0.766100
vn  0.477178 0.430571 0.766100
vn  0.477178 0.430571 0.766100
vn  -0.522485 -0.071703 -0.849628
vn  -0.522485 -0.071704 -0.849628
vn  -0.522485 -0.071703 -0.849628
vn  -0.522485 -0.071703 -0.849628
vn  -0.684351 0.275491 0.675106
vn  -0.684351 0.275491 0.675106
vn  -0.684351 0.275491 0.675106
vn  -0.684351 0.275491 0.675106
vn  0.822688 -0.019117 -0.568172
vn  0.483160 -0.818207 -0.311599
vn  0.483160 -0.818207 -0.311599
vn  0.483161 -0.818206 -0.311599
vn  0.483161 -0.818206 -0.311599
vn  0.011762 -0.180528 -0.983500
vn  0.011762 -0.180528 -0.983500
vn  0.011762 -0.180528 -0.983500
vn  0.011762 -0.180528 -0.983500
vn  -0.074978 0.390003 -0.917756
vn  -0.074978 0.390003 -0.917756
vn  -0.074978 0.390003 -0.917756
vn  -0.074978 0.390003 -0.917756
vn  -0.057914 0.164267 -0.984714
vn  -0.057914 0.164267 -0.984714
vn  -0.057914 0.164267 -0.984714
vn  -0.057914 0.164267 -0.984714
vn  -0.203512 0.147305 -0.967928
vn  -0.011531 0.709306 -0.704807
vn  -0.011531 0.709306 -0.704806
vn  -0.011531 0.709306 -0.704806
vn  -0.011531 0.709306 -0.704806
vn  -0.980399 -0.170492 -0.098744
vn  -0.980399 -0.170493 -0.098744
vn  -0.980399 -0.170493 -0.098744
vn  -0.980399 -0.170492 -0.098744
vn  -0.746802 -0.115729 -0.654900
vn  -0.465639 -0.881515 -0.078179
vn  -0.465639 -0.881515 -0.078179
vn  -0.465639 -0.881515 -0.078179
vn  -0.465639 -0.881515 -0.078179
vn  -0.038226 -0.753967 0.655799
vn  -0.038226 -0.753967 0.655799
vn  -0.038226 -0.753967 0.655799
vn  -0.038226 -0.753967 0.655799
vn  -0.195471 -0.307910 0.931119
vn  -0.195471 -0.307910 0.931119
vn  -0.195471 -0.307910 0.931119
vn  -0.195471 -0.307910 0.931119
vn  0.137722 -0.130819 0.981794
vn  0.137722 -0.130819 0.981794
vn  0.137722 -0.130819 0.981794
vn  0.137722 -0.130819 0.981794
vn  0.159569 0.010116 0.987135
vn  -0.256379 -0.900682 -0.350773
vn  -0.256378 -0.900682 -0.350773
vn  -0.256378 -0.900682 -0.350773
vn  0.168869 -0.104860 -0.980045
vn  0.149487 0.036035 0.988107
vn  0.164506 0.152969 -0.974443
vn  0.071675 -0.296054 0.952478
vn  0.397028 -0.157503 0.904191
vn  0.397027 -0.157504 0.904191
vn  0.397027 -0.157504 0.904191
vn  0.397028 -0.157503 0.904191
vn  0.634259 0.379348 0.673654
vn  0.634260 0.379348 0.673654
vn  0.634260 0.379348 0.673654
vn  0.634259 0.379348 0.673654
vn  0.696539 0.150600 -0.701536
vn  0.982271 -0.122409 -0.141988
vn  0.982270 -0.122410 -0.141988
vn  0.982270 -0.122410 -0.141988
vn  0.982270 -0.122410 -0.141988
vn  0.165094 0.866053 0.471906
vn  0.503892 -0.587206 0.633468
vn  -0.173072 -0.777715 -0.604322
vn  0.345626 0.765991 0.542034
vn  0.731251 0.512262 -0.450400
vn  0.731251 0.512262 -0.450400
vn  0.731251 0.512262 -0.450400
vn  0.731251 0.512262 -0.450400
vn  -0.280767 -0.858563 -0.428999
vn  0.262546 0.847381 0.461536
vn  0.648010 0.387970 -0.655410
vn  0.648010 0.387970 -0.655410
vn  0.648010 0.387970 -0.655410
vn  0.648010 0.387970 -0.655410
vn  0.141663 0.858284 0.493235
vn  0.463250 0.717417 0.520301
vn  0.463250 0.717417 0.520301
vn  0.463250 0.717417 0.520301
vn  0.463250 0.717417 0.520301
vn  0.106216 0.854144 -0.509074
vn  0.106216 0.854144 -0.509074
vn  0.106216 0.854144 -0.509074
vn  0.106216 0.854144 -0.509074
vn  0.278088 0.093371 0.956007
vn  0.278088 0.093372 0.956007
vn  0.278088 0.093371 0.956007
vn  0.278088 0.093371 0.956007
vn  0.892025 0.211351 0.399529
vn  0.892025 0.211351 0.399529
vn  0.892025 0.211351 0.399529
vn  0.892025 0.211351 0.399529
vn  0.907245 0.146258 -0.394353
vn  0.907245 0.146258 -0.394353
vn  0.907245 0.146258 -0.394353
vn  0.907245 0.146258 -0.394353
vn  0.530716 -0.658360 0.533763
vn  0.793705 -0.439156 0.420921
vn  0.793705 -0.439156 0.420921
vn  0.793705 -0.439156 0.420921
vn  0.143259 0.362149 0.921045
vn  0.143259 0.362149 0.921046
vn  0.143259 0.362149 0.921046
vn  0.143259 0.362149 0.921046
vn  0.165933 0.380214 0.909892
vn  0.165933 0.380214 0.909892
vn  0.165933 0.380214 0.909892
vn  0.438229 0.831881 -0.340485
vn  0.438229 0.831881 -0.340485
vn  0.438229 0.831881 -0.340485
vn  0.438229 0.831881 -0.340485
vn  0.099829 0.586768 -0.803578
vn  0.099829 0.586768 -0.803578
vn  0.099829 0.586768 -0.803578
vn  0.099829 0.586768 -0.803578
vn  0.368073 0.817206 -0.443505
vn  0.368073 0.817206 -0.443505
vn  0.368073 0.817206 -0.443505
vn  -0.479676 -0.245223 0.842482
vn  -0.477177 0.430572 0.766100
vn  0.589637 0.169810 -0.789616
vn  0.522485 -0.071704 -0.849628
vn  0.669577 -0.072785 0.739168
vn  0.684352 0.275490 0.675106
vn  -0.604904 0.686001 -0.404344
vn  -0.822688 -0.019116 -0.568172
vn  -0.483160 -0.818207 -0.311599
vn  -0.483160 -0.818207 -0.311599
vn  -0.483160 -0.818207 -0.311599
vn  -0.483160 -0.818207 -0.311599
vn  -0.011762 -0.180528 -0.983500
vn  -0.011762 -0.180528 -0.983500
vn  -0.011762 -0.180528 -0.983500
vn  -0.011762 -0.180528 -0.983500
vn  0.074978 0.390003 -0.917756
vn  0.057914 0.164267 -0.984714
vn  0.011533 0.709306 -0.704806

g worker_Male_constructor_B
usemtl F:\PRO\People\images\people_pal_const1.png
f  1/1/1 2/2/2 3/3/3
f  4/4/4 5/5/5 6/6/6
f  7/7/7 4/4/4 6/6/6
f  8/8/8 9/9/9 10/10/10
f  11/11/11 12/12/12 13/13/13
f  14/14/14 11/11/11 13/13/13
f  15/15/15 16/16/16 17/17/17
f  18/18/18 15/15/15 17/17/17
f  19/19/19 20/20/20 21/21/21
f  22/22/22 19/19/19 21/21/21
f  23/23/23 24/24/24 25/25/25
f  26/26/26 23/23/23 25/25/25
f  27/27/27 28/28/28 29/29/29
f  30/30/30 27/27/27 29/29/29
f  31/31/31 32/32/32 33/33/33
f  34/34/34 31/31/31 33/33/33
f  35/35/35 36/36/36 37/37/37
f  38/38/38 35/35/35 37/37/37
f  39/39/39 40/40/40 41/41/41
f  42/42/42 39/39/39 41/41/41
f  43/43/43 44/44/44 45/45/45
f  46/46/46 47/47/47 48/48/48
f  49/49/49 50/50/50 51/51/51
f  52/52/52 53/53/53 54/54/54
f  55/55/55 56/56/56 57/57/57
f  58/58/58 59/59/59 60/60/60
f  61/61/61 62/62/62 63/63/63
f  64/64/64 65/65/65 66/66/66
f  67/67/67 68/68/68 69/69/69
f  70/70/70 71/71/71 72/72/72
f  73/73/73 74/74/74 75/75/75
f  76/76/76 77/77/77 78/78/78
f  79/79/79 80/80/80 81/81/81
f  82/82/82 83/83/83 84/84/84
f  85/85/85 86/86/86 87/87/87
f  88/88/88 89/89/89 90/90/90
f  91/91/91 92/92/92 93/93/93
f  94/94/94 95/95/95 96/96/96
f  97/97/97 98/98/98 99/99/99
f  100/100/100 101/101/101 102/102/102
f  103/103/103 104/104/104 105/105/105
f  106/106/106 107/107/107 108/108/108
f  109/109/109 110/110/110 111/111/111
f  112/112/112 113/113/113 114/114/114
f  115/115/115 112/112/112 114/114/114
f  116/116/116 117/117/117 118/118/118
f  119/119/119 120/120/120 121/121/121
f  122/122/122 123/123/123 124/124/124
f  125/125/125 126/126/126 127/127/127
f  128/128/128 125/125/125 127/127/127
f  129/129/129 130/130/130 131/131/131
f  132/132/132 133/133/133 134/134/134
f  135/135/135 136/136/136 137/137/137
f  138/138/138 139/139/139 140/140/140
f  141/141/141 142/142/142 143/143/143
f  144/144/144 145/145/145 146/146/146
f  147/147/147 148/148/148 149/149/149
f  150/150/150 151/151/151 152/152/152
f  153/153/153 154/154/154 155/155/155
f  156/156/156 157/157/157 158/158/158
f  159/159/159 160/160/160 161/161/161
f  162/162/162 163/163/163 164/164/164
f  165/165/165 166/166/166 167/167/167
f  168/168/168 169/169/169 170/170/170
f  171/171/171 172/172/172 173/173/173
f  174/174/174 175/175/175 176/176/176
f  177/177/177 178/178/178 179/179/179
f  180/180/180 181/181/181 182/182/182
f  183/183/183 184/184/184 185/185/185
f  186/186/186 183/183/183 185/185/185
f  187/187/187 188/188/188 189/189/189
f  190/190/190 187/187/187 189/189/189
f  191/191/191 192/192/192 193/193/193
f  194/194/194 191/191/191 193/193/193
f  195/195/195 196/196/196 197/197/197
f  198/198/198 195/195/195 197/197/197
f  199/199/199 200/200/200 201/201/201
f  202/202/202 199/199/199 201/201/201
f  203/203/203 204/204/204 205/205/205
f  206/206/206 203/203/203 205/205/205
f  207/207/207 208/208/208 209/209/209
f  210/210/210 207/207/207 209/209/209
f  211/211/211 212/212/212 213/213/213
f  214/214/214 211/211/211 213/213/213
f  215/215/215 216/216/216 217/217/217
f  218/218/218 219/219/219 220/220/220
f  221/221/221 218/218/218 220/220/220
f  222/222/222 223/223/223 224/224/224
f  225/225/225 222/222/222 224/224/224
f  226/226/226 227/227/227 228/228/228
f  229/229/229 230/230/230 231/231/231
f  232/232/232 233/233/233 234/234/234
f  235/235/235 232/232/232 234/234/234
f  236/236/236 237/237/237 238/238/238
f  239/239/239 236/236/236 238/238/238
f  240/240/240 241/241/241 242/242/242
f  243/243/243 244/244/244 245/245/245
f  246/246/246 247/247/247 248/248/248
f  249/249/249 250/250/250 251/251/251
f  252/252/252 253/253/253 254/254/254
f  255/255/255 252/252/252 254/254/254
f  256/256/256 257/257/257 258/258/258
f  259/259/259 256/256/256 258/258/258
f  260/260/260 261/261/261 262/262/262
f  263/263/263 260/260/260 262/262/262
f  264/264/264 265/265/265 266/266/266
f  267/267/267 264/264/264 266/266/266
f  268/268/268 269/269/269 270/270/270
f  271/271/271 268/268/268 270/270/270
f  272/272/272 273/273/273 274/274/274
f  275/275/275 272/272/272 274/274/274
f  276/276/276 277/277/277 278/278/278
f  279/279/279 276/276/276 278/278/278
f  280/280/280 281/281/281 282/282/282
f  283/283/283 280/280/280 282/282/282
f  284/284/284 285/285/285 286/286/286
f  287/287/287 284/284/284 286/286/286
f  288/288/288 289/289/289 290/290/290
f  291/291/291 292/292/292 293/293/293
f  294/294/294 291/291/291 293/293/293
f  295/295/295 296/296/296 297/297/297
f  298/298/298 295/295/295 297/297/297
f  299/299/299 300/300/300 301/301/301
f  302/302/302 299/299/299 301/301/301
f  303/303/303 304/304/304 305/305/305
f  306/306/306 303/303/303 305/305/305
f  307/307/307 308/308/308 309/309/309
f  310/310/310 307/307/307 309/309/309
f  311/311/311 312/312/312 313/313/313
f  314/314/314 311/311/311 313/313/313
f  315/315/315 316/316/316 317/317/317
f  318/318/318 315/315/315 317/317/317
f  319/319/319 320/320/320 321/321/321
f  322/322/322 323/323/323 324/324/324
f  325/325/325 322/322/322 324/324/324
f  326/326/326 327/327/327 328/328/328
f  329/329/329 330/330/330 331/331/331
f  332/332/332 329/329/329 331/331/331
f  333/333/333 334/334/334 335/335/335
f  336/336/336 333/333/333 335/335/335
f  337/337/337 338/338/338 339/339/339
f  340/340/340 341/341/341 342/342/342
f  343/343/343 340/340/340 342/342/342
f  344/344/344 345/345/345 346/346/346
f  347/347/347 344/344/344 346/346/346
f  348/348/348 349/349/349 350/350/350
f  351/351/351 352/352/352 353/353/353
f  354/354/354 355/355/355 356/356/356
f  357/357/357 354/354/354 356/356/356
f  358/358/358 359/359/359 360/360/360
f  361/361/361 362/362/362 363/363/363
f  364/364/364 365/365/365 366/366/366
f  367/367/367 368/368/368 369/369/369
f  370/370/370 371/371/371 372/372/372
f  373/373/373 374/374/374 375/375/375
f  376/376/376 377/377/377 378/378/378
f  379/379/379 376/376/376 378/378/378
f  380/380/380 381/381/381 382/382/382
f  383/383/383 380/380/380 382/382/382
f  384/384/384 385/385/385 386/386/386
f  387/387/387 384/384/384 386/386/386
f  388/388/388 389/389/389 390/390/390
f  391/391/391 388/388/388 390/390/390
f  392/392/392 393/393/393 394/394/394
f  395/395/395 396/396/396 397/397/397
f  398/398/398 395/395/395 397/397/397
f  399/399/399 400/400/400 401/401/401
f  402/402/402 399/399/399 401/401/401
f  403/403/403 404/404/404 405/405/405
f  406/406/406 403/403/403 405/405/405
f  407/407/407 408/408/408 409/409/409
f  410/410/410 407/407/407 409/409/409
f  411/411/411 412/412/412 413/413/413
f  414/414/414 411/411/411 413/413/413
f  415/415/415 416/416/416 417/417/417
f  418/418/418 415/415/415 417/417/417
f  419/419/419 420/420/420 421/421/421
f  422/422/422 419/419/419 421/421/421
f  423/423/423 424/424/424 425/425/425
f  426/426/426 423/423/423 425/425/425
f  427/427/427 428/428/428 429/429/429
f  430/430/430 431/431/431 432/432/432
f  433/433/433 430/430/430 432/432/432
f  434/434/434 435/435/435 436/436/436
f  437/437/437 438/438/438 439/439/439
f  440/440/440 437/437/437 439/439/439
f  441/441/441 442/442/442 443/443/443
f  444/444/444 441/441/441 443/443/443
f  445/445/445 446/446/446 447/447/447
f  448/448/448 449/449/449 450/450/450
f  451/451/451 452/452/452 453/453/453
f  454/454/454 451/451/451 453/453/453
f  455/455/455 456/456/456 457/457/457
f  458/458/458 455/455/455 457/457/457
f  459/459/459 460/460/460 461/461/461
f  462/462/462 463/463/463 464/464/464
f  465/465/465 462/462/462 464/464/464
f  466/466/466 467/467/467 468/468/468
f  469/469/469 466/466/466 468/468/468
f  470/470/470 471/471/471 472/472/472
f  473/473/473 470/470/470 472/472/472
f  474/474/474 475/475/475 476/476/476
f  477/477/477 474/474/474 476/476/476
f  478/478/478 479/479/479 480/480/480
f  481/481/481 478/478/478 480/480/480
f  482/482/482 483/483/483 484/484/484
f  485/485/485 482/482/482 484/484/484
f  486/486/486 487/487/487 488/488/488
f  489/489/489 486/486/486 488/488/488
f  490/490/490 491/491/491 492/492/492
f  493/493/493 490/490/490 492/492/492
f  494/494/494 495/495/495 496/496/496
f  497/497/497 494/494/494 496/496/496
f  498/498/498 499/499/499 500/500/500
f  501/501/501 498/498/498 500/500/500
f  502/502/502 503/503/503 504/504/504
f  505/505/505 502/502/502 504/504/504
f  506/506/506 507/507/507 508/508/508
f  509/509/509 506/506/506 508/508/508
f  510/510/510 511/511/511 512/512/512
f  513/513/513 510/510/510 512/512/512
f  514/514/514 515/515/515 516/516/516
f  517/517/517 518/518/518 519/519/519
f  520/520/520 521/521/521 522/522/522
f  523/523/523 524/524/524 525/525/525
f  526/526/526 523/523/523 525/525/525
f  527/527/527 528/528/528 529/529/529
f  530/530/530 531/531/531 532/532/532
f  533/533/533 530/530/530 532/532/532
f  534/534/534 535/535/535 536/536/536
f  537/537/537 534/534/534 536/536/536
f  538/538/538 539/539/539 540/540/540
f  541/541/541 538/538/538 540/540/540
f  542/542/542 543/543/543 544/544/544
f  545/545/545 542/542/542 544/544/544
f  546/546/546 547/547/547 548/548/548
f  549/549/549 546/546/546 548/548/548
f  550/550/550 551/551/551 552/552/552
f  553/553/553 550/550/550 552/552/552
f  554/554/554 555/555/555 556/556/556
f  557/557/557 554/554/554 556/556/556
f  558/558/558 559/559/559 560/560/560
f  561/561/561 558/558/558 560/560/560
f  562/562/562 563/563/563 564/564/564
f  565/565/565 562/562/562 564/564/564
f  566/566/566 567/567/567 568/568/568
f  569/569/569 566/566/566 568/568/568
f  570/570/570 571/571/571 572/572/572
f  573/573/573 570/570/570 572/572/572
f  574/574/574 575/575/575 576/576/576
f  577/577/577 574/574/574 576/576/576
f  578/578/578 579/579/579 580/580/580
f  581/581/581 578/578/578 580/580/580
f  582/582/582 583/583/583 584/584/584
f  585/585/585 582/582/582 584/584/584
f  586/586/586 587/587/587 588/588/588
f  589/589/589 586/586/586 588/588/588
f  590/590/590 591/591/591 592/592/592
f  593/593/593 590/590/590 592/592/592
f  594/594/594 595/595/595 596/596/596
f  597/597/597 594/594/594 596/596/596
f  598/598/598 599/599/599 600/600/600
f  601/601/601 598/598/598 600/600/600
f  602/602/602 603/603/603 604/604/604
f  605/605/605 602/602/602 604/604/604
f  606/606/606 607/607/607 608/608/608
f  609/609/609 606/606/606 608/608/608
f  610/610/610 611/611/611 612/612/612
f  613/613/613 610/610/610 612/612/612
f  614/614/614 615/615/615 616/616/616
f  617/617/617 614/614/614 616/616/616
f  618/618/618 619/619/619 620/620/620
f  621/621/621 618/618/618 620/620/620
f  622/622/622 623/623/623 624/624/624
f  625/625/625 622/622/622 624/624/624
f  626/626/626 627/627/627 628/628/628
f  629/629/629 630/630/630 631/631/631
f  632/632/632 629/629/629 631/631/631
f  633/633/633 634/634/634 635/635/635
f  636/636/636 633/633/633 635/635/635
f  637/637/637 638/638/638 639/639/639
f  640/640/640 637/637/637 639/639/639
f  641/641/641 642/642/642 643/643/643
f  644/644/644 641/641/641 643/643/643
f  645/645/645 646/646/646 647/647/647
f  648/648/648 645/645/645 647/647/647
f  649/649/649 650/650/650 651/651/651
f  652/652/652 649/649/649 651/651/651
f  653/653/653 654/654/654 655/655/655
f  656/656/656 653/653/653 655/655/655
f  657/657/657 658/658/658 659/659/659
f  660/660/660 657/657/657 659/659/659
f  661/661/661 662/662/662 663/663/663
f  664/664/664 661/661/661 663/663/663
f  665/665/665 666/666/666 667/667/667
f  668/668/668 665/665/665 667/667/667
f  669/669/669 670/670/670 671/671/671
f  672/672/672 669/669/669 671/671/671
f  673/673/673 674/674/674 675/675/675
f  676/676/676 673/673/673 675/675/675
f  677/677/677 678/678/678 679/679/679
f  680/680/680 677/677/677 679/679/679
f  681/681/681 682/682/682 683/683/683
f  684/684/684 681/681/681 683/683/683
f  685/685/685 686/686/686 687/687/687
f  688/688/688 685/685/685 687/687/687
f  689/689/689 690/690/690 691/691/691
f  692/692/692 689/689/689 691/691/691
f  693/693/693 694/694/694 695/695/695
f  696/696/696 693/693/693 695/695/695
f  697/697/697 698/698/698 699/699/699
f  700/700/700 697/697/697 699/699/699
f  701/701/701 702/702/702 703/703/703
f  704/704/704 701/701/701 703/703/703
f  705/705/705 706/706/706 707/707/707
f  708/708/708 705/705/705 707/707/707
f  709/709/709 710/710/710 711/711/711
f  712/712/712 709/709/709 711/711/711
f  713/713/713 714/714/714 715/715/715
f  716/716/716 713/713/713 715/715/715
f  717/717/717 718/718/718 719/719/719
f  720/720/720 717/717/717 719/719/719
f  721/721/721 722/722/722 723/723/723
f  724/724/724 721/721/721 723/723/723
f  725/725/725 726/726/726 727/727/727
f  728/728/728 725/725/725 727/727/727
f  729/729/729 730/730/730 731/731/731
f  732/732/732 729/729/729 731/731/731
f  733/733/733 734/734/734 735/735/735
f  736/736/736 737/737/737 738/738/738
f  739/739/739 740/740/740 741/741/741
f  742/742/742 739/739/739 741/741/741
f  743/743/743 744/744/744 745/745/745
f  746/746/746 743/743/743 745/745/745
f  747/747/747 748/748/748 749/749/749
f  750/750/750 747/747/747 749/749/749
f  751/751/751 752/752/752 753/753/753
f  754/754/754 751/751/751 753/753/753
f  755/755/755 756/756/756 757/757/757
f  758/758/758 755/755/755 757/757/757
f  759/759/759 760/760/760 761/761/761
f  762/762/762 759/759/759 761/761/761
f  763/763/763 764/764/764 765/765/765
f  766/766/766 763/763/763 765/765/765
f  767/767/767 768/768/768 769/769/769
f  770/770/770 771/771/771 772/772/772
f  773/773/773 774/774/774 775/775/775
f  776/776/776 773/773/773 775/775/775
f  777/777/777 778/778/778 779/779/779
f  780/780/780 777/777/777 779/779/779
f  781/781/781 782/782/782 783/783/783
f  784/784/784 781/781/781 783/783/783
f  785/785/785 786/786/786 787/787/787
f  788/788/788 785/785/785 787/787/787
f  789/789/789 790/790/790 791/791/791
f  792/792/792 789/789/789 791/791/791
f  793/793/793 794/794/794 795/795/795
f  796/796/796 793/793/793 795/795/795
f  797/797/797 798/798/798 799/799/799
f  800/800/800 797/797/797 799/799/799
f  801/801/801 802/802/802 803/803/803
f  804/804/804 801/801/801 803/803/803
f  805/805/805 806/806/806 807/807/807
f  808/808/808 805/805/805 807/807/807
f  809/809/809 810/810/810 811/811/811
f  812/812/812 809/809/809 811/811/811
f  813/813/813 814/814/814 815/815/815
f  816/816/816 813/813/813 815/815/815
f  817/817/817 818/818/818 819/819/819
f  820/820/820 817/817/817 819/819/819
f  821/821/821 822/822/822 823/823/823
f  824/824/824 821/821/821 823/823/823
f  825/825/825 826/826/826 827/827/827
f  828/828/828 825/825/825 827/827/827
f  829/829/829 830/830/830 831/831/831
f  832/832/832 829/829/829 831/831/831
f  833/833/833 834/834/834 835/835/835
f  836/836/836 833/833/833 835/835/835
f  837/837/837 838/838/838 839/839/839
f  840/840/840 837/837/837 839/839/839
f  841/841/841 842/842/842 843/843/843
f  844/844/844 841/841/841 843/843/843
f  845/845/845 846/846/846 847/847/847
f  848/848/848 845/845/845 847/847/847
f  849/849/849 850/850/850 851/851/851
f  852/852/852 849/849/849 851/851/851
f  853/853/853 854/854/854 855/855/855
f  856/856/856 853/853/853 855/855/855
f  857/857/857 858/858/858 859/859/859
f  860/860/860 857/857/857 859/859/859
f  861/861/861 862/862/862 863/863/863
f  864/864/864 861/861/861 863/863/863
f  865/865/865 866/866/866 867/867/867
f  868/868/868 865/865/865 867/867/867
f  869/869/869 870/870/870 871/871/871
f  872/872/872 869/869/869 871/871/871
f  873/873/873 874/874/874 875/875/875
f  876/876/876 873/873/873 875/875/875
f  877/877/877 878/878/878 879/879/879
f  880/880/880 877/877/877 879/879/879
f  881/881/881 882/882/882 883/883/883
f  884/884/884 881/881/881 883/883/883
f  885/885/885 886/886/886 887/887/887
f  888/888/888 885/885/885 887/887/887
f  889/889/889 890/890/890 891/891/891
f  892/892/892 889/889/889 891/891/891
f  893/893/893 894/894/894 895/895/895
f  896/896/896 893/893/893 895/895/895
f  897/897/897 898/898/898 899/899/899
f  900/900/900 897/897/897 899/899/899
f  901/901/901 902/902/902 903/903/903
f  904/904/904 901/901/901 903/903/903
f  905/905/905 906/906/906 907/907/907
f  908/908/908 905/905/905 907/907/907
f  909/909/909 910/910/910 911/911/911
f  912/912/912 909/909/909 911/911/911
f  913/913/913 914/914/914 915/915/915
f  916/916/916 913/913/913 915/915/915
f  917/917/917 918/918/918 919/919/919
f  920/920/920 921/921/921 922/922/922
f  923/923/923 924/924/924 925/925/925
f  926/926/926 923/923/923 925/925/925
f  927/927/927 928/928/928 929/929/929
f  930/930/930 927/927/927 929/929/929
f  931/931/931 932/932/932 933/933/933
f  934/934/934 931/931/931 933/933/933
f  935/935/935 936/936/936 937/937/937
f  938/938/938 935/935/935 937/937/937
f  939/939/939 940/940/940 941/941/941
f  942/942/942 939/939/939 941/941/941
f  943/943/943 944/944/944 945/945/945
f  946/946/946 947/947/947 948/948/948
f  949/949/949 950/950/950 951/951/951
f  952/952/952 953/953/953 954/954/954
f  955/955/955 956/956/956 957/957/957
f  958/958/958 959/959/959 960/960/960
f  961/961/961 962/962/962 963/963/963
f  964/964/964 961/961/961 963/963/963
f  965/965/965 966/966/966 967/967/967
f  968/968/968 965/965/965 967/967/967
f  969/969/969 970/970/970 971/971/971
f  972/972/972 969/969/969 971/971/971
f  973/973/973 974/974/974 975/975/975
f  976/976/976 973/973/973 975/975/975
f  977/977/977 978/978/978 979/979/979
f  980/980/980 977/977/977 979/979/979
f  981/981/981 982/982/982 983/983/983
f  984/984/984 981/981/981 983/983/983
f  985/985/985 986/986/986 987/987/987
f  988/988/988 985/985/985 987/987/987
f  989/989/989 990/990/990 991/991/991
f  992/992/992 993/993/993 994/994/994
f  995/995/995 992/992/992 994/994/994
f  996/996/996 997/997/997 998/998/998
f  999/999/999 996/996/996 998/998/998
f  1000/1000/1000 1001/1001/1001 1002/1002/1002
f  1003/1003/1003 1000/1000/1000 1002/1002/1002
f  1004/1004/1004 1005/1005/1005 1006/1006/1006
f  1007/1007/1007 1004/1004/1004 1006/1006/1006
f  1008/1008/1008 1009/1009/1009 1010/1010/1010
f  1011/1011/1011 1008/1008/1008 1010/1010/1010
f  1012/1012/1012 1013/1013/1013 1014/1014/1014
f  1015/1015/1015 1012/1012/1012 1014/1014/1014
f  1016/1016/1016 1017/1017/1017 1018/1018/1018
f  1019/1019/1019 1016/1016/1016 1018/1018/1018
f  1020/1020/1020 1021/1021/1021 1022/1022/1022
f  1023/1023/1023 1020/1020/1020 1022/1022/1022
f  1024/1024/1024 1025/1025/1025 1026/1026/1026
f  1027/1027/1027 1028/1028/1028 1029/1029/1029
f  1030/1030/1030 1027/1027/1027 1029/1029/1029
f  1031/1031/1031 1032/1032/1032 1033/1033/1033
f  1034/1034/1034 1031/1031/1031 1033/1033/1033
f  1035/1035/1035 1036/1036/1036 1037/1037/1037
f  1038/1038/1038 1039/1039/1039 1040/1040/1040
f  1041/1041/1041 1042/1042/1042 1043/1043/1043
f  1044/1044/1044 1041/1041/1041 1043/1043/1043
f  1045/1045/1045 1046/1046/1046 1047/1047/1047
f  1048/1048/1048 1045/1045/1045 1047/1047/1047
f  1049/1049/1049 1050/1050/1050 1051/1051/1051
f  1052/1052/1052 1053/1053/1053 1054/1054/1054
f  1055/1055/1055 1056/1056/1056 1057/1057/1057
f  1058/1058/1058 1055/1055/1055 1057/1057/1057
f  1059/1059/1059 1060/1060/1060 1061/1061/1061
f  1062/1062/1062 1063/1063/1063 1064/1064/1064
f  1065/1065/1065 1062/1062/1062 1064/1064/1064
f  1066/1066/1066 1067/1067/1067 1068/1068/1068
f  1069/1069/1069 1066/1066/1066 1068/1068/1068
f  1070/1070/1070 1071/1071/1071 1072/1072/1072
f  1073/1073/1073 1070/1070/1070 1072/1072/1072
f  1074/1074/1074 1075/1075/1075 1076/1076/1076
f  1077/1077/1077 1074/1074/1074 1076/1076/1076
f  1078/1078/1078 1079/1079/1079 1080/1080/1080
f  1081/1081/1081 1078/1078/1078 1080/1080/1080
f  1082/1082/1082 1083/1083/1083 1084/1084/1084
f  1085/1085/1085 1082/1082/1082 1084/1084/1084
f  1086/1086/1086 1087/1087/1087 1088/1088/1088
f  1089/1089/1089 1086/1086/1086 1088/1088/1088
f  1090/1090/1090 1091/1091/1091 1092/1092/1092
f  1093/1093/1093 1090/1090/1090 1092/1092/1092
f  1094/1094/1094 1095/1095/1095 1096/1096/1096
f  1097/1097/1097 1094/1094/1094 1096/1096/1096
f  1098/1098/1098 1099/1099/1099 1100/1100/1100
f  1101/1101/1101 1102/1102/1102 1103/1103/1103
f  1104/1104/1104 1101/1101/1101 1103/1103/1103
f  1105/1105/1105 1106/1106/1106 1107/1107/1107
f  1108/1108/1108 1105/1105/1105 1107/1107/1107
f  1109/1109/1109 1110/1110/1110 1111/1111/1111
f  1112/1112/1112 1109/1109/1109 1111/1111/1111
f  1113/1113/1113 1114/1114/1114 1115/1115/1115
f  1116/1116/1116 1113/1113/1113 1115/1115/1115
f  1117/1117/1117 1118/1118/1118 1119/1119/1119
f  1120/1120/1120 1117/1117/1117 1119/1119/1119
f  1121/1121/1121 1122/1122/1122 1123/1123/1123
f  1124/1124/1124 1121/1121/1121 1123/1123/1123
f  1125/1125/1125 1126/1126/1126 1127/1127/1127
f  1128/1128/1128 1125/1125/1125 1127/1127/1127
f  1129/1129/1129 1130/1130/1130 1131/1131/1131
f  1132/1132/1132 1133/1133/1133 1134/1134/1134
f  1135/1135/1135 1132/1132/1132 1134/1134/1134
f  1136/1136/1136 1137/1137/1137 1138/1138/1138
f  1139/1139/1139 1136/1136/1136 1138/1138/1138
f  1140/1140/1140 1141/1141/1141 1142/1142/1142
f  1143/1143/1143 1140/1140/1140 1142/1142/1142
f  1144/1144/1144 1145/1145/1145 1146/1146/1146
f  1147/1147/1147 1148/1148/1148 1149/1149/1149
f  1150/1150/1150 1147/1147/1147 1149/1149/1149
f  1151/1151/1151 1152/1152/1152 1153/1153/1153
f  1154/1154/1154 1155/1155/1155 1156/1156/1156
f  1157/1157/1157 1158/1158/1158 1159/1159/1159
f  1160/1160/1160 1157/1157/1157 1159/1159/1159
f  1161/1161/1161 1162/1162/1162 1163/1163/1163
f  1164/1164/1164 1161/1161/1161 1163/1163/1163
f  1165/1165/1165 1166/1166/1166 1167/1167/1167
f  1168/1168/1168 1165/1165/1165 1167/1167/1167
f  1169/1169/1169 1170/1170/1170 1171/1171/1171
f  1172/1172/1172 1173/1173/1173 1174/1174/1174
f  1175/1175/1175 1172/1172/1172 1174/1174/1174
f  1176/1176/1176 1177/1177/1177 1178/1178/1178
f  1179/1179/1179 1176/1176/1176 1178/1178/1178
f  1180/1180/1180 1181/1181/1181 1182/1182/1182
f  1183/1183/1183 1184/1184/1184 1185/1185/1185
f  1186/1186/1186 1187/1187/1187 1188/1188/1188
f  1189/1189/1189 1186/1186/1186 1188/1188/1188
f  1190/1190/1190 1191/1191/1191 1192/1192/1192
f  1193/1193/1193 1190/1190/1190 1192/1192/1192
f  1194/1194/1194 1195/1195/1195 1196/1196/1196
f  1197/1197/1197 1198/1198/1198 1199/1199/1199
f  1200/1200/1200 1201/1201/1201 1202/1202/1202
f  1203/1203/1203 1200/1200/1200 1202/1202/1202
f  1204/1204/1204 1205/1205/1205 1206/1206/1206
f  1207/1207/1207 1208/1208/1208 1209/1209/1209
f  1210/1210/1210 1211/1211/1211 1212/1212/1212
f  1213/1213/1213 1214/1214/1214 1215/1215/1215
f  1216/1216/1216 1217/1217/1217 1218/1218/1218
f  1219/1219/1219 1216/1216/1216 1218/1218/1218
f  1220/1220/1220 1221/1221/1221 1222/1222/1222
f  1223/1223/1223 1220/1220/1220 1222/1222/1222
f  1224/1224/1224 1225/1225/1225 1226/1226/1226
f  1227/1227/1227 1224/1224/1224 1226/1226/1226
f  1228/1228/1228 1229/1229/1229 1230/1230/1230
f  1231/1231/1231 1228/1228/1228 1230/1230/1230
f  1232/1232/1232 1233/1233/1233 1234/1234/1234
f  1235/1235/1235 1232/1232/1232 1234/1234/1234
f  1236/1236/1236 1237/1237/1237 1238/1238/1238
f  1239/1239/1239 1236/1236/1236 1238/1238/1238
f  1240/1240/1240 1241/1241/1241 1242/1242/1242
f  1243/1243/1243 1240/1240/1240 1242/1242/1242
f  1244/1244/1244 1245/1245/1245 1246/1246/1246
f  1247/1247/1247 1248/1248/1248 1249/1249/1249
f  1250/1250/1250 1247/1247/1247 1249/1249/1249
f  1251/1251/1251 1252/1252/1252 1253/1253/1253
f  1254/1254/1254 1251/1251/1251 1253/1253/1253
f  1255/1255/1255 1256/1256/1256 1257/1257/1257
f  1258/1258/1258 1255/1255/1255 1257/1257/1257
f  1259/1259/1259 1260/1260/1260 1261/1261/1261
f  1262/1262/1262 1259/1259/1259 1261/1261/1261
f  1263/1263/1263 1264/1264/1264 1265/1265/1265
f  1266/1266/1266 1263/1263/1263 1265/1265/1265
f  1267/1267/1267 1268/1268/1268 1269/1269/1269
f  1270/1270/1270 1271/1271/1271 1272/1272/1272
f  1273/1273/1273 1270/1270/1270 1272/1272/1272
f  1274/1274/1274 1275/1275/1275 1276/1276/1276
f  1277/1277/1277 1274/1274/1274 1276/1276/1276
f  1278/1278/1278 1279/1279/1279 1280/1280/1280
f  1281/1281/1281 1282/1282/1282 1283/1283/1283
f  1284/1284/1284 1281/1281/1281 1283/1283/1283
f  1285/1285/1285 1286/1286/1286 1287/1287/1287
f  1288/1288/1288 1285/1285/1285 1287/1287/1287
f  1289/1289/1289 1290/1290/1290 1291/1291/1291
f  1292/1292/1292 1289/1289/1289 1291/1291/1291
f  1293/1293/1293 1294/1294/1294 1295/1295/1295
f  1296/1296/1296 1293/1293/1293 1295/1295/1295
f  1297/1297/1297 1298/1298/1298 1299/1299/1299
f  1300/1300/1300 1297/1297/1297 1299/1299/1299
f  1301/1301/1301 1302/1302/1302 1303/1303/1303
f  1304/1304/1304 1301/1301/1301 1303/1303/1303
f  1305/1305/1305 1306/1306/1306 1307/1307/1307
f  1308/1308/1308 1305/1305/1305 1307/1307/1307
f  1309/1309/1309 1310/1310/1310 1311/1311/1311
f  1312/1312/1312 1309/1309/1309 1311/1311/1311
f  1313/1313/1313 1314/1314/1314 1315/1315/1315
f  1316/1316/1316 1313/1313/1313 1315/1315/1315
f  1317/1317/1317 1318/1318/1318 1319/1319/1319
f  1320/1320/1320 1317/1317/1317 1319/1319/1319
f  1321/1321/1321 1322/1322/1322 1323/1323/1323
f  1324/1324/1324 1325/1325/1325 1326/1326/1326
f  1327/1327/1327 1324/1324/1324 1326/1326/1326
f  1328/1328/1328 1329/1329/1329 1330/1330/1330
f  1331/1331/1331 1328/1328/1328 1330/1330/1330
f  1332/1332/1332 1333/1333/1333 1334/1334/1334
f  1335/1335/1335 1336/1336/1336 1337/1337/1337
f  1338/1338/1338 1339/1339/1339 1340/1340/1340
f  1341/1341/1341 1338/1338/1338 1340/1340/1340
f  1342/1342/1342 1343/1343/1343 1344/1344/1344
f  1345/1345/1345 1346/1346/1346 1347/1347/1347
f  1348/1348/1348 1345/1345/1345 1347/1347/1347
f  1349/1349/1349 1350/1350/1350 1351/1351/1351
f  1352/1352/1352 1349/1349/1349 1351/1351/1351
f  1353/1353/1353 1354/1354/1354 1355/1355/1355
f  1356/1356/1356 1353/1353/1353 1355/1355/1355
f  1357/1357/1357 1358/1358/1358 1359/1359/1359
f  1360/1360/1360 1357/1357/1357 1359/1359/1359
f  1361/1361/1361 1362/1362/1362 1363/1363/1363
f  1364/1364/1364 1361/1361/1361 1363/1363/1363
f  1365/1365/1365 1366/1366/1366 1367/1367/1367
f  1368/1368/1368 1365/1365/1365 1367/1367/1367
f  1369/1369/1369 1370/1370/1370 1371/1371/1371
f  1372/1372/1372 1369/1369/1369 1371/1371/1371
f  1373/1373/1373 1374/1374/1374 1375/1375/1375
f  1376/1376/1376 1373/1373/1373 1375/1375/1375
f  1377/1377/1377 1378/1378/1378 1379/1379/1379
f  1380/1380/1380 1377/1377/1377 1379/1379/1379
f  1381/1381/1381 1382/1382/1382 1383/1383/1383
f  1384/1384/1384 1381/1381/1381 1383/1383/1383
f  1385/1385/1385 1386/1386/1386 1387/1387/1387
f  1388/1388/1388 1385/1385/1385 1387/1387/1387
f  1389/1389/1389 1390/1390/1390 1391/1391/1391
f  1392/1392/1392 1389/1389/1389 1391/1391/1391
f  1393/1393/1393 1394/1394/1394 1395/1395/1395
f  1396/1396/1396 1393/1393/1393 1395/1395/1395
f  1397/1397/1397 1398/1398/1398 1399/1399/1399
f  1400/1400/1400 1397/1397/1397 1399/1399/1399
f  1401/1401/1401 1402/1402/1402 1403/1403/1403
f  1404/1404/1404 1401/1401/1401 1403/1403/1403
f  1405/1405/1405 1406/1406/1406 1407/1407/1407
f  1408/1408/1408 1405/1405/1405 1407/1407/1407
f  1409/1409/1409 1410/1410/1410 1411/1411/1411
f  1412/1412/1412 1409/1409/1409 1411/1411/1411
f  1413/1413/1413 1414/1414/1414 1415/1415/1415
f  1416/1416/1416 1413/1413/1413 1415/1415/1415
f  1417/1417/1417 1418/1418/1418 1419/1419/1419
f  1420/1420/1420 1417/1417/1417 1419/1419/1419
f  1421/1421/1421 1422/1422/1422 1423/1423/1423
f  1424/1424/1424 1421/1421/1421 1423/1423/1423
f  1425/1425/1425 1426/1426/1426 1427/1427/1427
f  1428/1428/1428 1425/1425/1425 1427/1427/1427
f  1429/1429/1429 1430/1430/1430 1431/1431/1431
f  1432/1432/1432 1429/1429/1429 1431/1431/1431
f  1433/1433/1433 1434/1434/1434 1435/1435/1435
f  1436/1436/1436 1433/1433/1433 1435/1435/1435
f  1437/1437/1437 1438/1438/1438 1439/1439/1439
f  1440/1440/1440 1437/1437/1437 1439/1439/1439
f  1441/1441/1441 1442/1442/1442 1443/1443/1443
f  1444/1444/1444 1441/1441/1441 1443/1443/1443
f  1445/1445/1445 1446/1446/1446 1447/1447/1447
f  1448/1448/1448 1449/1449/1449 1450/1450/1450
f  1451/1451/1451 1448/1448/1448 1450/1450/1450
f  1452/1452/1452 1453/1453/1453 1454/1454/1454
f  1455/1455/1455 1452/1452/1452 1454/1454/1454
f  1456/1456/1456 1457/1457/1457 1458/1458/1458
f  1459/1459/1459 1456/1456/1456 1458/1458/1458
f  1460/1460/1460 1461/1461/1461 1462/1462/1462
f  1463/1463/1463 1460/1460/1460 1462/1462/1462
f  1464/1464/1464 1465/1465/1465 1466/1466/1466
f  1467/1467/1467 1464/1464/1464 1466/1466/1466
f  1468/1468/1468 1469/1469/1469 1470/1470/1470
f  1471/1471/1471 1468/1468/1468 1470/1470/1470
f  1472/1472/1472 1473/1473/1473 1474/1474/1474
f  1475/1475/1475 1472/1472/1472 1474/1474/1474
f  1476/1476/1476 1477/1477/1477 1478/1478/1478
f  1479/1479/1479 1476/1476/1476 1478/1478/1478
f  1480/1480/1480 1481/1481/1481 1482/1482/1482
f  1483/1483/1483 1480/1480/1480 1482/1482/1482
f  1484/1484/1484 1485/1485/1485 1486/1486/1486
f  1487/1487/1487 1484/1484/1484 1486/1486/1486
f  1488/1488/1488 1489/1489/1489 1490/1490/1490
f  1491/1491/1491 1488/1488/1488 1490/1490/1490
f  1492/1492/1492 1493/1493/1493 1494/1494/1494
f  1495/1495/1495 1492/1492/1492 1494/1494/1494
f  1496/1496/1496 1497/1497/1497 1498/1498/1498
f  1499/1499/1499 1496/1496/1496 1498/1498/1498
f  1500/1500/1500 1501/1501/1501 1502/1502/1502
f  1503/1503/1503 1500/1500/1500 1502/1502/1502
f  1504/1504/1504 1505/1505/1505 1506/1506/1506
f  1507/1507/1507 1504/1504/1504 1506/1506/1506
f  1508/1508/1508 1509/1509/1509 1510/1510/1510
f  1511/1511/1511 1508/1508/1508 1510/1510/1510
f  1512/1512/1512 1513/1513/1513 1514/1514/1514
f  1515/1515/1515 1512/1512/1512 1514/1514/1514
f  1516/1516/1516 1517/1517/1517 1518/1518/1518
f  1519/1519/1519 1516/1516/1516 1518/1518/1518
f  1520/1520/1520 1521/1521/1521 1522/1522/1522
f  1523/1523/1523 1520/1520/1520 1522/1522/1522
f  1524/1524/1524 1525/1525/1525 1526/1526/1526
f  1527/1527/1527 1524/1524/1524 1526/1526/1526
f  1528/1528/1528 1529/1529/1529 1530/1530/1530
f  1531/1531/1531 1528/1528/1528 1530/1530/1530
f  1532/1532/1532 1533/1533/1533 1534/1534/1534
f  1535/1535/1535 1532/1532/1532 1534/1534/1534
f  1536/1536/1536 1537/1537/1537 1538/1538/1538
f  1539/1539/1539 1536/1536/1536 1538/1538/1538
f  1540/1540/1540 1541/1541/1541 1542/1542/1542
f  1543/1543/1543 1540/1540/1540 1542/1542/1542
f  1544/1544/1544 1545/1545/1545 1546/1546/1546
f  1547/1547/1547 1544/1544/1544 1546/1546/1546
f  1548/1548/1548 1549/1549/1549 1550/1550/1550
f  1551/1551/1551 1548/1548/1548 1550/1550/1550
f  1552/1552/1552 1553/1553/1553 1554/1554/1554
f  1555/1555/1555 1556/1556/1556 1557/1557/1557
f  1558/1558/1558 1559/1559/1559 1560/1560/1560
f  1561/1561/1561 1558/1558/1558 1560/1560/1560
f  1562/1562/1562 1563/1563/1563 1564/1564/1564
f  1565/1565/1565 1562/1562/1562 1564/1564/1564
f  1566/1566/1566 1567/1567/1567 1568/1568/1568
f  1569/1569/1569 1566/1566/1566 1568/1568/1568
f  1570/1570/1570 1571/1571/1571 1572/1572/1572
f  1573/1573/1573 1570/1570/1570 1572/1572/1572
f  1574/1574/1574 1575/1575/1575 1576/1576/1576
f  1577/1577/1577 1574/1574/1574 1576/1576/1576
f  1578/1578/1578 1579/1579/1579 1580/1580/1580
f  1581/1581/1581 1578/1578/1578 1580/1580/1580
f  1582/1582/1582 1583/1583/1583 1584/1584/1584
f  1585/1585/1585 1582/1582/1582 1584/1584/1584
f  1586/1586/1586 1587/1587/1587 1588/1588/1588
f  1589/1589/1589 1590/1590/1590 1591/1591/1591
f  1592/1592/1592 1593/1593/1593 1594/1594/1594
f  1595/1595/1595 1592/1592/1592 1594/1594/1594
f  1596/1596/1596 1597/1597/1597 1598/1598/1598
f  1599/1599/1599 1596/1596/1596 1598/1598/1598
f  1600/1600/1600 1601/1601/1601 1602/1602/1602
f  1603/1603/1603 1600/1600/1600 1602/1602/1602
f  1604/1604/1604 1605/1605/1605 1606/1606/1606
f  1607/1607/1607 1604/1604/1604 1606/1606/1606
f  1608/1608/1608 1609/1609/1609 1610/1610/1610
f  1611/1611/1611 1608/1608/1608 1610/1610/1610
f  1612/1612/1612 1613/1613/1613 1614/1614/1614
f  1615/1615/1615 1612/1612/1612 1614/1614/1614
f  1616/1616/1616 1617/1617/1617 1618/1618/1618
f  1619/1619/1619 1616/1616/1616 1618/1618/1618
f  1620/1620/1620 1621/1621/1621 1622/1622/1622
f  1623/1623/1623 1620/1620/1620 1622/1622/1622
f  1624/1624/1624 1625/1625/1625 1626/1626/1626
f  1627/1627/1627 1624/1624/1624 1626/1626/1626
f  1628/1628/1628 1629/1629/1629 1630/1630/1630
f  1631/1631/1631 1628/1628/1628 1630/1630/1630
f  1632/1632/1632 1633/1633/1633 1634/1634/1634
f  1635/1635/1635 1632/1632/1632 1634/1634/1634
f  1636/1636/1636 1637/1637/1637 1638/1638/1638
f  1639/1639/1639 1636/1636/1636 1638/1638/1638
f  1640/1640/1640 1641/1641/1641 1642/1642/1642
f  1643/1643/1643 1640/1640/1640 1642/1642/1642
f  1644/1644/1644 1645/1645/1645 1646/1646/1646
f  1647/1647/1647 1644/1644/1644 1646/1646/1646
f  1648/1648/1648 1649/1649/1649 1650/1650/1650
f  1651/1651/1651 1648/1648/1648 1650/1650/1650
f  2/2/2 1652/1652/1652 3/3/3
f  1653/1653/1653 1654/1654/1654 1655/1655/1655
f  1656/1656/1656 1653/1653/1653 1655/1655/1655
f  9/9/9 1657/1657/1657 10/10/10
f  1658/1658/1658 43/43/43 45/45/45
f  1659/1659/1659 46/46/46 48/48/48
f  1660/1660/1660 49/49/49 51/51/51
f  1661/1661/1661 52/52/52 54/54/54
f  1662/1662/1662 55/55/55 57/57/57
f  1663/1663/1663 58/58/58 60/60/60
f  1664/1664/1664 1665/1665/1665 1666/1666/1666
f  1667/1667/1667 1664/1664/1664 1666/1666/1666
f  1668/1668/1668 1669/1669/1669 1670/1670/1670
f  1671/1671/1671 1668/1668/1668 1670/1670/1670
f  1672/1672/1672 1673/1673/1673 1674/1674/1674
f  1675/1675/1675 1672/1672/1672 1674/1674/1674
f  1676/1676/1676 1677/1677/1677 1678/1678/1678
f  1679/1679/1679 1676/1676/1676 1678/1678/1678
f  1680/1680/1680 1681/1681/1681 1682/1682/1682
f  1683/1683/1683 1680/1680/1680 1682/1682/1682
f  1684/1684/1684 1685/1685/1685 1686/1686/1686
f  1687/1687/1687 1684/1684/1684 1686/1686/1686
f  1688/1688/1688 1689/1689/1689 1690/1690/1690
f  1691/1691/1691 1688/1688/1688 1690/1690/1690
f  1692/1692/1692 1693/1693/1693 1694/1694/1694
f  1695/1695/1695 1692/1692/1692 1694/1694/1694
f  1696/1696/1696 1697/1697/1697 1698/1698/1698
f  1699/1699/1699 1696/1696/1696 1698/1698/1698
f  1700/1700/1700 1701/1701/1701 1702/1702/1702
f  1703/1703/1703 1700/1700/1700 1702/1702/1702
f  1704/1704/1704 1705/1705/1705 1706/1706/1706
f  1707/1707/1707 1704/1704/1704 1706/1706/1706
f  1708/1708/1708 1709/1709/1709 1710/1710/1710
f  1711/1711/1711 1708/1708/1708 1710/1710/1710
f  62/62/62 1712/1712/1712 63/63/63
f  65/65/65 1713/1713/1713 66/66/66
f  68/68/68 1714/1714/1714 69/69/69
f  71/71/71 1715/1715/1715 72/72/72
f  74/74/74 1716/1716/1716 75/75/75
f  1717/1717/1717 1718/1718/1718 1719/1719/1719
f  1720/1720/1720 1717/1717/1717 1719/1719/1719
f  1721/1721/1721 1722/1722/1722 1723/1723/1723
f  1724/1724/1724 1725/1725/1725 1726/1726/1726
f  1727/1727/1727 1724/1724/1724 1726/1726/1726
f  1728/1728/1728 1729/1729/1729 1730/1730/1730
f  1731/1731/1731 1728/1728/1728 1730/1730/1730
f  1732/1732/1732 1733/1733/1733 1734/1734/1734
f  1735/1735/1735 1732/1732/1732 1734/1734/1734
f  1736/1736/1736 1737/1737/1737 1738/1738/1738
f  1739/1739/1739 1736/1736/1736 1738/1738/1738
f  1740/1740/1740 1741/1741/1741 1742/1742/1742
f  1743/1743/1743 1740/1740/1740 1742/1742/1742
f  1744/1744/1744 1745/1745/1745 1746/1746/1746
f  1747/1747/1747 1744/1744/1744 1746/1746/1746
f  1748/1748/1748 1749/1749/1749 1750/1750/1750
f  1751/1751/1751 1748/1748/1748 1750/1750/1750
f  1752/1752/1752 1753/1753/1753 1754/1754/1754
f  1755/1755/1755 1752/1752/1752 1754/1754/1754
f  1756/1756/1756 1757/1757/1757 1758/1758/1758
f  1759/1759/1759 1756/1756/1756 1758/1758/1758
f  1760/1760/1760 1761/1761/1761 1762/1762/1762
f  1763/1763/1763 1760/1760/1760 1762/1762/1762
f  1764/1764/1764 1765/1765/1765 1766/1766/1766
f  1767/1767/1767 1764/1764/1764 1766/1766/1766
f  1768/1768/1768 1769/1769/1769 1770/1770/1770
f  1771/1771/1771 1768/1768/1768 1770/1770/1770
f  1772/1772/1772 1773/1773/1773 1774/1774/1774
f  1775/1775/1775 1776/1776/1776 1777/1777/1777
f  1778/1778/1778 1779/1779/1779 1780/1780/1780
f  1781/1781/1781 1778/1778/1778 1780/1780/1780
f  1782/1782/1782 1783/1783/1783 1784/1784/1784
f  1785/1785/1785 1782/1782/1782 1784/1784/1784
f  1786/1786/1786 1787/1787/1787 1788/1788/1788
f  1789/1789/1789 1790/1790/1790 1791/1791/1791
f  1792/1792/1792 1789/1789/1789 1791/1791/1791
f  1793/1793/1793 1794/1794/1794 1795/1795/1795
f  1796/1796/1796 1797/1797/1797 1798/1798/1798
f  1799/1799/1799 1800/1800/1800 1801/1801/1801
f  1802/1802/1802 1803/1803/1803 1804/1804/1804
f  1805/1805/1805 1806/1806/1806 1807/1807/1807
f  98/98/98 1808/1808/1808 99/99/99
f  101/101/101 1809/1809/1809 102/102/102
f  104/104/104 1810/1810/1810 105/105/105
f  1811/1811/1811 1812/1812/1812 1813/1813/1813
f  1814/1814/1814 109/109/109 111/111/111
f  1815/1815/1815 116/116/116 118/118/118
f  1816/1816/1816 119/119/119 121/121/121
f  1817/1817/1817 122/122/122 124/124/124
f  1818/1818/1818 1819/1819/1819 1820/1820/1820
f  1821/1821/1821 1818/1818/1818 1820/1820/1820
f  1822/1822/1822 1823/1823/1823 1824/1824/1824
f  1825/1825/1825 1822/1822/1822 1824/1824/1824
f  130/130/130 1826/1826/1826 131/131/131
f  1827/1827/1827 1828/1828/1828 1829/1829/1829
f  1830/1830/1830 1827/1827/1827 1829/1829/1829
f  1831/1831/1831 1832/1832/1832 1833/1833/1833
f  1834/1834/1834 1831/1831/1831 1833/1833/1833
f  1835/1835/1835 1836/1836/1836 1837/1837/1837
f  1838/1838/1838 1835/1835/1835 1837/1837/1837
f  1839/1839/1839 1840/1840/1840 1841/1841/1841
f  1842/1842/1842 1839/1839/1839 1841/1841/1841
f  1843/1843/1843 132/132/132 134/134/134
f  1844/1844/1844 1845/1845/1845 1846/1846/1846
f  1847/1847/1847 1844/1844/1844 1846/1846/1846
f  1848/1848/1848 1849/1849/1849 1850/1850/1850
f  1851/1851/1851 1848/1848/1848 1850/1850/1850
f  1852/1852/1852 1853/1853/1853 1854/1854/1854
f  1855/1855/1855 1852/1852/1852 1854/1854/1854
f  1856/1856/1856 1857/1857/1857 1858/1858/1858
f  1859/1859/1859 1856/1856/1856 1858/1858/1858
f  1860/1860/1860 1861/1861/1861 1862/1862/1862
f  1863/1863/1863 1860/1860/1860 1862/1862/1862
f  1864/1864/1864 1865/1865/1865 1866/1866/1866
f  1867/1867/1867 1864/1864/1864 1866/1866/1866
f  1868/1868/1868 1869/1869/1869 1870/1870/1870
f  1871/1871/1871 1868/1868/1868 1870/1870/1870
f  136/136/136 1872/1872/1872 137/137/137
f  139/139/139 1873/1873/1873 140/140/140
f  142/142/142 1874/1874/1874 143/143/143
f  145/145/145 1875/1875/1875 146/146/146
f  148/148/148 1876/1876/1876 149/149/149
f  151/151/151 1877/1877/1877 152/152/152
f  154/154/154 1878/1878/1878 155/155/155
f  1879/1879/1879 156/156/156 158/158/158
f  1880/1880/1880 159/159/159 161/161/161
f  1881/1881/1881 162/162/162 164/164/164
f  1882/1882/1882 165/165/165 167/167/167
f  1883/1883/1883 168/168/168 170/170/170
f  1884/1884/1884 171/171/171 173/173/173
f  1885/1885/1885 174/174/174 176/176/176
f  1886/1886/1886 1887/1887/1887 1888/1888/1888
f  1889/1889/1889 1886/1886/1886 1888/1888/1888
f  1890/1890/1890 1891/1891/1891 1892/1892/1892
f  1893/1893/1893 1890/1890/1890 1892/1892/1892
f  1894/1894/1894 1895/1895/1895 1896/1896/1896
f  1897/1897/1897 1894/1894/1894 1896/1896/1896
f  1898/1898/1898 1899/1899/1899 1900/1900/1900
f  1901/1901/1901 1898/1898/1898 1900/1900/1900
f  1902/1902/1902 1903/1903/1903 1904/1904/1904
f  1905/1905/1905 1902/1902/1902 1904/1904/1904
f  1906/1906/1906 1907/1907/1907 1908/1908/1908
f  1909/1909/1909 1906/1906/1906 1908/1908/1908
f  1910/1910/1910 1911/1911/1911 1912/1912/1912
f  1913/1913/1913 1910/1910/1910 1912/1912/1912
f  1914/1914/1914 1915/1915/1915 1916/1916/1916
f  1917/1917/1917 1914/1914/1914 1916/1916/1916
f  1918/1918/1918 1919/1919/1919 1920/1920/1920
f  1921/1921/1921 1918/1918/1918 1920/1920/1920
f  1922/1922/1922 1923/1923/1923 1924/1924/1924
f  1925/1925/1925 1922/1922/1922 1924/1924/1924
f  1926/1926/1926 1927/1927/1927 1928/1928/1928
f  1929/1929/1929 1926/1926/1926 1928/1928/1928
f  1930/1930/1930 1931/1931/1931 1932/1932/1932
f  1933/1933/1933 1930/1930/1930 1932/1932/1932
f  1934/1934/1934 1935/1935/1935 1936/1936/1936
f  1937/1937/1937 1938/1938/1938 1939/1939/1939
f  1940/1940/1940 1941/1941/1941 1942/1942/1942
f  1943/1943/1943 1944/1944/1944 1945/1945/1945
f  1946/1946/1946 1947/1947/1947 1948/1948/1948
f  1949/1949/1949 1950/1950/1950 1951/1951/1951
f  1952/1952/1952 1953/1953/1953 1954/1954/1954
f  1955/1955/1955 1952/1952/1952 1954/1954/1954
f  1956/1956/1956 1957/1957/1957 1958/1958/1958
f  1959/1959/1959 1960/1960/1960 1961/1961/1961
f  1962/1962/1962 1963/1963/1963 1964/1964/1964
f  1965/1965/1965 1966/1966/1966 1967/1967/1967
f  1968/1968/1968 1969/1969/1969 1970/1970/1970
f  1971/1971/1971 1972/1972/1972 1973/1973/1973
f  1974/1974/1974 1971/1971/1971 1973/1973/1973
f  1975/1975/1975 1976/1976/1976 1977/1977/1977
f  1978/1978/1978 1975/1975/1975 1977/1977/1977
f  1979/1979/1979 1980/1980/1980 1981/1981/1981
f  1982/1982/1982 1983/1983/1983 1984/1984/1984
f  1985/1985/1985 1986/1986/1986 1987/1987/1987
f  1988/1988/1988 1989/1989/1989 1990/1990/1990
f  1991/1991/1991 1992/1992/1992 1993/1993/1993
f  1994/1994/1994 1995/1995/1995 1996/1996/1996
f  1997/1997/1997 1998/1998/1998 1999/1999/1999
f  2000/2000/2000 1997/1997/1997 1999/1999/1999
f  2001/2001/2001 2002/2002/2002 2003/2003/2003
f  2004/2004/2004 2005/2005/2005 2006/2006/2006
f  2007/2007/2007 2008/2008/2008 2009/2009/2009
f  2010/2010/2010 2011/2011/2011 2012/2012/2012
f  2013/2013/2013 2014/2014/2014 2015/2015/2015
f  2016/2016/2016 2017/2017/2017 2018/2018/2018
f  2019/2019/2019 2016/2016/2016 2018/2018/2018
f  2020/2020/2020 2021/2021/2021 2022/2022/2022
f  2023/2023/2023 2020/2020/2020 2022/2022/2022
f  2024/2024/2024 2025/2025/2025 2026/2026/2026
f  2027/2027/2027 2028/2028/2028 2029/2029/2029
f  2030/2030/2030 2027/2027/2027 2029/2029/2029
f  2031/2031/2031 2032/2032/2032 2033/2033/2033
f  2034/2034/2034 2035/2035/2035 2036/2036/2036
f  2037/2037/2037 2038/2038/2038 2039/2039/2039
f  178/178/178 2040/2040/2040 179/179/179
f  181/181/181 2041/2041/2041 182/182/182
f  2042/2042/2042 240/240/240 242/242/242
f  2043/2043/2043 2044/2044/2044 2045/2045/2045
f  2046/2046/2046 246/246/246 248/248/248
f  2047/2047/2047 2048/2048/2048 2049/2049/2049
f  2050/2050/2050 2051/2051/2051 2052/2052/2052
f  2053/2053/2053 326/326/326 328/328/328
f  2054/2054/2054 2055/2055/2055 2056/2056/2056
f  2057/2057/2057 2054/2054/2054 2056/2056/2056
f  2058/2058/2058 2059/2059/2059 2060/2060/2060
f  2061/2061/2061 2058/2058/2058 2060/2060/2060
f  2062/2062/2062 2063/2063/2063 2064/2064/2064
f  2065/2065/2065 358/358/358 360/360/360
f  2066/2066/2066 2067/2067/2067 2068/2068/2068
f  2069/2069/2069 2066/2066/2066 2068/2068/2068
f  2070/2070/2070 2071/2071/2071 2072/2072/2072
f  2073/2073/2073 2070/2070/2070 2072/2072/2072
f  2074/2074/2074 2075/2075/2075 2076/2076/2076
f  2077/2077/2077 2074/2074/2074 2076/2076/2076
f  2078/2078/2078 361/361/361 363/363/363
f  2079/2079/2079 364/364/364 366/366/366
f  2080/2080/2080 2081/2081/2081 2082/2082/2082
f  2083/2083/2083 2080/2080/2080 2082/2082/2082
f  2084/2084/2084 2085/2085/2085 2086/2086/2086
f  2087/2087/2087 2088/2088/2088 2089/2089/2089
f  2090/2090/2090 2087/2087/2087 2089/2089/2089
f  2091/2091/2091 2092/2092/2092 2093/2093/2093
f  2094/2094/2094 2091/2091/2091 2093/2093/2093
f  2095/2095/2095 2096/2096/2096 2097/2097/2097
f  2098/2098/2098 2095/2095/2095 2097/2097/2097
f  2099/2099/2099 2100/2100/2100 2101/2101/2101
f  2102/2102/2102 2099/2099/2099 2101/2101/2101
f  368/368/368 2103/2103/2103 369/369/369
f  2104/2104/2104 2105/2105/2105 2106/2106/2106
f  2107/2107/2107 2104/2104/2104 2106/2106/2106
f  371/371/371 2108/2108/2108 372/372/372
f  374/374/374 2109/2109/2109 375/375/375
f  2110/2110/2110 2111/2111/2111 2112/2112/2112
f  2113/2113/2113 2114/2114/2114 2115/2115/2115
f  2116/2116/2116 2113/2113/2113 2115/2115/2115
f  2117/2117/2117 2118/2118/2118 2119/2119/2119
f  2120/2120/2120 2117/2117/2117 2119/2119/2119
f  2121/2121/2121 2122/2122/2122 2123/2123/2123
f  2124/2124/2124 2121/2121/2121 2123/2123/2123
f  2125/2125/2125 2126/2126/2126 2127/2127/2127
f  2128/2128/2128 2125/2125/2125 2127/2127/2127
f  2129/2129/2129 2130/2130/2130 2131/2131/2131
f  2132/2132/2132 2129/2129/2129 2131/2131/2131
f  2133/2133/2133 2134/2134/2134 2135/2135/2135
f  2136/2136/2136 2133/2133/2133 2135/2135/2135
f  2137/2137/2137 2138/2138/2138 2139/2139/2139
f  2140/2140/2140 2137/2137/2137 2139/2139/2139
f  2141/2141/2141 2142/2142/2142 2143/2143/2143
f  2144/2144/2144 2145/2145/2145 2146/2146/2146
f  2147/2147/2147 2144/2144/2144 2146/2146/2146
f  2148/2148/2148 2149/2149/2149 2150/2150/2150
f  2151/2151/2151 2148/2148/2148 2150/2150/2150
f  2152/2152/2152 2153/2153/2153 2154/2154/2154
f  2155/2155/2155 2152/2152/2152 2154/2154/2154
f  2156/2156/2156 2157/2157/2157 2158/2158/2158
f  2159/2159/2159 2156/2156/2156 2158/2158/2158
f  2160/2160/2160 2161/2161/2161 2162/2162/2162
f  2163/2163/2163 2160/2160/2160 2162/2162/2162
f  2164/2164/2164 2165/2165/2165 2166/2166/2166
f  2167/2167/2167 2164/2164/2164 2166/2166/2166
f  2168/2168/2168 2169/2169/2169 2170/2170/2170
f  2171/2171/2171 2168/2168/2168 2170/2170/2170
f  2172/2172/2172 2173/2173/2173 2174/2174/2174
f  2175/2175/2175 2172/2172/2172 2174/2174/2174
f  2176/2176/2176 2177/2177/2177 2178/2178/2178
f  2179/2179/2179 2176/2176/2176 2178/2178/2178
f  2180/2180/2180 2181/2181/2181 2182/2182/2182
f  2183/2183/2183 2180/2180/2180 2182/2182/2182
f  2184/2184/2184 2185/2185/2185 2186/2186/2186
f  2187/2187/2187 2184/2184/2184 2186/2186/2186
f  2188/2188/2188 2189/2189/2189 2190/2190/2190
f  2191/2191/2191 2188/2188/2188 2190/2190/2190
f  2192/2192/2192 2193/2193/2193 2194/2194/2194
f  2195/2195/2195 2192/2192/2192 2194/2194/2194
f  2196/2196/2196 2197/2197/2197 2198/2198/2198
f  2199/2199/2199 2196/2196/2196 2198/2198/2198
f  2200/2200/2200 2201/2201/2201 2202/2202/2202
f  2203/2203/2203 2200/2200/2200 2202/2202/2202
f  2204/2204/2204 2205/2205/2205 2206/2206/2206
f  2207/2207/2207 2204/2204/2204 2206/2206/2206
f  2208/2208/2208 2209/2209/2209 2210/2210/2210
f  2211/2211/2211 2212/2212/2212 2213/2213/2213
f  2214/2214/2214 2215/2215/2215 2216/2216/2216
f  2217/2217/2217 2218/2218/2218 2219/2219/2219
f  2220/2220/2220 2217/2217/2217 2219/2219/2219
f  2221/2221/2221 2222/2222/2222 2223/2223/2223
f  2224/2224/2224 2221/2221/2221 2223/2223/2223
f  2225/2225/2225 2226/2226/2226 2227/2227/2227
f  2228/2228/2228 2225/2225/2225 2227/2227/2227
f  2229/2229/2229 2230/2230/2230 2231/2231/2231
f  2232/2232/2232 2229/2229/2229 2231/2231/2231
f  2233/2233/2233 2234/2234/2234 2235/2235/2235
f  2236/2236/2236 2233/2233/2233 2235/2235/2235
f  2237/2237/2237 2238/2238/2238 2239/2239/2239
f  2240/2240/2240 2237/2237/2237 2239/2239/2239
f  2241/2241/2241 2242/2242/2242 2243/2243/2243
f  2244/2244/2244 2241/2241/2241 2243/2243/2243
f  518/518/518 2245/2245/2245 519/519/519
f  2246/2246/2246 520/520/520 522/522/522
f  2247/2247/2247 2248/2248/2248 2249/2249/2249
f  2250/2250/2250 2247/2247/2247 2249/2249/2249
f  528/528/528 2251/2251/2251 529/529/529
f  2252/2252/2252 2253/2253/2253 2254/2254/2254
f  2255/2255/2255 2252/2252/2252 2254/2254/2254
f  2256/2256/2256 2257/2257/2257 2258/2258/2258
f  2259/2259/2259 2256/2256/2256 2258/2258/2258
f  2260/2260/2260 2261/2261/2261 2262/2262/2262
f  2263/2263/2263 2264/2264/2264 2265/2265/2265
f  2266/2266/2266 2263/2263/2263 2265/2265/2265
f  2267/2267/2267 2268/2268/2268 2269/2269/2269
f  2270/2270/2270 2267/2267/2267 2269/2269/2269
f  2271/2271/2271 2272/2272/2272 2273/2273/2273
f  2274/2274/2274 2271/2271/2271 2273/2273/2273
f  2275/2275/2275 2276/2276/2276 2277/2277/2277
f  2278/2278/2278 2275/2275/2275 2277/2277/2277
f  2279/2279/2279 2280/2280/2280 2281/2281/2281
f  2282/2282/2282 2279/2279/2279 2281/2281/2281
f  2283/2283/2283 2284/2284/2284 2285/2285/2285
f  2286/2286/2286 2283/2283/2283 2285/2285/2285
f  2287/2287/2287 2288/2288/2288 2289/2289/2289
f  2290/2290/2290 2287/2287/2287 2289/2289/2289
f  2291/2291/2291 2292/2292/2292 2293/2293/2293
f  2294/2294/2294 2291/2291/2291 2293/2293/2293
f  2295/2295/2295 2296/2296/2296 2297/2297/2297
f  2298/2298/2298 2295/2295/2295 2297/2297/2297
f  2299/2299/2299 2300/2300/2300 2301/2301/2301
f  2302/2302/2302 2299/2299/2299 2301/2301/2301
f  2303/2303/2303 2304/2304/2304 2305/2305/2305
f  2306/2306/2306 2303/2303/2303 2305/2305/2305
f  2307/2307/2307 2308/2308/2308 2309/2309/2309
f  2310/2310/2310 2307/2307/2307 2309/2309/2309
f  2311/2311/2311 2312/2312/2312 2313/2313/2313
f  2314/2314/2314 2311/2311/2311 2313/2313/2313
f  2315/2315/2315 2316/2316/2316 2317/2317/2317
f  2318/2318/2318 2315/2315/2315 2317/2317/2317
f  2319/2319/2319 2320/2320/2320 2321/2321/2321
f  2322/2322/2322 2319/2319/2319 2321/2321/2321
f  2323/2323/2323 2324/2324/2324 2325/2325/2325
f  2326/2326/2326 2323/2323/2323 2325/2325/2325
f  2327/2327/2327 2328/2328/2328 2329/2329/2329
f  2330/2330/2330 2327/2327/2327 2329/2329/2329
f  2331/2331/2331 2332/2332/2332 2333/2333/2333
f  2334/2334/2334 2331/2331/2331 2333/2333/2333
f  2335/2335/2335 2336/2336/2336 2337/2337/2337
f  2338/2338/2338 2335/2335/2335 2337/2337/2337
f  2339/2339/2339 917/917/917 919/919/919
f  921/921/921 2340/2340/2340 922/922/922
f  2341/2341/2341 2342/2342/2342 2343/2343/2343
f  2344/2344/2344 2341/2341/2341 2343/2343/2343
f  2345/2345/2345 2346/2346/2346 2347/2347/2347
f  2348/2348/2348 2345/2345/2345 2347/2347/2347
f  2349/2349/2349 2350/2350/2350 2351/2351/2351
f  2352/2352/2352 2349/2349/2349 2351/2351/2351
f  2353/2353/2353 2354/2354/2354 2355/2355/2355
f  2356/2356/2356 2353/2353/2353 2355/2355/2355
f  2357/2357/2357 2358/2358/2358 2359/2359/2359
f  2360/2360/2360 2357/2357/2357 2359/2359/2359
f  2361/2361/2361 2362/2362/2362 2363/2363/2363
f  2364/2364/2364 2361/2361/2361 2363/2363/2363
f  2365/2365/2365 2366/2366/2366 2367/2367/2367
f  2368/2368/2368 2365/2365/2365 2367/2367/2367
f  2369/2369/2369 2370/2370/2370 2371/2371/2371
f  2372/2372/2372 2369/2369/2369 2371/2371/2371
f  2373/2373/2373 2374/2374/2374 2375/2375/2375
f  2376/2376/2376 2373/2373/2373 2375/2375/2375
f  2377/2377/2377 2378/2378/2378 2379/2379/2379
f  2380/2380/2380 2377/2377/2377 2379/2379/2379
f  2381/2381/2381 2382/2382/2382 2383/2383/2383
f  2384/2384/2384 2381/2381/2381 2383/2383/2383
f  2385/2385/2385 2386/2386/2386 2387/2387/2387
f  2388/2388/2388 2385/2385/2385 2387/2387/2387
f  2389/2389/2389 2390/2390/2390 2391/2391/2391
f  2392/2392/2392 2389/2389/2389 2391/2391/2391
f  2393/2393/2393 2394/2394/2394 2395/2395/2395
f  2396/2396/2396 2393/2393/2393 2395/2395/2395
f  2397/2397/2397 2398/2398/2398 2399/2399/2399
f  2400/2400/2400 2397/2397/2397 2399/2399/2399
f  2401/2401/2401 2402/2402/2402 2403/2403/2403
f  2404/2404/2404 2401/2401/2401 2403/2403/2403
f  2405/2405/2405 2406/2406/2406 2407/2407/2407
f  2408/2408/2408 2409/2409/2409 2410/2410/2410
f  2411/2411/2411 2412/2412/2412 2413/2413/2413
f  2414/2414/2414 2415/2415/2415 2416/2416/2416
f  2417/2417/2417 2418/2418/2418 2419/2419/2419
f  2420/2420/2420 2421/2421/2421 2422/2422/2422
f  2423/2423/2423 2420/2420/2420 2422/2422/2422
f  2424/2424/2424 2425/2425/2425 2426/2426/2426
f  2427/2427/2427 2424/2424/2424 2426/2426/2426
f  2428/2428/2428 2429/2429/2429 2430/2430/2430
f  944/944/944 2431/2431/2431 945/945/945
f  2432/2432/2432 946/946/946 948/948/948
f  950/950/950 2433/2433/2433 951/951/951
f  953/953/953 2434/2434/2434 954/954/954
f  956/956/956 2435/2435/2435 957/957/957
f  2436/2436/2436 2437/2437/2437 2438/2438/2438
f  2439/2439/2439 2436/2436/2436 2438/2438/2438
f  2440/2440/2440 2441/2441/2441 2442/2442/2442
f  2443/2443/2443 2440/2440/2440 2442/2442/2442
f  2444/2444/2444 2445/2445/2445 2446/2446/2446
f  2447/2447/2447 2444/2444/2444 2446/2446/2446
f  2448/2448/2448 958/958/958 960/960/960
f  2449/2449/2449 2450/2450/2450 2451/2451/2451
f  2452/2452/2452 2449/2449/2449 2451/2451/2451
f  2453/2453/2453 2454/2454/2454 2455/2455/2455
f  2456/2456/2456 2453/2453/2453 2455/2455/2455
f  2457/2457/2457 2458/2458/2458 2459/2459/2459
f  2460/2460/2460 2457/2457/2457 2459/2459/2459
f  2461/2461/2461 2462/2462/2462 2463/2463/2463
f  2464/2464/2464 2461/2461/2461 2463/2463/2463
f  2465/2465/2465 2466/2466/2466 2467/2467/2467
f  2468/2468/2468 2465/2465/2465 2467/2467/2467
f  2469/2469/2469 2470/2470/2470 2471/2471/2471
f  2472/2472/2472 2469/2469/2469 2471/2471/2471
f  2473/2473/2473 2474/2474/2474 2475/2475/2475
f  2476/2476/2476 2473/2473/2473 2475/2475/2475
f  2477/2477/2477 2478/2478/2478 2479/2479/2479
f  2480/2480/2480 2477/2477/2477 2479/2479/2479
f  2481/2481/2481 2482/2482/2482 2483/2483/2483
f  2484/2484/2484 2481/2481/2481 2483/2483/2483
f  2485/2485/2485 2486/2486/2486 2487/2487/2487
f  2488/2488/2488 2485/2485/2485 2487/2487/2487
f  2489/2489/2489 2490/2490/2490 2491/2491/2491
f  2492/2492/2492 2489/2489/2489 2491/2491/2491
f  2493/2493/2493 2494/2494/2494 2495/2495/2495
f  2496/2496/2496 2493/2493/2493 2495/2495/2495
f  2497/2497/2497 2498/2498/2498 2499/2499/2499
f  2500/2500/2500 2497/2497/2497 2499/2499/2499
f  2501/2501/2501 2502/2502/2502 2503/2503/2503
f  2504/2504/2504 2501/2501/2501 2503/2503/2503
f  2505/2505/2505 2506/2506/2506 2507/2507/2507
f  2508/2508/2508 2505/2505/2505 2507/2507/2507
f  2509/2509/2509 2510/2510/2510 2511/2511/2511
f  2512/2512/2512 2509/2509/2509 2511/2511/2511
f  2513/2513/2513 2514/2514/2514 2515/2515/2515
f  2516/2516/2516 2513/2513/2513 2515/2515/2515
f  2517/2517/2517 2518/2518/2518 2519/2519/2519
f  2520/2520/2520 2517/2517/2517 2519/2519/2519
f  2521/2521/2521 2522/2522/2522 2523/2523/2523
f  2524/2524/2524 2521/2521/2521 2523/2523/2523
f  2525/2525/2525 2526/2526/2526 2527/2527/2527
f  2528/2528/2528 2525/2525/2525 2527/2527/2527
f  2529/2529/2529 2530/2530/2530 2531/2531/2531
f  2532/2532/2532 2529/2529/2529 2531/2531/2531
f  2533/2533/2533 2534/2534/2534 2535/2535/2535
f  2536/2536/2536 2533/2533/2533 2535/2535/2535
f  2537/2537/2537 2538/2538/2538 2539/2539/2539
f  2540/2540/2540 2537/2537/2537 2539/2539/2539
f  2541/2541/2541 2542/2542/2542 2543/2543/2543
f  2544/2544/2544 2541/2541/2541 2543/2543/2543
f  2545/2545/2545 2546/2546/2546 2547/2547/2547
f  2548/2548/2548 2545/2545/2545 2547/2547/2547
f  2549/2549/2549 2550/2550/2550 2551/2551/2551
f  2552/2552/2552 2549/2549/2549 2551/2551/2551
f  2553/2553/2553 2554/2554/2554 2555/2555/2555
f  2556/2556/2556 2553/2553/2553 2555/2555/2555
f  2557/2557/2557 2558/2558/2558 2559/2559/2559
f  2560/2560/2560 2557/2557/2557 2559/2559/2559
f  2561/2561/2561 2562/2562/2562 2563/2563/2563
f  2564/2564/2564 2561/2561/2561 2563/2563/2563
f  2565/2565/2565 2566/2566/2566 2567/2567/2567
f  2568/2568/2568 2565/2565/2565 2567/2567/2567
f  2569/2569/2569 2570/2570/2570 2571/2571/2571
f  2572/2572/2572 2569/2569/2569 2571/2571/2571
f  2573/2573/2573 2574/2574/2574 2575/2575/2575
f  2576/2576/2576 2577/2577/2577 2578/2578/2578
f  2579/2579/2579 2580/2580/2580 2581/2581/2581
f  2582/2582/2582 2583/2583/2583 2584/2584/2584
f  2585/2585/2585 2586/2586/2586 2587/2587/2587
f  2588/2588/2588 2589/2589/2589 2590/2590/2590
f  2591/2591/2591 2592/2592/2592 2593/2593/2593
f  2594/2594/2594 2595/2595/2595 2596/2596/2596
f  2597/2597/2597 2598/2598/2598 2599/2599/2599
f  2600/2600/2600 2597/2597/2597 2599/2599/2599
f  2601/2601/2601 2602/2602/2602 2603/2603/2603
f  2604/2604/2604 2605/2605/2605 2606/2606/2606
f  2607/2607/2607 2608/2608/2608 2609/2609/2609
f  2610/2610/2610 2611/2611/2611 2612/2612/2612
f  2613/2613/2613 2614/2614/2614 2615/2615/2615
f  2616/2616/2616 2613/2613/2613 2615/2615/2615
f  2617/2617/2617 2618/2618/2618 2619/2619/2619
f  2620/2620/2620 2617/2617/2617 2619/2619/2619
f  2621/2621/2621 2622/2622/2622 2623/2623/2623
f  2624/2624/2624 2625/2625/2625 2626/2626/2626
f  2627/2627/2627 2624/2624/2624 2626/2626/2626
f  2628/2628/2628 2629/2629/2629 2630/2630/2630
f  2631/2631/2631 2632/2632/2632 2633/2633/2633
f  2634/2634/2634 2631/2631/2631 2633/2633/2633
f  2635/2635/2635 2636/2636/2636 2637/2637/2637
f  2638/2638/2638 2635/2635/2635 2637/2637/2637
f  2639/2639/2639 2640/2640/2640 2641/2641/2641
f  2642/2642/2642 2639/2639/2639 2641/2641/2641
f  2643/2643/2643 2644/2644/2644 2645/2645/2645
f  2646/2646/2646 2643/2643/2643 2645/2645/2645
f  2647/2647/2647 2648/2648/2648 2649/2649/2649
f  2650/2650/2650 2647/2647/2647 2649/2649/2649
f  2651/2651/2651 2652/2652/2652 2653/2653/2653
f  2654/2654/2654 2655/2655/2655 2656/2656/2656
f  2657/2657/2657 2654/2654/2654 2656/2656/2656
f  2658/2658/2658 2659/2659/2659 2660/2660/2660
f  2661/2661/2661 2658/2658/2658 2660/2660/2660
f  2662/2662/2662 2663/2663/2663 2664/2664/2664
f  990/990/990 2665/2665/2665 991/991/991
f  2666/2666/2666 2667/2667/2667 2668/2668/2668
f  2669/2669/2669 2666/2666/2666 2668/2668/2668
f  2670/2670/2670 2671/2671/2671 2672/2672/2672
f  1145/1145/1145 2673/2673/2673 1146/1146/1146
f  1152/1152/1152 2674/2674/2674 1153/1153/1153
f  2675/2675/2675 2676/2676/2676 2677/2677/2677
f  2678/2678/2678 2679/2679/2679 2680/2680/2680
f  2681/2681/2681 2678/2678/2678 2680/2680/2680
f  1181/1181/1181 2682/2682/2682 1182/1182/1182
f  2683/2683/2683 2684/2684/2684 2685/2685/2685
f  2686/2686/2686 2683/2683/2683 2685/2685/2685
f  2687/2687/2687 1183/1183/1183 1185/1185/1185
f  2688/2688/2688 2689/2689/2689 2690/2690/2690
f  2691/2691/2691 2688/2688/2688 2690/2690/2690
f  2692/2692/2692 2693/2693/2693 2694/2694/2694
f  2695/2695/2695 2692/2692/2692 2694/2694/2694
f  2696/2696/2696 2697/2697/2697 2698/2698/2698
f  2699/2699/2699 2696/2696/2696 2698/2698/2698
f  2700/2700/2700 2701/2701/2701 2702/2702/2702
f  2703/2703/2703 2700/2700/2700 2702/2702/2702
f  2704/2704/2704 2705/2705/2705 2706/2706/2706
f  2707/2707/2707 2704/2704/2704 2706/2706/2706
f  2708/2708/2708 2709/2709/2709 2710/2710/2710
f  2711/2711/2711 2708/2708/2708 2710/2710/2710
f  2712/2712/2712 2713/2713/2713 2714/2714/2714
f  2715/2715/2715 2712/2712/2712 2714/2714/2714
f  2716/2716/2716 2717/2717/2717 2718/2718/2718
f  2719/2719/2719 2716/2716/2716 2718/2718/2718
f  2720/2720/2720 2721/2721/2721 2722/2722/2722
f  2723/2723/2723 2720/2720/2720 2722/2722/2722
f  2724/2724/2724 2725/2725/2725 2726/2726/2726
f  2727/2727/2727 2724/2724/2724 2726/2726/2726
f  2728/2728/2728 2729/2729/2729 2730/2730/2730
f  2731/2731/2731 2732/2732/2732 2733/2733/2733
f  2734/2734/2734 2735/2735/2735 2736/2736/2736
f  2737/2737/2737 2734/2734/2734 2736/2736/2736
f  2738/2738/2738 2739/2739/2739 2740/2740/2740
f  2741/2741/2741 2738/2738/2738 2740/2740/2740
f  2742/2742/2742 2743/2743/2743 2744/2744/2744
f  2745/2745/2745 2742/2742/2742 2744/2744/2744
f  2746/2746/2746 2747/2747/2747 2748/2748/2748
f  2749/2749/2749 2746/2746/2746 2748/2748/2748
f  2750/2750/2750 2751/2751/2751 2752/2752/2752
f  2753/2753/2753 2750/2750/2750 2752/2752/2752
f  2754/2754/2754 2755/2755/2755 2756/2756/2756
f  2757/2757/2757 2754/2754/2754 2756/2756/2756
f  2758/2758/2758 2759/2759/2759 2760/2760/2760
f  2761/2761/2761 2762/2762/2762 2763/2763/2763
f  2764/2764/2764 2761/2761/2761 2763/2763/2763
f  2765/2765/2765 2766/2766/2766 2767/2767/2767
f  2768/2768/2768 2765/2765/2765 2767/2767/2767
f  2769/2769/2769 2770/2770/2770 2771/2771/2771
f  2772/2772/2772 2769/2769/2769 2771/2771/2771
f  2773/2773/2773 2774/2774/2774 2775/2775/2775
f  2776/2776/2776 2773/2773/2773 2775/2775/2775
f  1195/1195/1195 2777/2777/2777 1196/1196/1196
f  2778/2778/2778 1197/1197/1197 1199/1199/1199
f  2779/2779/2779 2780/2780/2780 2781/2781/2781
f  2782/2782/2782 2779/2779/2779 2781/2781/2781
f  2783/2783/2783 2784/2784/2784 2785/2785/2785
f  2786/2786/2786 2783/2783/2783 2785/2785/2785
f  2787/2787/2787 2788/2788/2788 2789/2789/2789
f  2790/2790/2790 2787/2787/2787 2789/2789/2789
f  2791/2791/2791 2792/2792/2792 2793/2793/2793
f  2794/2794/2794 2791/2791/2791 2793/2793/2793
f  2795/2795/2795 2796/2796/2796 2797/2797/2797
f  2798/2798/2798 2795/2795/2795 2797/2797/2797
f  2799/2799/2799 2800/2800/2800 2801/2801/2801
f  2802/2802/2802 2799/2799/2799 2801/2801/2801
f  2803/2803/2803 2804/2804/2804 2805/2805/2805
f  2806/2806/2806 2803/2803/2803 2805/2805/2805
f  2807/2807/2807 2808/2808/2808 2809/2809/2809
f  2810/2810/2810 2807/2807/2807 2809/2809/2809
f  2811/2811/2811 1204/1204/1204 1206/1206/1206
f  2812/2812/2812 2813/2813/2813 2814/2814/2814
f  2815/2815/2815 2812/2812/2812 2814/2814/2814
f  2816/2816/2816 2817/2817/2817 2818/2818/2818
f  2819/2819/2819 2816/2816/2816 2818/2818/2818
f  2820/2820/2820 1210/1210/1210 1212/1212/1212
f  1214/1214/1214 2821/2821/2821 1215/1215/1215
f  2822/2822/2822 2823/2823/2823 2824/2824/2824
f  2825/2825/2825 2826/2826/2826 2827/2827/2827
f  2828/2828/2828 2829/2829/2829 2830/2830/2830
f  2831/2831/2831 2828/2828/2828 2830/2830/2830
f  2832/2832/2832 2833/2833/2833 2834/2834/2834
f  2835/2835/2835 2832/2832/2832 2834/2834/2834
f  2836/2836/2836 2837/2837/2837 2838/2838/2838
f  2839/2839/2839 2836/2836/2836 2838/2838/2838
f  2840/2840/2840 2841/2841/2841 2842/2842/2842
f  2843/2843/2843 2840/2840/2840 2842/2842/2842
f  2844/2844/2844 2845/2845/2845 2846/2846/2846
f  2847/2847/2847 2844/2844/2844 2846/2846/2846
f  2848/2848/2848 2849/2849/2849 2850/2850/2850
f  2851/2851/2851 2848/2848/2848 2850/2850/2850
f  2852/2852/2852 2853/2853/2853 2854/2854/2854
f  2855/2855/2855 2852/2852/2852 2854/2854/2854
f  1336/1336/1336 2856/2856/2856 1337/1337/1337
f  2857/2857/2857 2858/2858/2858 2859/2859/2859
f  2860/2860/2860 2857/2857/2857 2859/2859/2859
f  2861/2861/2861 1342/1342/1342 1344/1344/1344
f  2862/2862/2862 2863/2863/2863 2864/2864/2864
f  2865/2865/2865 2862/2862/2862 2864/2864/2864
f  2866/2866/2866 2867/2867/2867 2868/2868/2868
f  2869/2869/2869 2866/2866/2866 2868/2868/2868
f  2870/2870/2870 2871/2871/2871 2872/2872/2872
f  2873/2873/2873 2870/2870/2870 2872/2872/2872
f  2874/2874/2874 76/76/76 78/78/78
f  2875/2875/2875 79/79/79 81/81/81
f  2876/2876/2876 82/82/82 84/84/84
f  2877/2877/2877 85/85/85 87/87/87
f  2878/2878/2878 2879/2879/2879 2880/2880/2880
f  2881/2881/2881 2878/2878/2878 2880/2880/2880
f  2882/2882/2882 2883/2883/2883 2884/2884/2884
f  2885/2885/2885 2882/2882/2882 2884/2884/2884
f  2886/2886/2886 2887/2887/2887 2888/2888/2888
f  2889/2889/2889 2886/2886/2886 2888/2888/2888
f  2890/2890/2890 2891/2891/2891 2892/2892/2892
f  2893/2893/2893 2894/2894/2894 2895/2895/2895
f  2896/2896/2896 2897/2897/2897 2898/2898/2898
f  2899/2899/2899 2900/2900/2900 2901/2901/2901
f  2902/2902/2902 2899/2899/2899 2901/2901/2901
f  2903/2903/2903 2904/2904/2904 2905/2905/2905
f  2906/2906/2906 2903/2903/2903 2905/2905/2905
f  2907/2907/2907 2908/2908/2908 2909/2909/2909
f  2910/2910/2910 2907/2907/2907 2909/2909/2909
f  2911/2911/2911 2912/2912/2912 2913/2913/2913
f  2914/2914/2914 2911/2911/2911 2913/2913/2913
f  2915/2915/2915 2916/2916/2916 2917/2917/2917
f  2918/2918/2918 2915/2915/2915 2917/2917/2917
f  2919/2919/2919 2920/2920/2920 2921/2921/2921
f  2922/2922/2922 2923/2923/2923 2924/2924/2924
f  2925/2925/2925 2926/2926/2926 2927/2927/2927
f  2928/2928/2928 2929/2929/2929 2930/2930/2930
f  2931/2931/2931 2932/2932/2932 2933/2933/2933
f  2934/2934/2934 2931/2931/2931 2933/2933/2933
f  2935/2935/2935 2936/2936/2936 2937/2937/2937
f  2938/2938/2938 2939/2939/2939 2940/2940/2940
f  2941/2941/2941 2942/2942/2942 2943/2943/2943
f  2944/2944/2944 2945/2945/2945 2946/2946/2946
f  2947/2947/2947 2948/2948/2948 2949/2949/2949
f  2950/2950/2950 2951/2951/2951 2952/2952/2952
f  2953/2953/2953 2950/2950/2950 2952/2952/2952
f  2954/2954/2954 2955/2955/2955 2956/2956/2956
f  2957/2957/2957 2958/2958/2958 2959/2959/2959
f  2960/2960/2960 1772/1772/1772 1774/1774/1774
f  2961/2961/2961 1775/1775/1775 1777/1777/1777
f  2962/2962/2962 1793/1793/1793 1795/1795/1795
f  2963/2963/2963 2964/2964/2964 2965/2965/2965
f  2966/2966/2966 2967/2967/2967 2968/2968/2968
f  2969/2969/2969 2970/2970/2970 2971/2971/2971
f  2972/2972/2972 2969/2969/2969 2971/2971/2971
f  2973/2973/2973 2974/2974/2974 2975/2975/2975
f  2976/2976/2976 2977/2977/2977 2978/2978/2978
f  2979/2979/2979 2976/2976/2976 2978/2978/2978
f  2980/2980/2980 2981/2981/2981 2982/2982/2982
f  2983/2983/2983 2980/2980/2980 2982/2982/2982
f  1800/1800/1800 2984/2984/2984 1801/1801/1801
f  1803/1803/1803 2985/2985/2985 1804/1804/1804
f  1806/1806/1806 2986/2986/2986 1807/1807/1807
f  2987/2987/2987 2988/2988/2988 2989/2989/2989
f  2990/2990/2990 2987/2987/2987 2989/2989/2989
f  2991/2991/2991 2992/2992/2992 2993/2993/2993
f  2994/2994/2994 2991/2991/2991 2993/2993/2993
f  92/92/92 2995/2995/2995 93/93/93
f  95/95/95 2996/2996/2996 96/96/96
f  1812/1812/1812 2997/2997/2997 1813/1813/1813
f  107/107/107 2998/2998/2998 108/108/108
f  2999/2999/2999 1934/1934/1934 1936/1936/1936
f  3000/3000/3000 1937/1937/1937 1939/1939/1939
f  3001/3001/3001 1940/1940/1940 1942/1942/1942
f  3002/3002/3002 1943/1943/1943 1945/1945/1945
f  3003/3003/3003 1946/1946/1946 1948/1948/1948
f  3004/3004/3004 3005/3005/3005 3006/3006/3006
f  3007/3007/3007 3008/3008/3008 3009/3009/3009
f  3010/3010/3010 3007/3007/3007 3009/3009/3009
f  3011/3011/3011 1956/1956/1956 1958/1958/1958
f  1960/1960/1960 3012/3012/3012 1961/1961/1961
f  3013/3013/3013 3014/3014/3014 3015/3015/3015
f  3016/3016/3016 3013/3013/3013 3015/3015/3015
f  3017/3017/3017 3018/3018/3018 3019/3019/3019
f  3020/3020/3020 3017/3017/3017 3019/3019/3019
f  3021/3021/3021 1962/1962/1962 1964/1964/1964
f  1966/1966/1966 3022/3022/3022 1967/1967/1967
f  3023/3023/3023 3024/3024/3024 3025/3025/3025
f  1969/1969/1969 3026/3026/3026 1970/1970/1970
f  3027/3027/3027 3028/3028/3028 3029/3029/3029
f  3030/3030/3030 3031/3031/3031 3032/3032/3032
f  3033/3033/3033 3030/3030/3030 3032/3032/3032
f  3034/3034/3034 3035/3035/3035 3036/3036/3036
f  3037/3037/3037 3034/3034/3034 3036/3036/3036
f  3038/3038/3038 3039/3039/3039 3040/3040/3040
f  3041/3041/3041 3042/3042/3042 3043/3043/3043
f  3044/3044/3044 3045/3045/3045 3046/3046/3046
f  3047/3047/3047 3048/3048/3048 3049/3049/3049
f  3050/3050/3050 3047/3047/3047 3049/3049/3049
f  3051/3051/3051 3052/3052/3052 3053/3053/3053
f  3054/3054/3054 3051/3051/3051 3053/3053/3053
f  1980/1980/1980 3055/3055/3055 1981/1981/1981
f  3056/3056/3056 3057/3057/3057 3058/3058/3058
f  3059/3059/3059 3056/3056/3056 3058/3058/3058
f  3060/3060/3060 3061/3061/3061 3062/3062/3062
f  3063/3063/3063 3060/3060/3060 3062/3062/3062
f  3064/3064/3064 3065/3065/3065 3066/3066/3066
f  3067/3067/3067 3064/3064/3064 3066/3066/3066
f  3068/3068/3068 3069/3069/3069 3070/3070/3070
f  3071/3071/3071 3068/3068/3068 3070/3070/3070
f  3072/3072/3072 3073/3073/3073 3074/3074/3074
f  3075/3075/3075 3072/3072/3072 3074/3074/3074
f  3076/3076/3076 3077/3077/3077 3078/3078/3078
f  3079/3079/3079 3076/3076/3076 3078/3078/3078
f  3080/3080/3080 3081/3081/3081 3082/3082/3082
f  3083/3083/3083 3080/3080/3080 3082/3082/3082
f  1983/1983/1983 3084/3084/3084 1984/1984/1984
f  1986/1986/1986 3085/3085/3085 1987/1987/1987
f  1989/1989/1989 3086/3086/3086 1990/1990/1990
f  3087/3087/3087 3088/3088/3088 3089/3089/3089
f  3090/3090/3090 3091/3091/3091 3092/3092/3092
f  2002/2002/2002 3093/3093/3093 2003/2003/2003
f  3094/3094/3094 2004/2004/2004 2006/2006/2006
f  2008/2008/2008 3095/3095/3095 2009/2009/2009
f  2011/2011/2011 3096/3096/3096 2012/2012/2012
f  2014/2014/2014 3097/3097/3097 2015/2015/2015
f  3098/3098/3098 2024/2024/2024 2026/2026/2026
f  3099/3099/3099 3100/3100/3100 3101/3101/3101
f  3102/3102/3102 3099/3099/3099 3101/3101/3101
f  3103/3103/3103 3104/3104/3104 3105/3105/3105
f  3106/3106/3106 3107/3107/3107 3108/3108/3108
f  3109/3109/3109 2037/2037/2037 2039/2039/2039
f  3110/3110/3110 3111/3111/3111 3112/3112/3112
f  3113/3113/3113 3114/3114/3114 3115/3115/3115
f  3116/3116/3116 3117/3117/3117 3118/3118/3118
f  3119/3119/3119 3120/3120/3120 3121/3121/3121
f  3122/3122/3122 3119/3119/3119 3121/3121/3121
f  3123/3123/3123 3124/3124/3124 3125/3125/3125
f  3126/3126/3126 3127/3127/3127 3128/3128/3128
f  3129/3129/3129 3126/3126/3126 3128/3128/3128
f  3130/3130/3130 3131/3131/3131 3132/3132/3132
f  3133/3133/3133 3130/3130/3130 3132/3132/3132
f  2044/2044/2044 3134/3134/3134 2045/2045/2045
f  3135/3135/3135 3136/3136/3136 3137/3137/3137
f  3138/3138/3138 3139/3139/3139 3140/3140/3140
f  3141/3141/3141 3138/3138/3138 3140/3140/3140
f  2048/2048/2048 3142/3142/3142 2049/2049/2049
f  2051/2051/2051 3143/3143/3143 2052/2052/2052
f  3144/3144/3144 3145/3145/3145 3146/3146/3146
f  3147/3147/3147 3144/3144/3144 3146/3146/3146
f  3148/3148/3148 348/348/348 350/350/350
f  352/352/352 3149/3149/3149 353/353/353
f  3150/3150/3150 2084/2084/2084 2086/2086/2086
f  2111/2111/2111 3151/3151/3151 2112/2112/2112
f  3152/3152/3152 3153/3153/3153 3154/3154/3154
f  3155/3155/3155 3152/3152/3152 3154/3154/3154
f  3156/3156/3156 3157/3157/3157 3158/3158/3158
f  3159/3159/3159 3156/3156/3156 3158/3158/3158
f  3160/3160/3160 2208/2208/2208 2210/2210/2210
f  3161/3161/3161 2211/2211/2211 2213/2213/2213
f  3162/3162/3162 2214/2214/2214 2216/2216/2216
f  3163/3163/3163 3164/3164/3164 3165/3165/3165
f  3166/3166/3166 3163/3163/3163 3165/3165/3165
f  3167/3167/3167 3168/3168/3168 3169/3169/3169
f  3170/3170/3170 3167/3167/3167 3169/3169/3169
f  3171/3171/3171 3172/3172/3172 3173/3173/3173
f  3174/3174/3174 3175/3175/3175 3176/3176/3176
f  3177/3177/3177 434/434/434 436/436/436
f  3178/3178/3178 445/445/445 447/447/447
f  449/449/449 3179/3179/3179 450/450/450
f  3180/3180/3180 3181/3181/3181 3182/3182/3182
f  3183/3183/3183 3180/3180/3180 3182/3182/3182
f  3184/3184/3184 3185/3185/3185 3186/3186/3186
f  3187/3187/3187 3184/3184/3184 3186/3186/3186
f  3188/3188/3188 3189/3189/3189 3190/3190/3190
f  3191/3191/3191 3188/3188/3188 3190/3190/3190
f  3192/3192/3192 3193/3193/3193 3194/3194/3194
f  3195/3195/3195 3192/3192/3192 3194/3194/3194
f  3196/3196/3196 3197/3197/3197 3198/3198/3198
f  3199/3199/3199 3196/3196/3196 3198/3198/3198
f  3200/3200/3200 3201/3201/3201 3202/3202/3202
f  3203/3203/3203 3200/3200/3200 3202/3202/3202
f  3204/3204/3204 3205/3205/3205 3206/3206/3206
f  3207/3207/3207 3204/3204/3204 3206/3206/3206
f  3208/3208/3208 3209/3209/3209 3210/3210/3210
f  3211/3211/3211 3208/3208/3208 3210/3210/3210
f  3212/3212/3212 3213/3213/3213 3214/3214/3214
f  3215/3215/3215 3212/3212/3212 3214/3214/3214
f  3216/3216/3216 3217/3217/3217 3218/3218/3218
f  3219/3219/3219 3216/3216/3216 3218/3218/3218
f  3220/3220/3220 3221/3221/3221 3222/3222/3222
f  3223/3223/3223 3224/3224/3224 3225/3225/3225
f  3226/3226/3226 3223/3223/3223 3225/3225/3225
f  3227/3227/3227 3228/3228/3228 3229/3229/3229
f  3230/3230/3230 2260/2260/2260 2262/2262/2262
f  3231/3231/3231 3232/3232/3232 3233/3233/3233
f  3234/3234/3234 3231/3231/3231 3233/3233/3233
f  3235/3235/3235 3236/3236/3236 3237/3237/3237
f  3238/3238/3238 3235/3235/3235 3237/3237/3237
f  3239/3239/3239 3240/3240/3240 3241/3241/3241
f  3242/3242/3242 3239/3239/3239 3241/3241/3241
f  3243/3243/3243 3244/3244/3244 3245/3245/3245
f  3246/3246/3246 3243/3243/3243 3245/3245/3245
f  3247/3247/3247 3248/3248/3248 3249/3249/3249
f  3250/3250/3250 3251/3251/3251 3252/3252/3252
f  3253/3253/3253 3254/3254/3254 3255/3255/3255
f  3256/3256/3256 3257/3257/3257 3258/3258/3258
f  3259/3259/3259 3256/3256/3256 3258/3258/3258
f  3260/3260/3260 3261/3261/3261 3262/3262/3262
f  3263/3263/3263 3260/3260/3260 3262/3262/3262
f  3264/3264/3264 3265/3265/3265 3266/3266/3266
f  3267/3267/3267 3264/3264/3264 3266/3266/3266
f  3268/3268/3268 3269/3269/3269 3270/3270/3270
f  3271/3271/3271 3268/3268/3268 3270/3270/3270
f  3272/3272/3272 3273/3273/3273 3274/3274/3274
f  3275/3275/3275 3276/3276/3276 3277/3277/3277
f  3278/3278/3278 3279/3279/3279 3280/3280/3280
f  3281/3281/3281 3278/3278/3278 3280/3280/3280
f  3282/3282/3282 3283/3283/3283 3284/3284/3284
f  3285/3285/3285 3286/3286/3286 3287/3287/3287
f  3288/3288/3288 3285/3285/3285 3287/3287/3287
f  3289/3289/3289 3290/3290/3290 3291/3291/3291
f  3292/3292/3292 3289/3289/3289 3291/3291/3291
f  3293/3293/3293 3294/3294/3294 3295/3295/3295
f  3296/3296/3296 3293/3293/3293 3295/3295/3295
f  3297/3297/3297 3298/3298/3298 3299/3299/3299
f  3300/3300/3300 3297/3297/3297 3299/3299/3299
f  3301/3301/3301 3302/3302/3302 3303/3303/3303
f  3304/3304/3304 3305/3305/3305 3306/3306/3306
f  3307/3307/3307 3308/3308/3308 3309/3309/3309
f  3310/3310/3310 3311/3311/3311 3312/3312/3312
f  3313/3313/3313 3310/3310/3310 3312/3312/3312
f  3314/3314/3314 2408/2408/2408 2410/2410/2410
f  3315/3315/3315 2411/2411/2411 2413/2413/2413
f  3316/3316/3316 3317/3317/3317 3318/3318/3318
f  3319/3319/3319 3316/3316/3316 3318/3318/3318
f  3320/3320/3320 3321/3321/3321 3322/3322/3322
f  3323/3323/3323 3324/3324/3324 3325/3325/3325
f  3326/3326/3326 3323/3323/3323 3325/3325/3325
f  3327/3327/3327 3328/3328/3328 3329/3329/3329
f  3330/3330/3330 3331/3331/3331 3332/3332/3332
f  3333/3333/3333 3330/3330/3330 3332/3332/3332
f  3334/3334/3334 3335/3335/3335 3336/3336/3336
f  3337/3337/3337 3334/3334/3334 3336/3336/3336
f  3338/3338/3338 3339/3339/3339 3340/3340/3340
f  3341/3341/3341 3338/3338/3338 3340/3340/3340
f  3342/3342/3342 3343/3343/3343 3344/3344/3344
f  3345/3345/3345 3342/3342/3342 3344/3344/3344
f  3346/3346/3346 3347/3347/3347 3348/3348/3348
f  3349/3349/3349 3346/3346/3346 3348/3348/3348
f  3350/3350/3350 3351/3351/3351 3352/3352/3352
f  3353/3353/3353 3350/3350/3350 3352/3352/3352
f  3354/3354/3354 3355/3355/3355 3356/3356/3356
f  3357/3357/3357 3354/3354/3354 3356/3356/3356
f  3358/3358/3358 3359/3359/3359 3360/3360/3360
f  3361/3361/3361 3358/3358/3358 3360/3360/3360
f  3362/3362/3362 3363/3363/3363 3364/3364/3364
f  3365/3365/3365 3362/3362/3362 3364/3364/3364
f  3366/3366/3366 2417/2417/2417 2419/2419/2419
f  2429/2429/2429 3367/3367/3367 2430/2430/2430
f  3368/3368/3368 3369/3369/3369 3370/3370/3370
f  3371/3371/3371 3368/3368/3368 3370/3370/3370
f  3372/3372/3372 3373/3373/3373 3374/3374/3374
f  3375/3375/3375 2573/2573/2573 2575/2575/2575
f  2580/2580/2580 3376/3376/3376 2581/2581/2581
f  3377/3377/3377 3378/3378/3378 3379/3379/3379
f  3380/3380/3380 3377/3377/3377 3379/3379/3379
f  2583/2583/2583 3381/3381/3381 2584/2584/2584
f  3382/3382/3382 3383/3383/3383 3384/3384/3384
f  2586/2586/2586 3385/3385/3385 2587/2587/2587
f  3386/3386/3386 3387/3387/3387 3388/3388/3388
f  3389/3389/3389 3390/3390/3390 3391/3391/3391
f  3392/3392/3392 3389/3389/3389 3391/3391/3391
f  3393/3393/3393 3394/3394/3394 3395/3395/3395
f  3396/3396/3396 3397/3397/3397 3398/3398/3398
f  3399/3399/3399 2591/2591/2591 2593/2593/2593
f  3400/3400/3400 3401/3401/3401 3402/3402/3402
f  3403/3403/3403 3400/3400/3400 3402/3402/3402
f  3404/3404/3404 3405/3405/3405 3406/3406/3406
f  3407/3407/3407 3404/3404/3404 3406/3406/3406
f  3408/3408/3408 3409/3409/3409 3410/3410/3410
f  3411/3411/3411 2594/2594/2594 2596/2596/2596
f  3412/3412/3412 3413/3413/3413 3414/3414/3414
f  3415/3415/3415 3412/3412/3412 3414/3414/3414
f  3416/3416/3416 3417/3417/3417 3418/3418/3418
f  3419/3419/3419 3416/3416/3416 3418/3418/3418
f  3420/3420/3420 3421/3421/3421 3422/3422/3422
f  3423/3423/3423 3420/3420/3420 3422/3422/3422
f  2602/2602/2602 3424/3424/3424 2603/2603/2603
f  3425/3425/3425 3426/3426/3426 3427/3427/3427
f  3428/3428/3428 3425/3425/3425 3427/3427/3427
f  3429/3429/3429 3430/3430/3430 3431/3431/3431
f  3432/3432/3432 3429/3429/3429 3431/3431/3431
f  3433/3433/3433 3434/3434/3434 3435/3435/3435
f  3436/3436/3436 3433/3433/3433 3435/3435/3435
f  3437/3437/3437 3438/3438/3438 3439/3439/3439
f  3440/3440/3440 3437/3437/3437 3439/3439/3439
f  3441/3441/3441 3442/3442/3442 3443/3443/3443
f  3444/3444/3444 3441/3441/3441 3443/3443/3443
f  3445/3445/3445 3446/3446/3446 3447/3447/3447
f  3448/3448/3448 3445/3445/3445 3447/3447/3447
f  3449/3449/3449 3450/3450/3450 3451/3451/3451
f  3452/3452/3452 3449/3449/3449 3451/3451/3451
f  2605/2605/2605 3453/3453/3453 2606/2606/2606
f  3454/3454/3454 3455/3455/3455 3456/3456/3456
f  3457/3457/3457 3454/3454/3454 3456/3456/3456
f  3458/3458/3458 3459/3459/3459 3460/3460/3460
f  3461/3461/3461 3458/3458/3458 3460/3460/3460
f  3462/3462/3462 3463/3463/3463 3464/3464/3464
f  3465/3465/3465 3466/3466/3466 3467/3467/3467
f  3468/3468/3468 2621/2621/2621 2623/2623/2623
f  3469/3469/3469 3470/3470/3470 3471/3471/3471
f  3472/3472/3472 3469/3469/3469 3471/3471/3471
f  2629/2629/2629 3473/3473/3473 2630/2630/2630
f  2652/2652/2652 3474/3474/3474 2653/2653/2653
f  3475/3475/3475 3476/3476/3476 3477/3477/3477
f  3478/3478/3478 2662/2662/2662 2664/2664/2664
f  3479/3479/3479 3480/3480/3480 3481/3481/3481
f  3482/3482/3482 3483/3483/3483 3484/3484/3484
f  3485/3485/3485 3482/3482/3482 3484/3484/3484
f  3486/3486/3486 3487/3487/3487 3488/3488/3488
f  3489/3489/3489 3486/3486/3486 3488/3488/3488
f  3490/3490/3490 3491/3491/3491 3492/3492/3492
f  3493/3493/3493 3490/3490/3490 3492/3492/3492
f  3494/3494/3494 3495/3495/3495 3496/3496/3496
f  3497/3497/3497 3494/3494/3494 3496/3496/3496
f  3498/3498/3498 1049/1049/1049 1051/1051/1051
f  3499/3499/3499 3500/3500/3500 3501/3501/3501
f  3502/3502/3502 3503/3503/3503 3504/3504/3504
f  3505/3505/3505 3502/3502/3502 3504/3504/3504
f  2671/2671/2671 3506/3506/3506 2672/2672/2672
f  3507/3507/3507 3508/3508/3508 3509/3509/3509
f  3510/3510/3510 3507/3507/3507 3509/3509/3509
f  3511/3511/3511 3512/3512/3512 3513/3513/3513
f  3514/3514/3514 3511/3511/3511 3513/3513/3513
f  1170/1170/1170 3515/3515/3515 1171/1171/1171
f  2729/2729/2729 3516/3516/3516 2730/2730/2730
f  3517/3517/3517 2731/2731/2731 2733/2733/2733
f  3518/3518/3518 3519/3519/3519 3520/3520/3520
f  3521/3521/3521 3518/3518/3518 3520/3520/3520
f  3522/3522/3522 3523/3523/3523 3524/3524/3524
f  3525/3525/3525 3522/3522/3522 3524/3524/3524
f  3526/3526/3526 3527/3527/3527 3528/3528/3528
f  3529/3529/3529 3526/3526/3526 3528/3528/3528
f  3530/3530/3530 3531/3531/3531 3532/3532/3532
f  3533/3533/3533 3530/3530/3530 3532/3532/3532
f  3534/3534/3534 3535/3535/3535 3536/3536/3536
f  3537/3537/3537 3534/3534/3534 3536/3536/3536
f  2823/2823/2823 3538/3538/3538 2824/2824/2824
f  2826/2826/2826 3539/3539/3539 2827/2827/2827
f  3540/3540/3540 3541/3541/3541 3542/3542/3542
f  3543/3543/3543 3544/3544/3544 3545/3545/3545
f  1268/1268/1268 3546/3546/3546 1269/1269/1269
f  3547/3547/3547 1321/1321/1321 1323/1323/1323
f  3548/3548/3548 3549/3549/3549 3550/3550/3550
f  3551/3551/3551 3548/3548/3548 3550/3550/3550
f  3552/3552/3552 3553/3553/3553 3554/3554/3554
f  3555/3555/3555 3552/3552/3552 3554/3554/3554
f  3556/3556/3556 3557/3557/3557 3558/3558/3558
f  3559/3559/3559 3556/3556/3556 3558/3558/3558
f  3560/3560/3560 3561/3561/3561 3562/3562/3562
f  3563/3563/3563 3564/3564/3564 3565/3565/3565
f  3566/3566/3566 3567/3567/3567 3568/3568/3568
f  3569/3569/3569 3566/3566/3566 3568/3568/3568
f  3570/3570/3570 3571/3571/3571 3572/3572/3572
f  3573/3573/3573 3574/3574/3574 3575/3575/3575
f  3576/3576/3576 3577/3577/3577 3578/3578/3578
f  3579/3579/3579 3576/3576/3576 3578/3578/3578
f  3580/3580/3580 3581/3581/3581 3582/3582/3582
f  3583/3583/3583 3584/3584/3584 3585/3585/3585
f  3586/3586/3586 3587/3587/3587 3588/3588/3588
f  3589/3589/3589 3586/3586/3586 3588/3588/3588
f  3590/3590/3590 3591/3591/3591 3592/3592/3592
f  3593/3593/3593 3594/3594/3594 3595/3595/3595
f  3596/3596/3596 3597/3597/3597 3598/3598/3598
f  3599/3599/3599 3600/3600/3600 3601/3601/3601
f  3602/3602/3602 3603/3603/3603 3604/3604/3604
f  3605/3605/3605 3602/3602/3602 3604/3604/3604
f  3606/3606/3606 3607/3607/3607 3608/3608/3608
f  3609/3609/3609 3606/3606/3606 3608/3608/3608
f  3610/3610/3610 3611/3611/3611 3612/3612/3612
f  3613/3613/3613 3614/3614/3614 3615/3615/3615
f  3616/3616/3616 3613/3613/3613 3615/3615/3615
f  3617/3617/3617 88/88/88 90/90/90
f  3618/3618/3618 1721/1721/1721 1723/1723/1723
f  3619/3619/3619 3620/3620/3620 3621/3621/3621
f  3622/3622/3622 3619/3619/3619 3621/3621/3621
f  3623/3623/3623 3624/3624/3624 3625/3625/3625
f  3626/3626/3626 3623/3623/3623 3625/3625/3625
f  3627/3627/3627 3628/3628/3628 3629/3629/3629
f  3630/3630/3630 3627/3627/3627 3629/3629/3629
f  3631/3631/3631 3632/3632/3632 3633/3633/3633
f  3634/3634/3634 3631/3631/3631 3633/3633/3633
f  2894/2894/2894 3635/3635/3635 2895/2895/2895
f  2897/2897/2897 3636/3636/3636 2898/2898/2898
f  3637/3637/3637 3638/3638/3638 3639/3639/3639
f  3640/3640/3640 3641/3641/3641 3642/3642/3642
f  3643/3643/3643 3640/3640/3640 3642/3642/3642
f  3644/3644/3644 3645/3645/3645 3646/3646/3646
f  3647/3647/3647 3644/3644/3644 3646/3646/3646
f  3648/3648/3648 2922/2922/2922 2924/2924/2924
f  3649/3649/3649 2925/2925/2925 2927/2927/2927
f  3650/3650/3650 2928/2928/2928 2930/2930/2930
f  3651/3651/3651 2935/2935/2935 2937/2937/2937
f  2939/2939/2939 3652/3652/3652 2940/2940/2940
f  2942/2942/2942 3653/3653/3653 2943/2943/2943
f  2945/2945/2945 3654/3654/3654 2946/2946/2946
f  2948/2948/2948 3655/3655/3655 2949/2949/2949
f  2955/2955/2955 3656/3656/3656 2956/2956/2956
f  2958/2958/2958 3657/3657/3657 2959/2959/2959
f  3658/3658/3658 2963/2963/2963 2965/2965/2965
f  2967/2967/2967 3659/3659/3659 2968/2968/2968
f  3660/3660/3660 3661/3661/3661 3662/3662/3662
f  3663/3663/3663 3660/3660/3660 3662/3662/3662
f  3664/3664/3664 3665/3665/3665 3666/3666/3666
f  3667/3667/3667 3664/3664/3664 3666/3666/3666
f  3024/3024/3024 3668/3668/3668 3025/3025/3025
f  3028/3028/3028 3669/3669/3669 3029/3029/3029
f  3042/3042/3042 3670/3670/3670 3043/3043/3043
f  3045/3045/3045 3671/3671/3671 3046/3046/3046
f  3672/3672/3672 2031/2031/2031 2033/2033/2033
f  3673/3673/3673 2034/2034/2034 2036/2036/2036
f  3674/3674/3674 3103/3103/3103 3105/3105/3105
f  3675/3675/3675 3676/3676/3676 3677/3677/3677
f  3678/3678/3678 3675/3675/3675 3677/3677/3677
f  3107/3107/3107 3679/3679/3679 3108/3108/3108
f  3680/3680/3680 3681/3681/3681 3682/3682/3682
f  3683/3683/3683 3680/3680/3680 3682/3682/3682
f  3111/3111/3111 3684/3684/3684 3112/3112/3112
f  3114/3114/3114 3685/3685/3685 3115/3115/3115
f  3686/3686/3686 3116/3116/3116 3118/3118/3118
f  3687/3687/3687 3688/3688/3688 3689/3689/3689
f  3690/3690/3690 3123/3123/3123 3125/3125/3125
f  3691/3691/3691 3692/3692/3692 3693/3693/3693
f  3694/3694/3694 3691/3691/3691 3693/3693/3693
f  3695/3695/3695 3696/3696/3696 3697/3697/3697
f  3698/3698/3698 3699/3699/3699 3700/3700/3700
f  3701/3701/3701 3698/3698/3698 3700/3700/3700
f  3702/3702/3702 3703/3703/3703 3704/3704/3704
f  3705/3705/3705 3702/3702/3702 3704/3704/3704
f  3706/3706/3706 3707/3707/3707 3708/3708/3708
f  3709/3709/3709 3710/3710/3710 3711/3711/3711
f  3712/3712/3712 3709/3709/3709 3711/3711/3711
f  3713/3713/3713 3714/3714/3714 3715/3715/3715
f  3716/3716/3716 3713/3713/3713 3715/3715/3715
f  3717/3717/3717 3718/3718/3718 3719/3719/3719
f  3720/3720/3720 3717/3717/3717 3719/3719/3719
f  3221/3221/3221 3721/3721/3721 3222/3222/3222
f  3722/3722/3722 3723/3723/3723 3724/3724/3724
f  3725/3725/3725 3722/3722/3722 3724/3724/3724
f  3726/3726/3726 3727/3727/3727 3728/3728/3728
f  3729/3729/3729 3726/3726/3726 3728/3728/3728
f  3730/3730/3730 3731/3731/3731 3732/3732/3732
f  3733/3733/3733 3730/3730/3730 3732/3732/3732
f  3734/3734/3734 3735/3735/3735 3736/3736/3736
f  3737/3737/3737 3734/3734/3734 3736/3736/3736
f  3228/3228/3228 3738/3738/3738 3229/3229/3229
f  3739/3739/3739 3740/3740/3740 3741/3741/3741
f  3742/3742/3742 3739/3739/3739 3741/3741/3741
f  3743/3743/3743 3744/3744/3744 3745/3745/3745
f  3746/3746/3746 3743/3743/3743 3745/3745/3745
f  3251/3251/3251 3747/3747/3747 3252/3252/3252
f  3748/3748/3748 3749/3749/3749 3750/3750/3750
f  3751/3751/3751 3748/3748/3748 3750/3750/3750
f  3752/3752/3752 3753/3753/3753 3754/3754/3754
f  3755/3755/3755 3752/3752/3752 3754/3754/3754
f  3756/3756/3756 3757/3757/3757 3758/3758/3758
f  3759/3759/3759 3756/3756/3756 3758/3758/3758
f  3760/3760/3760 3761/3761/3761 3762/3762/3762
f  3763/3763/3763 3760/3760/3760 3762/3762/3762
f  3764/3764/3764 3253/3253/3253 3255/3255/3255
f  3765/3765/3765 3766/3766/3766 3767/3767/3767
f  3276/3276/3276 3768/3768/3768 3277/3277/3277
f  3769/3769/3769 3282/3282/3282 3284/3284/3284
f  3302/3302/3302 3770/3770/3770 3303/3303/3303
f  3305/3305/3305 3771/3771/3771 3306/3306/3306
f  3772/3772/3772 3773/3773/3773 3774/3774/3774
f  3775/3775/3775 3772/3772/3772 3774/3774/3774
f  3776/3776/3776 3777/3777/3777 3778/3778/3778
f  3779/3779/3779 3776/3776/3776 3778/3778/3778
f  3780/3780/3780 3307/3307/3307 3309/3309/3309
f  3781/3781/3781 3782/3782/3782 3783/3783/3783
f  3784/3784/3784 3781/3781/3781 3783/3783/3783
f  3321/3321/3321 3785/3785/3785 3322/3322/3322
f  3786/3786/3786 3382/3382/3382 3384/3384/3384
f  3387/3387/3387 3787/3787/3787 3388/3388/3388
f  3788/3788/3788 2588/2588/2588 2590/2590/2590
f  3789/3789/3789 3790/3790/3790 3791/3791/3791
f  3792/3792/3792 3789/3789/3789 3791/3791/3791
f  3394/3394/3394 3793/3793/3793 3395/3395/3395
f  3794/3794/3794 3396/3396/3396 3398/3398/3398
f  3795/3795/3795 3796/3796/3796 3797/3797/3797
f  3798/3798/3798 3795/3795/3795 3797/3797/3797
f  3799/3799/3799 3475/3475/3475 3477/3477/3477
f  3800/3800/3800 3801/3801/3801 3802/3802/3802
f  3803/3803/3803 3800/3800/3800 3802/3802/3802
f  3804/3804/3804 3805/3805/3805 3806/3806/3806
f  3807/3807/3807 3804/3804/3804 3806/3806/3806
f  3808/3808/3808 3809/3809/3809 3810/3810/3810
f  3811/3811/3811 3808/3808/3808 3810/3810/3810
f  3812/3812/3812 3813/3813/3813 3814/3814/3814
f  3815/3815/3815 3812/3812/3812 3814/3814/3814
f  3816/3816/3816 3817/3817/3817 3818/3818/3818
f  3819/3819/3819 3816/3816/3816 3818/3818/3818
f  3820/3820/3820 3479/3479/3479 3481/3481/3481
f  3821/3821/3821 3822/3822/3822 3823/3823/3823
f  3824/3824/3824 3825/3825/3825 3826/3826/3826
f  3827/3827/3827 3824/3824/3824 3826/3826/3826
f  3828/3828/3828 3829/3829/3829 3830/3830/3830
f  3831/3831/3831 3832/3832/3832 3833/3833/3833
f  3834/3834/3834 3831/3831/3831 3833/3833/3833
f  3835/3835/3835 3836/3836/3836 3837/3837/3837
f  3838/3838/3838 3835/3835/3835 3837/3837/3837
f  3839/3839/3839 3840/3840/3840 3841/3841/3841
f  3842/3842/3842 3560/3560/3560 3562/3562/3562
f  3564/3564/3564 3843/3843/3843 3565/3565/3565
f  3844/3844/3844 3570/3570/3570 3572/3572/3572
f  3574/3574/3574 3845/3845/3845 3575/3575/3575
f  3846/3846/3846 3580/3580/3580 3582/3582/3582
f  3584/3584/3584 3847/3847/3847 3585/3585/3585
f  3848/3848/3848 3590/3590/3590 3592/3592/3592
f  3594/3594/3594 3849/3849/3849 3595/3595/3595
f  3850/3850/3850 3851/3851/3851 3852/3852/3852
f  3853/3853/3853 3850/3850/3850 3852/3852/3852
f  3854/3854/3854 3855/3855/3855 3856/3856/3856
f  3857/3857/3857 3854/3854/3854 3856/3856/3856
f  3597/3597/3597 3858/3858/3858 3598/3598/3598
f  3859/3859/3859 3599/3599/3599 3601/3601/3601
f  3611/3611/3611 3860/3860/3860 3612/3612/3612

g
